InventoryItemID,ProductID,LocationID,PurchaseID,Quantity,ExpirationDate,AddedAt,LotNumber
,193,87,1,3,12/25/2027,1/2/2026 5:14,LOT-395-C2132
,131,88,2,6,1/1/2027,2/14/2026 11:31,LOT-867-A3220
,78,71,3,1.97,3/18/2026,1/24/2026 18:57,LOT-523-A1398
,374,22,4,2,3/20/2026,2/17/2026 18:39,LOT-722-B5136
,190,47,5,6,11/2/2026,3/25/2026 23:57,LOT-602-D6456
,19,10,6,5,11/6/2026,1/26/2026 14:32,LOT-454-B1074
,292,104,7,4.71,8/4/2027,3/18/2026 8:49,LOT-330-D9455
,111,60,8,5,1/20/2028,1/28/2026 13:28,LOT-218-D1363
,340,74,9,1,4/23/2026,1/26/2026 20:53,LOT-128-C9969
,197,59,10,337.6,3/17/2027,3/3/2026 10:43,LOT-607-D2456
,372,61,11,5,5/10/2027,2/15/2026 12:54,LOT-726-D8588
,83,76,12,1.56,9/17/2027,4/4/2026 7:21,LOT-105-A7980
,394,74,13,5,4/14/2027,3/22/2026 7:46,LOT-614-C6156
,480,111,14,6,4/7/2027,2/24/2026 15:58,LOT-163-B1542
,461,38,15,7,9/22/2027,1/30/2026 19:45,LOT-189-D4254
,33,77,16,4,10/3/2026,4/4/2026 22:17,LOT-806-B6300
,494,73,17,2,6/27/2026,3/10/2026 17:05,LOT-241-A4687
,482,16,18,3,3/18/2026,3/14/2026 9:52,LOT-590-B9921
,206,55,19,8,3/24/2027,2/8/2026 10:38,LOT-772-C2386
,251,59,20,1,6/13/2026,1/12/2026 10:46,LOT-370-C5056
,155,76,21,9,8/17/2026,4/2/2026 0:21,LOT-697-A7339
,114,86,22,4,12/24/2026,2/17/2026 2:35,LOT-989-A4925
,87,8,23,7,8/13/2027,1/3/2026 19:13,LOT-901-A8495
,341,6,24,1,8/3/2026,1/15/2026 17:04,LOT-181-C2076
,453,110,25,3,3/18/2026,2/26/2026 19:29,LOT-985-C6735
,469,20,26,10,8/25/2027,3/19/2026 13:54,LOT-103-B3620
,117,32,27,8,4/27/2026,2/28/2026 0:33,LOT-667-B4078
,387,59,28,9,1/14/2028,4/1/2026 16:40,LOT-200-D4669
,392,23,29,10,5/25/2026,1/4/2026 23:22,LOT-792-C7806
,350,109,30,4,9/13/2026,2/22/2026 2:51,LOT-240-C4493
,234,109,31,3,7/4/2027,1/15/2026 5:06,LOT-866-D6879
,125,110,32,6,10/29/2026,1/3/2026 6:20,LOT-884-B1305
,55,65,33,5,9/18/2026,2/9/2026 12:33,LOT-911-B8660
,56,30,34,2,3/2/2027,3/29/2026 15:54,LOT-309-D1142
,485,112,35,7,2/22/2026,1/25/2026 11:59,LOT-813-A8826
,349,55,36,5,12/31/2027,1/19/2026 20:26,LOT-688-C2241
,464,98,37,10,3/24/2026,2/15/2026 19:58,LOT-933-B2389
,295,36,38,8,4/27/2027,3/18/2026 19:28,LOT-760-A3836
,193,22,39,8,5/24/2026,2/21/2026 8:44,LOT-367-B3890
,439,34,40,5,4/20/2026,3/26/2026 23:57,LOT-732-A5716
,51,27,41,4,4/25/2026,1/14/2026 16:42,LOT-206-A3987
,428,69,42,7,8/13/2027,1/25/2026 21:57,LOT-395-B6189
,135,62,43,2,10/28/2026,3/18/2026 10:29,LOT-959-A6571
,87,92,44,8,3/20/2027,2/25/2026 5:10,LOT-259-C9782
,244,86,45,324.86,8/14/2026,2/22/2026 0:39,LOT-436-D8388
,382,33,46,3,1/7/2027,3/17/2026 5:57,LOT-811-C8409
,312,52,47,2.86,10/6/2027,4/1/2026 9:08,LOT-721-C6158
,28,79,48,5,2/10/2027,2/9/2026 3:28,LOT-381-A9599
,490,17,49,3,9/18/2026,1/30/2026 12:34,LOT-103-B3042
,182,28,50,2,2/25/2026,2/19/2026 21:09,LOT-771-A2058
,25,96,51,3,12/23/2027,2/18/2026 8:00,LOT-807-A4227
,486,19,52,6,4/19/2026,3/9/2026 11:15,LOT-720-C5010
,171,32,53,8,7/26/2026,2/12/2026 20:12,LOT-815-D3626
,156,6,54,10,6/22/2026,3/22/2026 17:51,LOT-894-B9529
,156,20,55,3,9/17/2027,1/7/2026 2:57,LOT-674-B7186
,489,95,56,2.37,10/24/2027,3/11/2026 6:32,LOT-570-A4895
,46,75,57,10,9/9/2027,2/22/2026 7:38,LOT-876-A9586
,155,4,58,4,9/9/2026,3/8/2026 16:21,LOT-868-A5167
,121,62,59,6,8/29/2027,2/2/2026 6:44,LOT-875-C9059
,290,102,60,4,9/5/2026,4/6/2026 2:22,LOT-610-A2280
,378,65,61,4,11/2/2027,3/14/2026 2:13,LOT-875-B3073
,131,43,62,4,11/22/2026,2/26/2026 21:34,LOT-873-B9076
,316,99,63,161.01,1/19/2028,3/5/2026 23:03,LOT-540-D1697
,148,110,64,0.72,4/12/2027,3/24/2026 8:57,LOT-214-C1807
,447,107,65,8,6/29/2026,1/20/2026 6:42,LOT-582-D6561
,132,5,66,10,5/25/2027,1/15/2026 3:37,LOT-320-D1757
,303,74,67,1,5/5/2026,3/22/2026 14:34,LOT-237-A2150
,374,54,68,9,3/28/2026,2/9/2026 17:44,LOT-374-C5420
,449,52,69,7,5/14/2027,2/15/2026 2:40,LOT-206-A6461
,110,50,70,3,1/1/2028,2/16/2026 2:54,LOT-637-C1968
,213,32,71,3,9/13/2027,3/13/2026 12:37,LOT-838-C4827
,50,59,72,6,3/28/2026,3/18/2026 22:39,LOT-867-B1430
,173,92,73,4,3/22/2027,2/10/2026 20:10,LOT-467-C8467
,16,105,74,55.11,2/23/2026,1/6/2026 20:45,LOT-344-B6467
,282,34,75,5,8/24/2026,4/3/2026 23:38,LOT-105-C8638
,69,69,76,3,4/1/2026,2/12/2026 20:02,LOT-582-D6779
,20,20,77,2,7/25/2026,3/22/2026 22:31,LOT-338-B1319
,496,43,78,7,2/1/2026,1/11/2026 0:56,LOT-836-A7561
,132,33,79,8,5/16/2027,4/5/2026 23:18,LOT-183-B9901
,184,45,80,1,1/17/2027,3/1/2026 18:41,LOT-883-A6110
,65,110,81,4,12/21/2027,1/7/2026 13:05,LOT-762-A1317
,89,36,82,1,9/10/2026,3/22/2026 5:22,LOT-346-A3935
,494,11,83,7,12/7/2027,3/25/2026 5:20,LOT-436-B1148
,144,3,84,6,12/10/2026,1/23/2026 13:42,LOT-159-C5657
,342,25,85,2,8/21/2026,3/11/2026 5:36,LOT-489-B1867
,378,19,86,3,7/18/2027,3/31/2026 15:36,LOT-845-D1384
,111,67,87,8,4/17/2026,3/3/2026 10:47,LOT-652-C9243
,151,41,88,7,5/12/2027,4/5/2026 4:51,LOT-692-C8178
,347,113,89,4.27,10/5/2026,2/18/2026 2:12,LOT-749-C5656
,128,48,90,3,8/21/2026,4/1/2026 6:59,LOT-846-A4130
,21,98,91,6,3/23/2026,1/22/2026 14:06,LOT-754-A9717
,225,52,92,7,12/15/2025,2/22/2026 18:45,LOT-587-B2254
,262,6,93,7,5/21/2027,1/8/2026 11:48,LOT-832-C5845
,25,58,94,1,10/12/2027,3/3/2026 6:59,LOT-428-C5584
,253,104,95,4,3/6/2026,2/7/2026 0:02,LOT-127-A8934
,436,87,96,259.75,1/31/2028,3/11/2026 23:19,LOT-475-C8921
,367,21,97,6,1/5/2027,1/15/2026 21:48,LOT-573-A6841
,335,68,98,9,8/11/2027,1/29/2026 21:48,LOT-639-C8723
,386,102,99,2,10/3/2026,2/18/2026 15:52,LOT-386-D7954
,273,61,100,1.05,8/1/2027,1/25/2026 2:40,LOT-630-B6148
,55,75,101,2,11/21/2026,1/28/2026 9:01,LOT-632-B5641
,284,64,102,0.92,8/14/2026,3/19/2026 16:55,LOT-507-D3626
,18,103,103,1,1/20/2027,3/8/2026 0:51,LOT-176-A9109
,94,48,104,10,1/19/2028,3/17/2026 15:41,LOT-859-A2993
,281,93,105,9,7/7/2027,1/20/2026 14:07,LOT-303-C1610
,354,67,106,3,8/1/2027,1/17/2026 6:13,LOT-555-D6626
,385,63,107,10,11/27/2027,2/8/2026 21:10,LOT-902-C1618
,275,69,108,9,2/12/2027,3/24/2026 3:04,LOT-432-B8018
,162,49,109,8,5/21/2027,1/31/2026 14:52,LOT-105-A9789
,432,8,110,10,11/2/2026,3/18/2026 4:45,LOT-192-B1233
,495,95,111,7,5/11/2026,3/31/2026 8:16,LOT-794-A1887
,379,50,112,4,7/7/2026,1/27/2026 9:50,LOT-477-D9787
,201,28,113,1,7/29/2027,2/28/2026 5:06,LOT-453-B6524
,415,24,114,3.91,5/27/2027,3/11/2026 0:00,LOT-969-C6109
,483,45,115,4,4/2/2026,1/20/2026 23:12,LOT-880-C8151
,347,61,116,3.4,10/22/2027,2/16/2026 19:00,LOT-485-A6968
,270,13,117,3,11/20/2026,4/8/2026 21:06,LOT-906-C6675
,150,3,118,5,5/16/2027,1/2/2026 19:57,LOT-536-D9660
,350,62,119,10,3/21/2026,1/23/2026 2:06,LOT-504-B1497
,123,103,120,5,6/21/2027,2/24/2026 4:10,LOT-128-A8347
,279,76,121,4,8/16/2026,1/18/2026 1:20,LOT-931-C8840
,284,113,122,3.41,4/20/2027,2/18/2026 17:01,LOT-482-A3561
,36,38,123,1,4/26/2026,3/5/2026 5:13,LOT-284-D1451
,409,12,124,6,2/15/2027,4/3/2026 6:35,LOT-361-A8567
,406,45,125,2,12/17/2027,3/31/2026 16:34,LOT-976-A7632
,313,113,126,2.79,8/16/2026,1/14/2026 3:48,LOT-460-C2508
,488,69,127,6,9/6/2026,2/13/2026 5:40,LOT-902-D2793
,64,1,128,1.51,9/29/2027,4/5/2026 23:15,LOT-868-B8991
,166,59,129,0.96,10/10/2026,3/14/2026 10:29,LOT-602-C8485
,369,75,130,4,2/19/2027,3/27/2026 8:38,LOT-205-A3487
,454,99,131,8,1/31/2027,1/17/2026 22:21,LOT-972-C2601
,286,98,132,0.81,8/25/2027,2/28/2026 11:33,LOT-143-B5309
,23,111,133,3,6/10/2026,4/7/2026 20:55,LOT-146-C8930
,454,64,134,7,4/25/2027,1/5/2026 1:33,LOT-496-B9156
,459,112,135,7,8/27/2026,1/6/2026 6:06,LOT-787-D3408
,387,3,136,1,2/22/2026,1/6/2026 18:30,LOT-407-B8637
,336,66,137,10,11/11/2026,2/19/2026 0:54,LOT-149-A8671
,472,13,138,4,5/12/2026,1/9/2026 19:46,LOT-280-D2057
,177,15,139,7,2/20/2026,1/9/2026 14:21,LOT-112-A4581
,20,88,140,7,11/29/2027,1/5/2026 9:57,LOT-645-A1036
,58,102,141,9,7/23/2027,1/9/2026 2:03,LOT-230-B9152
,433,91,142,2,7/26/2027,3/18/2026 12:52,LOT-481-C2602
,34,65,143,2,6/14/2027,4/8/2026 5:50,LOT-475-B1114
,415,59,144,3.94,7/20/2027,2/21/2026 12:18,LOT-855-C1883
,302,17,145,1,7/17/2027,1/27/2026 17:11,LOT-833-D1510
,404,9,146,10,12/9/2026,2/4/2026 15:32,LOT-155-D6805
,161,16,147,8,8/9/2027,2/17/2026 3:17,LOT-437-B4164
,149,108,148,1,6/16/2026,2/12/2026 5:19,LOT-751-A9599
,147,31,149,5,7/30/2027,3/7/2026 20:32,LOT-936-D6363
,461,32,150,10,8/5/2026,1/7/2026 16:32,LOT-519-C5654
,432,71,151,2,5/8/2026,3/11/2026 13:56,LOT-327-B1366
,342,103,152,1,11/10/2027,3/15/2026 9:58,LOT-407-D1135
,290,92,153,8,11/27/2026,3/24/2026 10:18,LOT-796-D1621
,364,20,154,5,3/8/2027,3/20/2026 20:43,LOT-537-A5088
,61,24,155,7,8/7/2027,1/18/2026 19:35,LOT-278-B3530
,182,80,156,5,10/11/2027,2/7/2026 18:42,LOT-713-C4063
,278,100,157,3,1/3/2028,1/28/2026 19:13,LOT-327-A5955
,290,71,158,6,4/7/2026,2/18/2026 16:06,LOT-176-C8355
,473,5,159,6,1/29/2027,1/11/2026 0:34,LOT-783-A8033
,291,28,160,4,12/4/2027,1/28/2026 7:29,LOT-191-B4517
,478,77,161,10,8/31/2026,1/8/2026 12:49,LOT-338-A2738
,284,56,162,3.95,4/25/2027,3/27/2026 20:56,LOT-449-B7045
,282,96,163,7,1/20/2026,1/8/2026 3:48,LOT-598-A9717
,295,33,164,8,3/24/2028,4/6/2026 5:23,LOT-185-C7782
,124,44,165,5,7/20/2026,1/24/2026 14:06,LOT-705-B4198
,208,52,166,4,4/10/2027,2/3/2026 18:23,LOT-379-B4159
,19,58,167,8,6/22/2026,2/1/2026 6:37,LOT-481-A5138
,310,12,168,2.64,10/28/2027,4/2/2026 18:36,LOT-326-D6674
,320,56,169,10,9/8/2027,3/27/2026 5:23,LOT-625-D5158
,232,1,170,2,2/6/2028,3/5/2026 12:00,LOT-559-D9318
,254,88,171,6,12/26/2027,1/21/2026 0:03,LOT-664-A1270
,221,34,172,10,9/28/2027,1/21/2026 22:11,LOT-869-A6582
,318,97,173,8,11/13/2027,4/2/2026 22:11,LOT-874-B6764
,317,55,174,295.24,9/16/2026,3/12/2026 10:42,LOT-366-A5684
,370,23,175,1,2/25/2028,3/5/2026 17:31,LOT-935-C9267
,287,86,176,3.76,2/11/2026,2/8/2026 7:18,LOT-657-A1976
,133,42,177,9,9/12/2026,3/22/2026 6:17,LOT-158-B2824
,7,109,178,2.66,4/15/2027,2/5/2026 4:14,LOT-459-B8986
,420,75,179,5,12/8/2026,3/13/2026 6:45,LOT-450-B7996
,3,18,180,3.56,2/28/2026,2/4/2026 13:41,LOT-911-B8896
,182,113,181,6,7/14/2026,3/22/2026 13:43,LOT-101-C5368
,193,44,182,10,8/2/2027,1/10/2026 3:19,LOT-976-D9951
,233,60,183,4.18,10/21/2026,2/4/2026 5:50,LOT-396-D7492
,428,27,184,7,8/14/2026,1/18/2026 13:43,LOT-377-B6139
,108,32,185,1,7/7/2027,4/1/2026 4:26,LOT-608-D9613
,150,25,186,2,7/20/2027,2/18/2026 22:46,LOT-763-C5419
,14,108,187,6,10/4/2027,2/2/2026 10:41,LOT-141-A4132
,161,71,188,1,2/1/2027,3/6/2026 20:09,LOT-822-C9410
,72,67,189,6,9/2/2027,2/19/2026 8:29,LOT-824-B4271
,317,6,190,312.13,6/8/2026,1/9/2026 14:53,LOT-510-D6006
,109,19,191,5,8/7/2027,2/9/2026 15:03,LOT-221-C9806
,12,65,192,2.3,10/16/2027,4/2/2026 1:49,LOT-367-C6232
,211,65,193,6,11/2/2026,1/31/2026 19:35,LOT-374-B3397
,52,66,194,4,3/10/2026,1/9/2026 2:03,LOT-227-B2710
,165,104,195,2.05,2/4/2028,3/26/2026 14:03,LOT-144-C5341
,247,84,196,3,10/27/2027,2/1/2026 9:02,LOT-447-A7109
,73,101,197,1,7/27/2027,2/10/2026 10:55,LOT-355-C5561
,237,19,198,1.67,9/30/2027,2/10/2026 8:13,LOT-184-A1352
,100,104,199,1,6/1/2027,3/25/2026 12:15,LOT-378-A3066
,107,84,200,8,12/15/2026,2/8/2026 20:15,LOT-809-A1322
,110,42,201,3,2/16/2026,1/26/2026 3:39,LOT-256-A1465
,455,100,202,79.97,6/1/2026,1/18/2026 23:36,LOT-397-D8006
,121,112,203,1,6/29/2027,1/21/2026 21:04,LOT-130-D3489
,415,41,204,1.52,5/9/2027,4/2/2026 5:27,LOT-424-B3178
,327,54,205,6,12/21/2027,1/26/2026 14:50,LOT-629-C3291
,48,41,206,1,2/11/2027,3/2/2026 6:03,LOT-812-B7382
,108,55,207,3,6/21/2026,3/9/2026 7:36,LOT-896-B3955
,200,71,208,10,12/26/2027,3/15/2026 1:38,LOT-349-C8789
,95,34,209,5,7/4/2026,1/9/2026 15:30,LOT-115-B4372
,198,79,210,3,8/21/2027,3/13/2026 20:03,LOT-560-D9369
,270,11,211,7,2/5/2027,3/27/2026 12:03,LOT-771-A5430
,434,53,212,7,11/4/2026,3/6/2026 22:32,LOT-826-D4714
,126,33,213,9,3/25/2026,1/14/2026 23:06,LOT-384-C6717
,3,56,214,4.14,1/24/2027,3/10/2026 9:10,LOT-470-C7768
,59,32,215,9,2/19/2026,1/11/2026 12:21,LOT-703-A1161
,381,47,216,4,11/26/2026,3/2/2026 18:13,LOT-675-A7365
,183,81,217,10,10/3/2027,3/22/2026 6:21,LOT-230-B9766
,377,91,218,7,11/7/2026,3/12/2026 12:22,LOT-617-B2252
,386,60,219,1,9/13/2026,3/18/2026 20:18,LOT-593-A1735
,373,31,220,10,4/19/2026,1/21/2026 6:21,LOT-291-C4235
,447,112,221,5,3/31/2026,2/22/2026 5:46,LOT-165-D4466
,321,22,222,8,1/18/2027,2/27/2026 5:27,LOT-336-B7902
,484,83,223,10,5/7/2026,2/24/2026 8:58,LOT-881-D2970
,74,11,224,9,3/19/2026,3/16/2026 18:43,LOT-670-B6698
,114,49,225,6,1/5/2028,1/5/2026 7:34,LOT-848-B6015
,176,19,226,6,7/2/2027,1/3/2026 10:54,LOT-714-C7156
,110,20,227,8,6/24/2027,2/27/2026 15:51,LOT-563-A5861
,17,3,228,4.96,12/4/2026,1/26/2026 10:39,LOT-759-D8056
,491,101,229,4,10/15/2027,1/4/2026 3:16,LOT-831-D9990
,257,20,230,7,5/7/2026,3/4/2026 5:08,LOT-265-C3496
,298,5,231,6,5/21/2026,4/2/2026 11:29,LOT-794-C4675
,220,70,232,3,2/2/2026,1/24/2026 19:40,LOT-783-C9422
,304,92,233,10,3/12/2026,2/6/2026 19:21,LOT-719-D3720
,211,34,234,2,3/9/2026,2/25/2026 0:50,LOT-335-C7832
,101,16,235,4.8,6/25/2027,3/23/2026 23:49,LOT-570-C6868
,232,33,236,3,4/11/2027,4/1/2026 22:43,LOT-863-B7908
,21,94,237,4,3/5/2027,3/10/2026 6:39,LOT-342-D1782
,136,43,238,3,1/9/2028,1/20/2026 3:11,LOT-682-D1861
,130,54,239,5,9/19/2026,3/4/2026 3:10,LOT-575-B4186
,427,38,240,4,6/10/2026,3/10/2026 7:47,LOT-323-C6022
,156,84,241,9,3/11/2027,2/17/2026 1:05,LOT-832-D9227
,149,13,242,10,5/28/2026,4/6/2026 9:49,LOT-486-B2872
,304,9,243,9,1/17/2027,1/13/2026 9:58,LOT-442-B6610
,62,27,244,4.17,6/6/2027,1/28/2026 5:55,LOT-640-A9808
,333,5,245,4,3/27/2026,3/11/2026 13:36,LOT-456-C9961
,361,77,246,6,12/12/2026,3/19/2026 21:50,LOT-464-B5058
,395,56,247,4.55,4/17/2027,3/30/2026 20:51,LOT-448-B2086
,132,100,248,8,9/6/2026,3/14/2026 1:45,LOT-154-B9749
,231,60,249,4.99,2/9/2028,3/16/2026 20:43,LOT-866-C8161
,395,66,250,2.76,4/8/2026,3/1/2026 10:15,LOT-598-D2709
,177,101,251,5,12/4/2026,3/19/2026 20:03,LOT-148-D6010
,398,44,252,4,5/4/2027,3/18/2026 2:38,LOT-503-A5181
,415,26,253,3.6,11/30/2026,3/18/2026 23:39,LOT-926-D4262
,88,1,254,10,8/1/2027,2/11/2026 14:34,LOT-938-A4689
,113,104,255,2,1/3/2027,3/27/2026 10:54,LOT-998-A7714
,325,72,256,8,12/29/2026,4/6/2026 13:19,LOT-511-B2850
,57,73,257,5,11/12/2027,3/15/2026 6:42,LOT-559-C3915
,491,68,258,8,4/15/2026,4/2/2026 12:35,LOT-275-D7518
,33,26,259,3,8/27/2027,1/22/2026 12:47,LOT-131-D5154
,237,63,260,3.4,10/10/2027,1/8/2026 12:30,LOT-335-B8689
,108,31,261,10,2/17/2026,2/13/2026 0:20,LOT-590-A8722
,159,102,262,6,3/4/2027,3/12/2026 14:29,LOT-771-D2113
,181,88,263,4.45,1/9/2027,2/6/2026 0:32,LOT-909-D9048
,13,9,264,7,11/30/2027,2/3/2026 9:21,LOT-466-A4923
,27,82,265,4,2/21/2026,1/13/2026 7:40,LOT-342-D3463
,454,32,266,2,6/8/2027,3/10/2026 21:33,LOT-358-A1989
,326,35,267,193.39,8/1/2027,3/26/2026 9:06,LOT-798-A8145
,128,113,268,9,2/17/2027,1/30/2026 1:17,LOT-683-C7370
,190,47,269,2,11/13/2027,2/13/2026 5:45,LOT-567-D5661
,57,53,270,5,4/1/2026,1/11/2026 23:51,LOT-500-A4530
,500,101,271,3,10/9/2027,2/17/2026 23:00,LOT-676-C4764
,136,32,272,6,3/14/2026,1/30/2026 7:38,LOT-185-D5228
,384,47,273,2,5/10/2026,1/19/2026 22:00,LOT-885-B1729
,421,2,274,4,7/11/2027,2/25/2026 2:04,LOT-530-D4524
,259,60,275,10,11/15/2027,2/14/2026 10:57,LOT-746-C4206
,440,37,276,3,4/20/2027,2/24/2026 5:01,LOT-650-D5134
,366,83,277,2,1/24/2027,1/16/2026 19:48,LOT-780-C9696
,107,56,278,5,2/23/2028,2/26/2026 21:29,LOT-469-A6903
,256,68,279,1,7/9/2027,3/1/2026 10:22,LOT-644-A3404
,496,5,280,1,9/24/2027,1/9/2026 23:06,LOT-891-B4480
,485,74,281,8,9/18/2027,3/22/2026 4:09,LOT-748-B6743
,112,60,282,4.97,3/5/2026,2/16/2026 18:24,LOT-204-C3395
,120,39,283,9,2/11/2027,4/6/2026 9:41,LOT-794-A2387
,164,14,284,309.7,12/29/2026,2/22/2026 16:34,LOT-507-D7251
,334,81,285,6,3/27/2026,1/2/2026 10:29,LOT-363-D5225
,330,51,286,84.12,11/23/2026,2/24/2026 10:09,LOT-886-B8865
,478,33,287,3,4/26/2026,3/27/2026 1:20,LOT-688-D5159
,14,1,288,9,3/23/2027,1/14/2026 16:40,LOT-867-D2173
,447,99,289,6,12/24/2027,1/28/2026 11:37,LOT-885-B2351
,323,22,290,3,5/28/2027,3/20/2026 8:39,LOT-424-B8578
,363,110,291,3,1/3/2027,1/13/2026 8:31,LOT-419-A5301
,340,31,292,5,10/17/2026,2/2/2026 11:06,LOT-643-D4712
,49,93,293,1,2/15/2026,3/13/2026 20:41,LOT-950-A5398
,311,2,294,2.79,3/12/2026,2/10/2026 4:59,LOT-824-C6704
,431,93,295,4,10/25/2027,1/4/2026 17:38,LOT-564-C7606
,438,6,296,431.5,10/10/2027,1/10/2026 7:03,LOT-439-A2223
,358,63,297,9,3/20/2028,3/29/2026 0:44,LOT-837-A5283
,417,112,298,8,5/7/2026,3/23/2026 1:31,LOT-940-D8874
,309,69,299,3.16,6/11/2027,3/26/2026 10:46,LOT-623-A8224
,240,86,300,8,11/29/2027,4/1/2026 0:32,LOT-186-C5394
,15,46,301,7,4/6/2026,2/5/2026 5:47,LOT-905-C5677
,321,70,302,3,10/1/2026,3/5/2026 4:20,LOT-912-B1420
,40,89,303,4,6/13/2026,1/28/2026 3:08,LOT-691-D9947
,288,15,304,6,4/29/2026,3/1/2026 0:09,LOT-579-C4341
,344,18,305,1,9/18/2027,2/17/2026 16:31,LOT-958-B8485
,294,73,306,2,5/31/2027,2/6/2026 20:31,LOT-704-C9614
,468,4,307,9,4/30/2026,2/3/2026 3:40,LOT-578-B8352
,413,110,308,5,12/11/2027,3/26/2026 5:48,LOT-585-B6330
,122,69,309,5,1/11/2026,1/1/2026 6:28,LOT-296-A6612
,393,43,310,3,11/4/2026,1/23/2026 11:00,LOT-816-A1025
,489,80,311,1.73,10/6/2026,1/16/2026 10:11,LOT-780-A3097
,219,70,312,6,6/7/2027,3/18/2026 21:11,LOT-505-B6539
,426,83,313,2,7/18/2027,1/15/2026 15:16,LOT-388-B1415
,223,100,314,3,11/2/2026,3/21/2026 0:45,LOT-769-C6818
,304,88,315,9,7/31/2026,3/1/2026 13:09,LOT-788-D3481
,55,61,316,3,4/27/2026,1/13/2026 4:06,LOT-785-B3560
,178,77,317,8,4/17/2026,3/8/2026 7:21,LOT-368-B5504
,334,96,318,10,3/27/2027,1/30/2026 6:42,LOT-601-D1501
,120,27,319,10,5/15/2026,1/13/2026 6:01,LOT-982-A9123
,417,61,320,3,5/6/2026,3/9/2026 14:51,LOT-725-B7017
,296,68,321,2,11/10/2027,1/5/2026 20:25,LOT-691-A5874
,234,109,322,3,8/8/2027,2/5/2026 17:09,LOT-477-A3491
,329,93,323,5,12/7/2027,2/7/2026 12:12,LOT-275-D3127
,42,32,324,5,6/6/2027,2/11/2026 5:21,LOT-569-D7861
,338,65,325,4,10/29/2026,2/27/2026 22:08,LOT-534-B8974
,72,35,326,7,8/16/2027,1/22/2026 15:46,LOT-557-C7484
,392,54,327,10,9/19/2027,3/10/2026 8:54,LOT-612-B7424
,379,32,328,5,11/17/2026,2/5/2026 13:28,LOT-325-B9697
,116,34,329,7,1/9/2027,1/25/2026 23:23,LOT-574-C8314
,142,103,330,2,2/5/2026,1/11/2026 4:30,LOT-292-A4459
,500,94,331,8,12/19/2027,2/22/2026 2:37,LOT-326-D2683
,340,23,332,5,3/1/2027,1/29/2026 12:23,LOT-286-A8312
,370,29,333,8,5/10/2026,3/13/2026 10:44,LOT-167-D3544
,467,97,334,5,12/3/2027,1/2/2026 7:35,LOT-254-A1928
,93,90,335,4.21,4/25/2027,1/17/2026 23:40,LOT-495-B3854
,235,109,336,3.13,7/3/2026,2/13/2026 5:58,LOT-120-D3985
,17,24,337,2.07,9/28/2026,4/8/2026 17:06,LOT-761-D8177
,499,113,338,1,11/2/2027,1/9/2026 14:37,LOT-661-D7976
,393,90,339,7,7/18/2027,1/18/2026 9:27,LOT-759-D2641
,390,15,340,9,11/23/2026,1/6/2026 4:44,LOT-429-A8989
,137,99,341,2,4/22/2026,2/24/2026 12:47,LOT-745-B1402
,368,3,342,10,5/28/2027,3/11/2026 3:58,LOT-342-A5596
,331,112,343,343.75,1/7/2028,2/8/2026 22:25,LOT-377-D1667
,412,102,344,6,12/1/2026,1/14/2026 14:25,LOT-887-B5762
,70,18,345,8,2/7/2026,1/28/2026 18:56,LOT-850-C3363
,158,76,346,7,9/10/2026,3/3/2026 6:17,LOT-488-D3289
,326,23,347,420.2,1/23/2028,1/27/2026 23:44,LOT-291-A6259
,240,98,348,8,2/1/2028,3/14/2026 18:40,LOT-440-C3487
,444,101,349,9,7/3/2026,4/6/2026 21:15,LOT-922-D8235
,271,78,350,4.95,12/21/2026,1/12/2026 6:30,LOT-566-C3199
,438,28,351,216.29,1/15/2028,3/15/2026 15:13,LOT-120-B7527
,192,20,352,3,8/23/2026,2/7/2026 17:01,LOT-887-C9698
,151,5,353,6,4/2/2026,1/15/2026 14:19,LOT-610-B3628
,43,24,354,2,12/12/2026,2/21/2026 5:26,LOT-787-D6672
,55,43,355,3,8/26/2026,3/14/2026 13:16,LOT-355-D9737
,463,8,356,6,5/8/2026,3/26/2026 7:36,LOT-868-C1833
,271,66,357,1.31,10/4/2027,1/4/2026 23:40,LOT-785-B6134
,310,67,358,0.87,8/10/2026,3/2/2026 8:26,LOT-522-B9407
,493,71,359,2,7/21/2026,4/8/2026 0:53,LOT-578-C5899
,322,32,360,6,3/14/2026,2/19/2026 17:51,LOT-683-C5976
,144,50,361,5,6/3/2026,1/5/2026 18:27,LOT-576-A8412
,408,92,362,4,3/4/2026,2/27/2026 21:03,LOT-293-D6994
,107,64,363,8,12/9/2027,4/1/2026 4:44,LOT-307-A2720
,405,95,364,5,11/5/2027,3/20/2026 22:49,LOT-149-B6849
,338,27,365,8,7/14/2027,2/27/2026 15:43,LOT-148-B4130
,217,113,366,10,5/8/2026,4/6/2026 12:27,LOT-895-C5441
,241,109,367,264.03,2/1/2028,4/2/2026 13:45,LOT-507-C9252
,392,18,368,3,8/19/2026,3/30/2026 23:30,LOT-868-B6496
,255,81,369,9,8/4/2027,1/19/2026 4:47,LOT-405-B4941
,133,102,370,2,3/16/2026,2/22/2026 22:15,LOT-454-C4431
,164,11,371,118.7,10/26/2026,1/13/2026 2:52,LOT-324-C4328
,353,49,372,1,7/18/2026,3/6/2026 13:42,LOT-242-C9437
,216,92,373,7,5/14/2026,2/9/2026 0:06,LOT-909-D1979
,32,25,374,3,2/16/2028,3/25/2026 21:09,LOT-952-B7693
,237,43,375,3.5,3/17/2027,2/7/2026 6:02,LOT-136-C6440
,159,108,376,4,7/31/2027,2/13/2026 3:17,LOT-561-B6033
,209,41,377,8,5/16/2027,2/9/2026 6:11,LOT-117-A5685
,304,112,378,6,1/25/2026,1/11/2026 10:49,LOT-665-A4942
,408,73,379,4,7/1/2027,2/15/2026 18:45,LOT-144-A8405
,179,3,380,3,9/2/2026,2/11/2026 15:40,LOT-768-D6381
,476,8,381,6,3/30/2026,1/22/2026 7:35,LOT-496-D1946
,75,14,382,5,4/4/2026,2/17/2026 2:57,LOT-293-D2683
,28,86,383,1,8/18/2027,1/27/2026 5:17,LOT-803-B3006
,165,2,384,3.01,4/27/2027,1/5/2026 16:05,LOT-740-A3826
,295,69,385,4,10/1/2026,1/5/2026 10:47,LOT-617-C3981
,130,4,386,5,7/23/2026,2/22/2026 15:07,LOT-412-B9546
,73,47,387,1,12/31/2026,2/28/2026 2:48,LOT-503-A1532
,220,41,388,3,12/6/2027,1/4/2026 9:09,LOT-990-B8426
,27,97,389,3,8/29/2026,1/16/2026 14:36,LOT-340-D5840
,484,108,390,4,4/1/2027,2/9/2026 17:30,LOT-629-D3814
,125,78,391,4,12/18/2025,1/6/2026 3:54,LOT-759-A3906
,443,90,392,3,4/18/2026,3/22/2026 14:23,LOT-863-B6686
,439,30,393,10,11/17/2026,2/27/2026 12:36,LOT-666-B9922
,362,55,394,3,6/13/2027,1/11/2026 2:27,LOT-780-A3231
,28,113,395,2,5/15/2026,3/9/2026 2:48,LOT-334-D2198
,91,62,396,4,11/18/2025,1/15/2026 18:43,LOT-778-A1568
,231,86,397,2.78,7/2/2027,1/25/2026 21:48,LOT-366-B9499
,244,72,398,138.8,1/20/2026,1/5/2026 1:01,LOT-484-A1046
,13,71,399,3,4/20/2026,3/29/2026 15:01,LOT-942-C5758
,356,75,400,5,3/16/2026,2/20/2026 23:56,LOT-634-D3085
,65,84,401,9,1/14/2026,3/19/2026 18:27,LOT-481-C2222
,379,5,402,4,8/11/2027,2/3/2026 19:48,LOT-471-D3218
,80,7,403,2,11/4/2027,2/20/2026 8:55,LOT-181-B9116
,424,8,404,3,2/6/2026,1/30/2026 11:26,LOT-312-B6978
,450,15,405,8,8/4/2027,3/12/2026 13:56,LOT-904-A4191
,237,72,406,3.79,3/20/2028,4/2/2026 20:23,LOT-617-D8720
,332,85,407,7,8/17/2026,2/4/2026 10:42,LOT-199-A9159
,33,106,408,3,4/23/2026,1/5/2026 0:20,LOT-595-A7697
,436,33,409,107.97,2/15/2026,1/9/2026 1:14,LOT-958-D5037
,408,14,410,4,3/17/2026,3/10/2026 6:00,LOT-452-D6502
,254,106,411,2,12/26/2026,2/5/2026 1:45,LOT-672-A4918
,308,51,412,1.04,7/6/2027,1/3/2026 17:24,LOT-381-C2672
,171,71,413,9,1/30/2026,1/9/2026 21:29,LOT-455-B3020
,47,18,414,1,5/20/2027,3/3/2026 0:21,LOT-636-C9092
,401,87,415,10,11/11/2027,3/26/2026 11:11,LOT-883-D1381
,166,59,416,2.19,7/22/2027,1/8/2026 4:37,LOT-111-A9249
,157,111,417,4,5/5/2026,3/27/2026 20:35,LOT-860-A9981
,393,53,418,8,7/29/2026,2/27/2026 5:53,LOT-159-C5884
,446,97,419,3,9/12/2027,3/23/2026 1:31,LOT-447-B4613
,447,61,420,1,3/18/2026,1/18/2026 5:43,LOT-873-C7292
,46,45,421,1,4/21/2026,2/25/2026 8:46,LOT-398-C5516
,194,14,422,5,12/21/2025,1/26/2026 15:58,LOT-636-D6320
,103,62,423,3,11/4/2027,3/20/2026 5:26,LOT-617-D7026
,372,15,424,10,10/21/2026,3/12/2026 12:59,LOT-901-D1107
,465,9,425,1,2/6/2027,2/16/2026 7:10,LOT-908-B6373
,376,15,426,5,7/9/2026,3/2/2026 19:04,LOT-393-C6762
,181,68,427,0.55,2/26/2026,2/15/2026 3:58,LOT-323-A4152
,172,91,428,6,7/31/2026,3/26/2026 4:25,LOT-397-D6843
,124,9,429,4,6/28/2027,3/31/2026 9:41,LOT-213-B1122
,49,38,430,1,10/9/2026,1/23/2026 14:56,LOT-593-B7119
,43,112,431,7,5/27/2026,1/6/2026 6:42,LOT-200-A2163
,462,107,432,10,1/29/2028,2/2/2026 13:26,LOT-431-A6985
,93,10,433,0.96,11/14/2027,3/14/2026 12:38,LOT-953-C3684
,124,13,434,3,3/27/2026,3/25/2026 12:37,LOT-853-D2230
,53,90,435,2,3/30/2026,3/5/2026 21:53,LOT-349-A4672
,465,73,436,2,4/17/2027,3/4/2026 13:43,LOT-442-B8522
,399,91,437,1.19,5/1/2026,3/15/2026 7:19,LOT-430-C4446
,132,26,438,4,1/30/2028,2/28/2026 3:20,LOT-596-C8348
,259,47,439,3,9/16/2027,2/7/2026 15:45,LOT-493-C9996
,324,15,440,8,7/10/2027,1/8/2026 12:33,LOT-584-A2376
,198,80,441,4,10/6/2026,3/16/2026 3:49,LOT-443-A3519
,218,91,442,447.21,1/9/2027,1/1/2026 17:55,LOT-460-A4322
,390,16,443,4,5/11/2026,2/20/2026 15:39,LOT-848-C2500
,96,106,444,2,1/5/2027,2/8/2026 7:45,LOT-656-D1811
,305,24,445,1,2/28/2027,2/9/2026 14:19,LOT-539-C8289
,312,103,446,3.76,3/12/2026,1/22/2026 3:30,LOT-324-D7056
,72,7,447,4,1/23/2026,1/20/2026 3:16,LOT-847-B7074
,279,80,448,9,1/21/2027,1/31/2026 18:28,LOT-237-B3176
,25,73,449,9,1/11/2028,3/20/2026 6:53,LOT-183-D2678
,135,51,450,10,10/31/2026,1/21/2026 6:04,LOT-598-A6180
,458,42,451,3,6/23/2027,1/8/2026 5:38,LOT-726-A7437
,121,55,452,5,3/17/2026,2/24/2026 16:59,LOT-868-D8774
,347,15,453,1.48,7/7/2026,2/9/2026 17:45,LOT-248-A7248
,422,100,454,8,10/6/2026,2/8/2026 15:10,LOT-709-B4357
,442,61,455,10,4/6/2026,2/13/2026 16:50,LOT-142-A2356
,255,93,456,8,11/23/2027,3/22/2026 15:11,LOT-539-C1325
,433,109,457,4,11/2/2026,4/5/2026 13:52,LOT-570-D5095
,132,11,458,9,4/23/2026,3/25/2026 15:10,LOT-754-A9949
,124,75,459,7,8/14/2026,3/23/2026 15:35,LOT-338-C8695
,323,55,460,9,4/15/2026,3/3/2026 5:19,LOT-998-D7760
,228,49,461,10,3/2/2027,3/10/2026 12:06,LOT-160-D1199
,452,26,462,2.26,10/10/2026,1/22/2026 21:27,LOT-776-B2546
,364,57,463,6,8/24/2027,3/11/2026 20:31,LOT-850-D1621
,37,8,464,3,7/3/2027,2/4/2026 16:39,LOT-973-B6132
,25,101,465,9,8/4/2027,2/12/2026 8:39,LOT-231-B8771
,470,55,466,5,11/13/2027,2/21/2026 13:42,LOT-842-A4349
,443,86,467,9,2/6/2026,1/12/2026 12:33,LOT-191-D7143
,5,64,468,4.42,6/13/2027,1/30/2026 13:29,LOT-313-B7671
,24,104,469,9,10/11/2027,3/11/2026 18:24,LOT-765-A2396
,46,49,470,6,2/17/2026,1/12/2026 16:24,LOT-948-C8043
,256,49,471,5,3/31/2027,2/2/2026 4:06,LOT-300-C4076
,185,64,472,1,9/23/2026,4/1/2026 19:41,LOT-452-D2493
,92,64,473,1.97,7/8/2027,1/9/2026 4:32,LOT-345-B6934
,178,10,474,2,8/8/2026,3/3/2026 20:20,LOT-314-A5756
,328,38,475,10,3/10/2026,2/2/2026 16:21,LOT-377-A3044
,468,1,476,5,11/30/2027,2/12/2026 18:01,LOT-920-A6477
,417,106,477,4,4/14/2026,2/28/2026 5:17,LOT-429-C8394
,476,109,478,4,7/9/2027,3/11/2026 6:06,LOT-788-B3340
,448,15,479,7,7/18/2027,1/21/2026 2:14,LOT-687-A1950
,496,79,480,5,10/7/2027,2/7/2026 14:22,LOT-822-D7534
,52,82,481,9,5/27/2027,1/27/2026 7:45,LOT-522-A8737
,392,54,482,6,8/13/2027,3/18/2026 17:34,LOT-345-B5411
,224,8,483,5,1/24/2027,2/28/2026 4:13,LOT-902-D9646
,384,74,484,1,4/3/2026,3/25/2026 11:05,LOT-436-D8815
,470,77,485,3,5/21/2026,1/1/2026 22:13,LOT-636-B9265
,366,23,486,5,3/16/2027,1/8/2026 16:23,LOT-801-B2323
,115,29,487,9,9/7/2026,1/25/2026 18:40,LOT-365-A2098
,434,51,488,2,1/19/2027,2/20/2026 10:18,LOT-513-C8622
,406,47,489,4,6/3/2026,4/4/2026 16:03,LOT-931-D8383
,111,72,490,1,9/17/2027,1/31/2026 17:54,LOT-791-D4536
,57,24,491,8,1/2/2026,1/1/2026 14:49,LOT-321-A5573
,216,82,492,9,12/10/2026,3/8/2026 3:02,LOT-657-A3447
,367,54,493,4,3/21/2026,2/13/2026 14:57,LOT-685-B9935
,323,3,494,10,1/15/2027,2/9/2026 20:29,LOT-931-C2391
,255,92,495,3,4/28/2026,3/16/2026 9:53,LOT-624-D3280
,151,87,496,4,10/15/2026,1/25/2026 6:15,LOT-751-A3286
,488,98,497,7,7/28/2026,4/3/2026 20:05,LOT-955-C9831
,22,2,498,8,12/8/2026,4/8/2026 18:03,LOT-573-A9710
,481,60,499,5,5/7/2026,3/6/2026 21:53,LOT-433-A3146
,3,54,500,1.63,3/26/2027,1/10/2026 0:10,LOT-940-B3564
,476,65,501,4,11/18/2027,2/4/2026 21:45,LOT-791-B4437
,308,95,502,2.11,12/3/2026,3/24/2026 9:32,LOT-429-C4338
,22,76,503,4,3/15/2026,2/25/2026 5:11,LOT-163-C9886
,376,19,504,6,7/17/2027,2/8/2026 16:26,LOT-522-B3438
,185,70,505,10,11/23/2025,1/25/2026 5:57,LOT-942-C3717
,263,112,506,1,10/4/2026,3/12/2026 23:30,LOT-929-D9724
,194,76,507,1,4/28/2027,4/1/2026 23:08,LOT-887-D5776
,314,87,508,3.65,3/27/2026,1/25/2026 4:06,LOT-167-C4821
,370,66,509,8,8/20/2026,1/5/2026 11:17,LOT-781-B3369
,431,1,510,9,5/15/2026,1/14/2026 23:23,LOT-140-A2206
,480,50,511,8,3/4/2026,2/24/2026 6:20,LOT-536-B6963
,312,73,512,3.94,4/18/2027,3/8/2026 9:21,LOT-574-B5538
,362,50,513,8,11/3/2026,2/5/2026 14:18,LOT-741-C4069
,353,60,514,8,8/14/2026,2/19/2026 21:52,LOT-364-D4814
,172,92,515,4,4/22/2026,2/16/2026 21:45,LOT-999-B5674
,138,18,516,10,6/29/2027,3/17/2026 8:55,LOT-931-A4581
,122,40,517,6,4/7/2026,3/17/2026 0:00,LOT-404-B2851
,60,20,518,2,3/14/2026,1/9/2026 13:48,LOT-292-D5573
,441,45,519,9,9/9/2026,1/20/2026 1:42,LOT-401-D8965
,236,60,520,3.81,10/2/2027,3/18/2026 5:34,LOT-645-B2057
,27,14,521,5,7/25/2027,1/12/2026 22:01,LOT-680-C6364
,226,29,522,1,1/3/2027,1/9/2026 16:27,LOT-119-C2189
,424,111,523,6,5/19/2026,3/24/2026 7:16,LOT-628-B3482
,82,94,524,3,7/11/2027,2/25/2026 0:54,LOT-152-A8336
,434,15,525,4,10/16/2026,4/3/2026 7:37,LOT-677-B4743
,185,16,526,1,12/25/2027,3/15/2026 17:51,LOT-231-D1436
,99,106,527,6,11/26/2026,2/9/2026 21:26,LOT-874-D8825
,266,93,528,3,6/18/2027,1/21/2026 8:21,LOT-526-C3304
,494,34,529,5,2/22/2027,1/18/2026 10:05,LOT-991-C5060
,100,32,530,7,9/7/2027,1/25/2026 13:31,LOT-618-A2911
,340,3,531,10,7/1/2026,4/4/2026 2:01,LOT-328-C7988
,4,100,532,3.16,1/29/2028,3/17/2026 9:59,LOT-143-A7836
,21,85,533,3,3/2/2026,1/14/2026 5:24,LOT-519-B2991
,141,34,534,6,8/13/2026,1/21/2026 11:43,LOT-547-D4424
,258,13,535,4,1/6/2028,1/15/2026 9:57,LOT-458-D3156
,364,31,536,6,7/10/2026,2/22/2026 19:39,LOT-916-A8761
,10,29,537,2.28,3/15/2026,2/21/2026 7:13,LOT-923-B5417
,364,45,538,10,12/18/2027,3/8/2026 2:37,LOT-826-D6465
,456,20,539,9,1/5/2028,2/12/2026 3:33,LOT-194-D1477
,393,71,540,4,1/22/2028,2/9/2026 4:31,LOT-527-C9450
,307,10,541,113.45,3/16/2026,1/6/2026 17:47,LOT-738-B6850
,148,42,542,2.57,5/5/2027,2/28/2026 5:52,LOT-290-D9747
,301,45,543,1.61,5/23/2026,2/2/2026 23:40,LOT-504-A8381
,286,14,544,2.34,3/31/2027,2/12/2026 11:31,LOT-973-C6678
,229,47,545,9,5/30/2026,1/3/2026 10:10,LOT-322-B6338
,375,3,546,7,5/1/2027,3/19/2026 3:22,LOT-517-D6081
,462,11,547,5,10/23/2026,2/3/2026 16:29,LOT-113-C6407
,384,70,548,7,9/13/2026,2/24/2026 13:14,LOT-127-D8673
,187,17,549,3,4/30/2026,1/18/2026 15:27,LOT-341-D6959
,260,87,550,8,6/19/2026,2/19/2026 20:47,LOT-816-B1661
,296,100,551,10,11/9/2027,1/3/2026 0:16,LOT-658-D4636
,125,40,552,1,3/29/2026,3/4/2026 1:08,LOT-460-A3216
,234,17,553,10,4/18/2026,1/5/2026 11:06,LOT-158-A8774
,6,40,554,2.35,3/16/2027,2/22/2026 14:55,LOT-680-C9756
,379,83,555,8,1/30/2028,3/31/2026 16:31,LOT-521-C7227
,259,103,556,10,2/4/2026,2/3/2026 17:52,LOT-899-B2830
,308,47,557,1.73,5/23/2026,2/20/2026 10:40,LOT-188-B5374
,179,22,558,9,2/2/2026,1/12/2026 17:13,LOT-475-B5901
,440,99,559,9,5/19/2026,3/23/2026 0:03,LOT-830-A4926
,383,35,560,9,10/5/2026,2/18/2026 20:16,LOT-680-D4081
,68,36,561,6,1/19/2028,2/19/2026 5:54,LOT-417-A6139
,329,30,562,3,11/9/2027,1/11/2026 8:04,LOT-327-D3702
,266,50,563,3,3/13/2026,2/25/2026 13:36,LOT-952-A6926
,71,13,564,1,12/2/2025,2/6/2026 17:06,LOT-124-B1261
,177,22,565,10,8/30/2027,2/24/2026 14:35,LOT-338-B9683
,38,72,566,1,5/23/2027,4/7/2026 5:55,LOT-230-A7811
,137,52,567,9,9/30/2026,1/14/2026 23:45,LOT-837-B9976
,500,32,568,4,5/9/2027,2/6/2026 3:34,LOT-313-B3694
,400,35,569,2.87,10/12/2027,2/3/2026 10:36,LOT-670-A1449
,60,47,570,3,5/5/2026,3/13/2026 3:04,LOT-199-D5994
,463,71,571,6,4/23/2027,3/24/2026 23:03,LOT-512-C8842
,56,93,572,1,3/23/2027,3/30/2026 21:16,LOT-348-C7798
,82,111,573,5,7/17/2026,1/14/2026 2:13,LOT-958-B8169
,263,32,574,10,12/20/2026,1/26/2026 18:45,LOT-957-D1830
,207,94,575,9,9/5/2026,3/31/2026 6:50,LOT-264-A4009
,396,6,576,2.26,7/21/2026,3/20/2026 22:09,LOT-750-A7291
,268,85,577,9,4/23/2026,4/8/2026 18:51,LOT-717-C6809
,185,76,578,8,6/12/2026,2/24/2026 2:00,LOT-696-B8420
,496,101,579,1,5/8/2026,3/27/2026 23:29,LOT-896-B2906
,21,54,580,8,4/24/2027,1/15/2026 5:45,LOT-387-D6372
,136,55,581,7,3/11/2026,2/11/2026 15:00,LOT-334-C3325
,475,29,582,5,3/28/2026,3/8/2026 13:46,LOT-662-C3809
,215,26,583,9,12/9/2027,2/20/2026 21:24,LOT-935-A9722
,429,66,584,10,6/11/2027,3/23/2026 5:17,LOT-454-D8438
,79,41,585,1.39,3/14/2026,2/8/2026 8:06,LOT-262-A5003
,105,28,586,1,4/18/2026,2/25/2026 13:59,LOT-654-B6616
,229,16,587,6,2/17/2027,2/24/2026 5:50,LOT-945-C7897
,259,19,588,8,5/2/2026,4/1/2026 10:00,LOT-893-A3942
,302,106,589,2,6/20/2026,2/15/2026 12:48,LOT-388-A7735
,132,54,590,3,3/14/2026,1/31/2026 11:07,LOT-543-B7056
,380,97,591,5,3/17/2026,1/28/2026 11:47,LOT-278-B8332
,448,76,592,9,5/2/2026,2/13/2026 20:22,LOT-718-C3360
,276,75,593,445.06,9/14/2026,3/26/2026 3:20,LOT-814-B8899
,42,98,594,10,4/25/2026,3/24/2026 6:14,LOT-919-D2406
,246,108,595,9,9/29/2027,3/23/2026 11:23,LOT-563-D9828
,179,19,596,5,4/8/2026,3/22/2026 6:40,LOT-246-D6948
,279,71,597,10,11/9/2026,2/25/2026 8:21,LOT-716-A2320
,53,52,598,4,6/9/2026,2/9/2026 11:12,LOT-840-B1971
,441,90,599,9,2/8/2026,1/30/2026 0:05,LOT-173-A9698
,282,52,600,4,10/27/2027,3/20/2026 4:09,LOT-453-A2260
,368,64,601,7,1/29/2027,3/11/2026 9:29,LOT-314-C4678
,434,45,602,3,10/21/2026,2/18/2026 11:42,LOT-780-D9117
,389,26,603,9,6/1/2027,4/3/2026 14:00,LOT-280-D9658
,154,10,604,9,12/12/2026,4/2/2026 15:54,LOT-444-D9132
,314,51,605,2.2,5/6/2026,1/3/2026 20:31,LOT-886-B1137
,58,37,606,10,8/17/2027,2/20/2026 22:06,LOT-732-C5297
,491,1,607,5,1/23/2027,1/15/2026 8:34,LOT-198-B5512
,469,87,608,1,2/29/2028,3/17/2026 11:51,LOT-463-D8585
,328,37,609,8,3/2/2026,2/10/2026 19:46,LOT-476-A8784
,60,87,610,5,3/25/2026,2/26/2026 10:05,LOT-551-D1765
,293,52,611,10,9/5/2026,1/6/2026 20:07,LOT-415-A3116
,386,109,612,3,9/26/2027,1/15/2026 6:51,LOT-125-C4455
,305,44,613,9,8/8/2027,2/13/2026 21:42,LOT-819-D6311
,146,79,614,3,8/5/2026,3/28/2026 13:14,LOT-788-B1695
,374,51,615,4,6/19/2026,1/26/2026 19:58,LOT-777-D8411
,398,39,616,9,7/13/2027,1/2/2026 21:25,LOT-245-D5612
,141,87,617,7,6/19/2026,2/2/2026 18:35,LOT-319-D7852
,449,78,618,1,5/14/2026,3/27/2026 21:50,LOT-790-A2606
,104,110,619,6,7/21/2027,1/12/2026 9:45,LOT-147-A6179
,100,88,620,2,11/1/2027,4/7/2026 0:28,LOT-389-C9126
,460,2,621,2,8/29/2026,1/15/2026 14:28,LOT-803-C4707
,371,99,622,6,11/7/2027,2/13/2026 22:41,LOT-294-D6220
,14,86,623,2,4/23/2027,3/13/2026 7:15,LOT-745-B3948
,253,70,624,3,4/19/2026,2/11/2026 4:17,LOT-475-B7837
,470,88,625,2,2/19/2027,1/4/2026 4:13,LOT-439-B4901
,251,39,626,6,8/31/2026,1/30/2026 21:32,LOT-906-A2026
,435,92,627,5,3/21/2026,3/19/2026 1:50,LOT-211-D4242
,398,55,628,2,10/21/2027,3/24/2026 1:01,LOT-808-A7918
,350,14,629,8,1/3/2028,3/7/2026 2:09,LOT-634-A6619
,210,80,630,9,5/27/2027,1/26/2026 19:14,LOT-937-C1824
,423,81,631,4,3/9/2026,2/25/2026 20:17,LOT-175-C2632
,155,42,632,8,7/16/2027,1/31/2026 14:47,LOT-785-C9763
,4,65,633,2.96,4/19/2026,3/5/2026 4:34,LOT-175-B2141
,198,7,634,3,9/17/2027,1/21/2026 8:32,LOT-619-C4459
,65,14,635,1,12/14/2027,2/21/2026 9:31,LOT-297-B9016
,404,47,636,10,7/22/2026,3/11/2026 14:31,LOT-285-A4246
,156,14,637,7,8/8/2026,1/2/2026 5:00,LOT-370-A8005
,33,102,638,1,10/14/2027,1/17/2026 10:58,LOT-417-D6595
,89,25,639,2,10/17/2025,1/14/2026 10:45,LOT-175-D6933
,252,110,640,7,2/13/2026,1/23/2026 20:00,LOT-996-A2243
,240,52,641,4,8/23/2027,1/18/2026 5:58,LOT-627-B1215
,494,50,642,3,3/18/2026,2/6/2026 18:02,LOT-540-D3799
,91,19,643,1,4/7/2026,4/5/2026 0:39,LOT-552-B6531
,319,57,644,1.91,10/13/2027,2/24/2026 11:19,LOT-308-C4502
,492,36,645,5,7/11/2026,2/16/2026 11:23,LOT-426-C6741
,105,22,646,9,1/24/2026,3/10/2026 23:26,LOT-819-C9678
,319,110,647,1.96,10/13/2027,3/11/2026 9:38,LOT-627-D6291
,356,61,648,4,1/30/2027,3/7/2026 15:26,LOT-391-D7089
,8,98,649,4.82,11/28/2026,3/22/2026 21:44,LOT-952-B2277
,413,29,650,10,9/19/2026,1/31/2026 17:30,LOT-726-C4006
,53,85,651,4,9/29/2026,4/5/2026 5:39,LOT-448-C1400
,475,29,652,5,2/20/2026,1/13/2026 16:33,LOT-418-C7756
,426,103,653,8,12/8/2027,1/27/2026 11:00,LOT-770-B1361
,87,42,654,10,4/15/2027,1/5/2026 10:14,LOT-542-D6934
,332,26,655,4,3/25/2026,2/27/2026 13:02,LOT-366-B3600
,37,112,656,3,9/8/2026,4/4/2026 8:31,LOT-249-D7061
,22,56,657,7,1/15/2027,3/3/2026 0:18,LOT-880-A9370
,443,86,658,1,11/15/2027,3/28/2026 8:29,LOT-574-D4196
,35,80,659,3,5/4/2026,4/5/2026 12:37,LOT-299-C5902
,249,2,660,2.28,9/6/2026,2/25/2026 19:18,LOT-172-A6653
,218,104,661,152.59,6/19/2027,3/29/2026 22:53,LOT-989-A6589
,181,40,662,1.03,6/10/2026,1/25/2026 7:21,LOT-533-B1607
,474,66,663,1,3/18/2026,3/14/2026 18:50,LOT-877-C9989
,59,22,664,5,1/30/2027,4/5/2026 9:51,LOT-713-C6745
,178,61,665,5,11/14/2026,3/11/2026 13:29,LOT-952-C5564
,347,67,666,1.72,8/11/2026,4/5/2026 9:58,LOT-419-B7798
,183,84,667,4,8/28/2027,3/27/2026 20:07,LOT-336-A6299
,332,91,668,8,9/13/2026,2/10/2026 9:48,LOT-896-B6964
,207,80,669,5,8/9/2026,3/18/2026 4:45,LOT-756-B9964
,107,22,670,2,12/1/2027,2/6/2026 12:34,LOT-993-A8576
,217,107,671,1,5/15/2026,1/12/2026 10:15,LOT-130-A1543
,328,17,672,6,6/24/2026,1/14/2026 14:22,LOT-811-B3113
,450,76,673,3,9/8/2027,4/7/2026 6:15,LOT-464-C1521
,33,71,674,4,6/20/2027,3/22/2026 9:50,LOT-305-D9931
,370,10,675,1,4/8/2026,3/13/2026 10:22,LOT-581-D5604
,192,90,676,2,1/18/2027,2/17/2026 3:47,LOT-998-D5813
,56,52,677,5,5/19/2026,1/25/2026 18:30,LOT-764-D3666
,194,60,678,4,8/5/2027,3/2/2026 6:27,LOT-587-A6738
,402,34,679,1,4/29/2027,1/23/2026 11:36,LOT-440-B3887
,104,42,680,1,11/26/2026,3/3/2026 16:06,LOT-243-B8661
,174,68,681,6,2/6/2026,1/25/2026 16:15,LOT-797-B8303
,316,100,682,183.68,11/20/2027,3/7/2026 19:14,LOT-627-C7021
,278,67,683,5,12/2/2026,2/19/2026 4:44,LOT-412-C8226
,10,40,684,4.06,5/18/2026,3/20/2026 8:22,LOT-926-C2724
,30,89,685,5,6/25/2026,2/7/2026 12:46,LOT-206-D5190
,113,13,686,5,11/28/2027,3/2/2026 5:39,LOT-139-A1489
,333,16,687,1,10/6/2027,1/19/2026 20:55,LOT-805-A5673
,363,41,688,9,4/5/2027,2/26/2026 20:35,LOT-517-D7290
,416,78,689,2,1/30/2027,2/25/2026 6:30,LOT-429-B8202
,105,104,690,6,2/23/2026,2/16/2026 5:30,LOT-997-A3790
,349,2,691,7,10/12/2027,1/14/2026 17:29,LOT-978-B3836
,252,24,692,5,8/8/2026,3/6/2026 4:05,LOT-351-B5868
,203,26,693,397.2,3/22/2026,3/29/2026 20:14,LOT-376-A1987
,496,62,694,9,3/25/2026,3/7/2026 23:11,LOT-340-C5636
,367,68,695,10,3/26/2027,3/4/2026 18:19,LOT-546-C2644
,78,5,696,4.65,4/15/2026,3/14/2026 0:33,LOT-964-D6410
,344,13,697,7,5/9/2026,2/3/2026 4:08,LOT-924-A7512
,104,47,698,3,11/16/2026,4/2/2026 23:06,LOT-512-A4984
,9,5,699,1.25,4/6/2026,3/9/2026 13:56,LOT-385-C9163
,403,4,700,1,11/19/2027,1/28/2026 7:45,LOT-521-D8933
,494,48,701,6,9/6/2027,3/11/2026 12:25,LOT-956-B7108
,458,31,702,9,8/26/2026,1/26/2026 12:52,LOT-763-B7920
,373,107,703,5,5/31/2026,3/22/2026 20:52,LOT-362-A4708
,479,57,704,1,1/18/2028,2/22/2026 11:38,LOT-752-A1462
,287,84,705,1.08,10/10/2026,1/20/2026 23:58,LOT-135-A7193
,408,87,706,7,10/7/2026,2/12/2026 8:58,LOT-395-B9403
,284,56,707,2.28,11/26/2026,3/4/2026 9:28,LOT-459-B3953
,174,33,708,8,10/31/2026,3/9/2026 19:01,LOT-997-C2786
,386,106,709,1,2/23/2028,3/23/2026 8:49,LOT-797-A4610
,324,63,710,4,1/3/2027,1/11/2026 21:12,LOT-200-B9853
,393,55,711,9,8/28/2026,3/27/2026 2:17,LOT-984-D2532
,406,18,712,6,6/13/2027,2/17/2026 4:17,LOT-770-B1039
,298,88,713,2,6/8/2026,3/28/2026 23:01,LOT-811-D9721
,418,113,714,4,4/4/2026,2/7/2026 18:01,LOT-420-C9786
,199,25,715,1.41,12/24/2027,3/23/2026 17:02,LOT-707-B2022
,267,19,716,494.48,3/1/2026,1/21/2026 19:03,LOT-506-B3484
,159,32,717,1,5/2/2027,3/12/2026 1:57,LOT-195-C1502
,157,73,718,10,12/14/2027,1/12/2026 13:57,LOT-895-C2874
,31,32,719,3,4/29/2026,1/30/2026 13:22,LOT-307-C6385
,265,78,720,172.61,7/27/2027,1/18/2026 21:24,LOT-226-D8068
,131,46,721,5,3/29/2026,3/11/2026 18:35,LOT-768-D4069
,77,74,722,490.17,3/25/2026,3/11/2026 5:47,LOT-651-C1592
,480,77,723,6,2/19/2027,2/17/2026 13:36,LOT-202-C6513
,414,47,724,10,12/5/2026,2/14/2026 19:15,LOT-866-C1451
,327,66,725,3,10/4/2027,1/12/2026 13:21,LOT-602-C8713
,112,73,726,1.12,11/7/2027,3/24/2026 11:00,LOT-849-C8582
,21,10,727,4,12/13/2027,1/4/2026 3:50,LOT-872-C9415
,52,40,728,4,9/7/2027,1/21/2026 6:16,LOT-412-B8895
,63,44,729,3.67,10/8/2026,1/2/2026 0:20,LOT-554-B4185
,135,66,730,7,3/15/2026,2/18/2026 12:35,LOT-413-C7119
,220,40,731,9,12/29/2026,2/18/2026 12:12,LOT-732-D1850
,397,37,732,3.65,3/12/2026,1/17/2026 18:07,LOT-808-D4657
,297,108,733,9,10/18/2027,3/13/2026 14:20,LOT-856-D7777
,9,66,734,1.64,3/31/2027,3/6/2026 11:32,LOT-812-C8866
,323,64,735,2,2/28/2026,1/6/2026 22:44,LOT-770-B5368
,290,75,736,7,12/30/2026,2/6/2026 21:52,LOT-360-C9553
,52,103,737,4,3/7/2028,3/18/2026 13:37,LOT-670-D7841
,193,60,738,2,4/1/2026,3/24/2026 10:26,LOT-482-D4843
,349,111,739,4,2/4/2028,3/9/2026 1:00,LOT-319-D9335
,306,20,740,2,3/1/2027,1/24/2026 18:04,LOT-779-B6767
,350,21,741,6,4/18/2026,2/22/2026 7:14,LOT-949-A5030
,415,59,742,4.86,9/8/2026,2/19/2026 3:36,LOT-858-C1821
,265,17,743,470.87,3/27/2027,1/11/2026 19:26,LOT-906-D3445
,225,71,744,4,4/23/2026,1/14/2026 4:43,LOT-417-A6895
,375,11,745,10,4/16/2027,2/12/2026 17:32,LOT-218-A4137
,190,63,746,1,12/10/2027,4/6/2026 8:07,LOT-894-B3292
,152,32,747,9,10/18/2027,3/25/2026 11:24,LOT-429-D5910
,312,107,748,2.97,5/21/2027,4/6/2026 20:30,LOT-137-A5085
,435,74,749,6,4/3/2026,1/27/2026 9:00,LOT-906-D8922
,263,59,750,4,4/28/2027,4/3/2026 5:23,LOT-872-C6610
,383,75,751,4,2/15/2026,1/26/2026 6:03,LOT-416-C8089
,445,29,752,3.01,4/23/2026,1/23/2026 14:25,LOT-552-A2642
,469,93,753,1,3/6/2026,1/5/2026 13:49,LOT-725-D8804
,397,55,754,3.19,1/9/2027,1/13/2026 14:20,LOT-738-D8808
,242,29,755,362.95,3/16/2026,2/28/2026 23:08,LOT-715-D8281
,146,83,756,3,1/4/2028,1/27/2026 14:34,LOT-746-B4896
,143,27,757,1,4/12/2026,4/5/2026 10:22,LOT-251-C9499
,352,79,758,10,3/26/2026,1/28/2026 23:41,LOT-897-A8309
,104,82,759,6,9/6/2027,2/21/2026 8:47,LOT-374-A2361
,380,78,760,6,2/13/2026,3/19/2026 12:43,LOT-578-A4318
,43,99,761,2,3/12/2026,2/23/2026 11:42,LOT-716-A1790
,284,84,762,4.04,6/21/2027,1/4/2026 18:05,LOT-661-D8615
,41,42,763,6,6/27/2026,3/8/2026 17:24,LOT-114-A5390
,359,2,764,2,3/12/2026,2/2/2026 11:37,LOT-378-B4590
,221,24,765,9,4/21/2027,1/25/2026 23:36,LOT-501-C4002
,398,78,766,2,2/25/2026,1/24/2026 17:36,LOT-521-A9948
,85,61,767,7,1/15/2026,1/22/2026 22:24,LOT-413-D6066
,408,79,768,1,12/13/2027,1/31/2026 17:47,LOT-659-B6092
,395,24,769,4.11,10/19/2027,3/29/2026 22:08,LOT-874-D4954
,210,79,770,2,4/30/2027,2/26/2026 10:18,LOT-189-C7595
,480,77,771,1,6/20/2027,3/22/2026 7:23,LOT-932-A3041
,119,2,772,6,12/20/2026,3/30/2026 0:17,LOT-598-B1724
,306,16,773,7,4/12/2026,1/25/2026 21:44,LOT-738-A9297
,95,56,774,3,11/27/2026,1/15/2026 16:47,LOT-516-B8399
,392,105,775,10,3/29/2026,2/27/2026 9:48,LOT-385-B3068
,266,3,776,2,4/2/2027,1/13/2026 19:13,LOT-435-A5904
,246,17,777,3,9/24/2026,3/21/2026 8:47,LOT-240-C9379
,48,110,778,1,4/24/2026,2/10/2026 8:14,LOT-349-C2219
,465,101,779,4,9/27/2026,1/10/2026 5:11,LOT-653-C8339
,411,4,780,3,2/8/2027,3/12/2026 0:18,LOT-159-A7013
,169,82,781,339.25,3/16/2027,1/9/2026 22:53,LOT-478-D1020
,214,1,782,9,3/13/2026,2/3/2026 12:37,LOT-667-A7206
,437,53,783,10,4/19/2026,2/18/2026 12:20,LOT-321-D7953
,493,81,784,1,2/3/2028,2/22/2026 19:31,LOT-942-A6966
,464,85,785,5,5/12/2026,3/22/2026 14:11,LOT-846-A9065
,85,38,786,5,12/20/2026,3/4/2026 1:02,LOT-702-D8791
,393,84,787,6,6/7/2027,1/3/2026 5:57,LOT-377-B5981
,6,79,788,3.01,1/14/2028,3/20/2026 3:08,LOT-848-D5701
,428,80,789,5,5/17/2026,3/5/2026 3:51,LOT-711-D7003
,319,100,790,3.06,4/10/2026,1/31/2026 21:05,LOT-292-A2497
,222,113,791,7,6/17/2027,3/10/2026 3:52,LOT-790-D4972
,345,42,792,2,5/12/2027,2/17/2026 22:23,LOT-397-A7404
,78,39,793,2.31,7/21/2026,1/11/2026 18:16,LOT-198-A1168
,382,48,794,7,9/25/2026,4/8/2026 8:38,LOT-272-B6565
,205,47,795,2.37,9/15/2026,1/20/2026 23:38,LOT-491-C7767
,500,41,796,10,1/2/2027,1/28/2026 8:03,LOT-137-B2910
,189,30,797,9,5/26/2026,2/24/2026 16:57,LOT-819-D2799
,65,16,798,2,10/18/2027,1/5/2026 9:35,LOT-204-C1657
,357,53,799,4.44,2/11/2027,3/27/2026 5:39,LOT-284-C6751
,397,39,800,2.5,10/11/2026,3/29/2026 10:58,LOT-529-B1322
,418,112,801,5,8/17/2026,4/2/2026 12:36,LOT-147-D7859
,428,36,802,6,1/8/2028,3/29/2026 2:39,LOT-678-D9642
,66,44,803,9,12/28/2026,1/8/2026 9:38,LOT-502-D1899
,145,92,804,10,1/15/2027,1/24/2026 16:50,LOT-634-D8149
,298,23,805,8,8/11/2027,3/25/2026 17:43,LOT-279-C7062
,433,60,806,9,4/24/2026,3/23/2026 8:29,LOT-395-C3076
,413,46,807,5,12/25/2027,3/16/2026 12:51,LOT-339-C9532
,59,29,808,8,3/25/2026,3/10/2026 12:40,LOT-310-D9108
,177,25,809,1,3/24/2026,1/24/2026 13:41,LOT-222-D5701
,17,55,810,1.66,2/17/2027,2/24/2026 4:41,LOT-969-C1439
,443,65,811,2,12/10/2026,3/14/2026 4:46,LOT-494-D1622
,58,48,812,6,7/7/2027,3/22/2026 12:22,LOT-940-D8311
,381,109,813,9,9/2/2027,4/3/2026 16:08,LOT-988-A2039
,334,2,814,5,12/15/2026,2/2/2026 19:20,LOT-179-C7511
,196,86,815,4,1/13/2027,3/19/2026 12:50,LOT-691-C9228
,377,84,816,8,11/1/2027,3/3/2026 17:49,LOT-794-C6617
,346,94,817,5,9/1/2026,1/14/2026 7:57,LOT-343-D3864
,91,84,818,3,2/26/2028,4/2/2026 1:42,LOT-923-B9462
,79,66,819,2.49,5/18/2026,3/21/2026 13:55,LOT-358-D1901
,24,89,820,1,4/9/2026,3/22/2026 22:55,LOT-375-C2008
,261,52,821,2,9/11/2027,2/19/2026 19:18,LOT-203-A2200
,368,86,822,2,1/8/2028,2/20/2026 0:58,LOT-593-A4867
,145,30,823,10,1/11/2028,4/5/2026 11:37,LOT-397-A3786
,465,71,824,8,3/21/2028,3/26/2026 9:38,LOT-436-A1921
,108,87,825,7,2/5/2028,4/5/2026 23:33,LOT-475-D3205
,15,93,826,4,2/15/2026,1/23/2026 15:07,LOT-799-B9446
,443,91,827,1,12/12/2027,2/23/2026 10:56,LOT-381-B2716
,177,21,828,7,8/14/2027,1/8/2026 13:57,LOT-393-A5436
,447,12,829,3,6/21/2026,3/8/2026 18:59,LOT-305-B9674
,229,39,830,8,12/28/2026,3/12/2026 0:07,LOT-619-B4694
,7,6,831,3.6,5/14/2026,2/11/2026 0:04,LOT-271-B6338
,30,2,832,1,10/31/2026,4/4/2026 7:02,LOT-916-C7900
,144,107,833,6,5/12/2027,2/7/2026 8:10,LOT-990-D2899
,361,2,834,8,7/3/2026,2/9/2026 7:54,LOT-359-B6763
,98,15,835,6,6/25/2027,3/29/2026 14:58,LOT-694-C2273
,289,79,836,10,6/20/2026,1/11/2026 12:33,LOT-260-D8744
,57,113,837,3,1/19/2027,3/1/2026 22:10,LOT-669-B5444
,31,9,838,3,5/30/2027,1/28/2026 17:24,LOT-496-D8344
,305,17,839,1,7/13/2027,3/11/2026 23:09,LOT-591-D6057
,240,17,840,2,10/11/2026,3/2/2026 19:01,LOT-752-B3540
,342,3,841,3,10/2/2026,3/7/2026 11:55,LOT-383-B8562
,138,61,842,6,2/16/2026,1/12/2026 8:32,LOT-180-C9116
,291,103,843,6,8/29/2027,3/20/2026 8:59,LOT-922-A2041
,185,91,844,3,11/3/2026,1/2/2026 15:48,LOT-679-A9979
,378,39,845,6,8/16/2027,3/30/2026 2:13,LOT-292-D3238
,320,7,846,9,7/1/2027,1/6/2026 16:20,LOT-939-D7202
,307,67,847,125.25,2/24/2026,2/12/2026 8:04,LOT-449-A2487
,9,74,848,2.51,12/29/2027,2/10/2026 12:19,LOT-190-C7479
,265,9,849,87.85,5/9/2027,1/15/2026 4:05,LOT-799-D7805
,117,75,850,8,6/3/2026,1/19/2026 0:47,LOT-596-B1904
,404,35,851,1,7/18/2027,1/21/2026 21:50,LOT-531-D9572
,434,99,852,1,1/11/2027,3/23/2026 7:10,LOT-688-D2177
,438,75,853,205.76,6/12/2026,3/3/2026 15:34,LOT-974-B5791
,283,1,854,1,11/8/2027,1/8/2026 7:11,LOT-688-A8183
,87,98,855,1,4/25/2027,3/31/2026 2:35,LOT-636-C8469
,53,43,856,1,4/5/2027,3/31/2026 17:31,LOT-428-C4824
,197,98,857,97.05,6/22/2027,1/17/2026 13:29,LOT-740-A8064
,254,90,858,8,9/19/2026,2/26/2026 5:48,LOT-907-B6805
,169,91,859,388.37,8/30/2026,1/15/2026 16:10,LOT-683-D2314
,488,91,860,3,7/26/2026,1/26/2026 14:12,LOT-367-B6444
,303,49,861,4,6/8/2026,1/3/2026 2:06,LOT-334-A6081
,479,10,862,2,2/7/2028,3/9/2026 0:27,LOT-562-D9087
,328,10,863,10,4/16/2027,3/18/2026 12:41,LOT-393-C4001
,173,44,864,5,3/15/2027,3/17/2026 7:16,LOT-609-B7299
,311,15,865,1.06,7/4/2026,2/20/2026 1:11,LOT-501-D2769
,462,46,866,5,12/11/2026,3/25/2026 4:46,LOT-270-A7392
,500,13,867,5,5/15/2026,3/25/2026 15:58,LOT-481-A7497
,418,111,868,4,6/16/2027,1/28/2026 13:14,LOT-863-D1784
,427,106,869,10,8/22/2026,1/7/2026 2:52,LOT-975-D3467
,334,40,870,9,7/19/2027,1/3/2026 1:30,LOT-393-C3281
,244,25,871,147.77,8/14/2026,3/29/2026 17:33,LOT-754-B1683
,312,107,872,4.49,3/11/2026,2/12/2026 21:15,LOT-584-D7381
,398,7,873,5,4/27/2027,1/22/2026 21:30,LOT-430-B9597
,82,52,874,5,11/12/2027,3/30/2026 20:20,LOT-474-A2137
,385,55,875,3,4/10/2026,2/27/2026 5:53,LOT-838-B3028
,10,50,876,4.72,2/17/2027,1/9/2026 16:10,LOT-658-C4759
,221,87,877,9,7/30/2027,4/4/2026 0:21,LOT-955-A7944
,128,87,878,3,3/1/2026,1/31/2026 6:07,LOT-459-D9597
,369,96,879,4,4/18/2026,1/26/2026 4:59,LOT-109-B3607
,4,64,880,1.9,4/18/2026,3/30/2026 12:34,LOT-965-C2413
,430,10,881,1,9/7/2026,2/17/2026 4:09,LOT-475-B1606
,110,27,882,6,11/12/2027,4/8/2026 9:17,LOT-812-C5432
,92,107,883,3.99,1/22/2026,1/29/2026 6:35,LOT-485-B1988
,375,8,884,5,2/3/2026,2/16/2026 14:39,LOT-514-D3524
,185,80,885,4,5/30/2027,3/30/2026 16:15,LOT-867-D5247
,323,47,886,10,10/9/2026,3/22/2026 9:08,LOT-888-C9322
,384,22,887,5,1/6/2027,1/25/2026 18:46,LOT-252-A6890
,396,111,888,4.8,7/13/2027,1/31/2026 18:24,LOT-723-C4101
,11,41,889,2.38,2/12/2027,1/4/2026 8:21,LOT-388-A9710
,249,76,890,1.88,3/2/2028,3/7/2026 12:49,LOT-993-B6040
,108,88,891,2,11/1/2027,2/9/2026 14:41,LOT-698-C2685
,462,34,892,10,10/7/2026,2/5/2026 22:48,LOT-399-A6324
,92,7,893,2.99,9/26/2026,1/3/2026 18:58,LOT-761-C8951
,108,51,894,4,5/11/2027,2/1/2026 18:22,LOT-644-D2345
,364,29,895,2,8/7/2026,3/14/2026 7:13,LOT-497-C8748
,129,83,896,9,11/25/2026,1/16/2026 20:40,LOT-710-C8617
,107,68,897,6,3/6/2026,1/25/2026 14:52,LOT-724-B1860
,84,55,898,5,4/8/2027,1/26/2026 7:40,LOT-616-C2244
,362,7,899,10,7/4/2027,3/15/2026 20:04,LOT-292-D9988
,381,76,900,8,12/7/2027,2/3/2026 4:04,LOT-263-B5756
,63,23,901,0.55,1/9/2026,1/4/2026 21:17,LOT-611-C6487
,21,90,902,1,9/17/2026,3/4/2026 2:40,LOT-761-B7736
,62,62,903,3.8,5/4/2027,3/1/2026 10:02,LOT-931-C9547
,281,32,904,6,6/2/2027,3/21/2026 12:27,LOT-581-A4594
,330,103,905,175.84,2/9/2027,2/12/2026 18:47,LOT-745-A9584
,107,19,906,2,7/29/2026,1/6/2026 0:20,LOT-601-A3544
,94,9,907,5,5/28/2026,3/18/2026 15:46,LOT-550-C3164
,439,47,908,9,12/14/2027,2/28/2026 13:24,LOT-637-C3358
,195,94,909,129.17,11/2/2027,1/3/2026 21:45,LOT-446-A2894
,82,82,910,2,8/31/2027,1/17/2026 12:23,LOT-165-A3071
,248,33,911,1,8/7/2027,1/8/2026 0:43,LOT-171-C5287
,302,68,912,5,1/12/2027,1/12/2026 2:37,LOT-436-B6240
,316,54,913,62.85,8/19/2026,3/9/2026 21:41,LOT-165-A5650
,439,3,914,1,6/14/2027,1/26/2026 21:23,LOT-188-B8716
,138,13,915,2,10/17/2027,4/8/2026 20:50,LOT-164-D8107
,110,32,916,7,4/10/2026,3/7/2026 7:14,LOT-802-B2936
,4,1,917,1.57,7/17/2026,2/21/2026 21:19,LOT-164-A1684
,179,58,918,2,12/21/2026,2/12/2026 2:04,LOT-173-D2857
,247,78,919,7,7/18/2026,1/28/2026 19:23,LOT-777-A6277
,467,51,920,5,5/25/2026,4/6/2026 0:06,LOT-753-A7401
,269,25,921,10,2/24/2027,1/25/2026 20:55,LOT-427-B1241
,422,113,922,7,9/25/2027,4/8/2026 6:17,LOT-854-A5507
,451,67,923,1,9/20/2027,2/17/2026 4:29,LOT-762-B9205
,231,49,924,1.52,1/27/2027,3/13/2026 13:16,LOT-823-B7587
,162,40,925,10,5/5/2026,3/21/2026 5:13,LOT-892-B6459
,61,88,926,7,9/2/2027,2/1/2026 10:00,LOT-315-D7688
,410,44,927,6,3/24/2026,2/17/2026 19:01,LOT-457-A4523
,422,1,928,9,4/6/2026,1/18/2026 7:03,LOT-874-D7843
,8,34,929,2.25,4/10/2027,3/18/2026 18:11,LOT-142-B2816
,444,59,930,10,1/12/2027,1/13/2026 3:39,LOT-416-C5284
,187,111,931,8,2/16/2026,1/16/2026 20:46,LOT-200-C9303
,19,19,932,4,8/16/2026,1/15/2026 23:21,LOT-985-B9176
,265,53,933,406.47,8/2/2026,2/18/2026 21:06,LOT-941-B4142
,175,51,934,3,3/25/2026,2/1/2026 5:48,LOT-669-D7609
,409,105,935,2,2/4/2027,3/3/2026 1:34,LOT-444-A6456
,131,103,936,2,7/13/2027,2/2/2026 1:13,LOT-368-B9111
,9,67,937,3.68,5/22/2027,3/16/2026 15:23,LOT-274-C2139
,217,19,938,9,6/1/2027,1/23/2026 22:04,LOT-954-B4757
,352,62,939,5,3/13/2027,1/25/2026 21:28,LOT-777-A1686
,16,14,940,397.72,6/12/2027,2/13/2026 14:55,LOT-219-D3675
,420,20,941,4,3/10/2027,1/10/2026 19:21,LOT-875-A6558
,333,53,942,9,7/4/2027,3/22/2026 8:23,LOT-737-D4150
,174,102,943,4,9/5/2027,2/17/2026 4:07,LOT-594-C9521
,367,111,944,4,4/23/2027,3/29/2026 22:04,LOT-841-D9541
,498,71,945,5,7/30/2026,2/26/2026 4:16,LOT-175-C1900
,27,18,946,2,3/9/2026,2/11/2026 22:01,LOT-261-B5306
,307,41,947,181.75,1/19/2028,3/27/2026 1:57,LOT-462-D3963
,445,97,948,1.54,7/21/2027,1/21/2026 20:43,LOT-177-C6683
,70,15,949,10,7/1/2026,1/9/2026 21:53,LOT-124-D2222
,368,8,950,2,2/18/2028,4/7/2026 19:22,LOT-720-B1614
,218,34,951,220.34,3/30/2026,2/11/2026 15:04,LOT-627-C2506
,214,33,952,5,5/25/2027,1/15/2026 3:23,LOT-598-C6265
,350,5,953,9,1/14/2027,2/15/2026 10:09,LOT-806-D8095
,168,38,954,7,2/17/2026,1/24/2026 14:34,LOT-870-B9626
,477,55,955,5,9/30/2027,4/5/2026 11:44,LOT-775-B6064
,1,47,956,116.36,10/23/2026,1/17/2026 21:01,LOT-304-D7799
,175,50,957,9,10/3/2027,1/25/2026 20:03,LOT-558-D1701
,487,6,958,3,12/24/2026,4/4/2026 7:04,LOT-884-A5353
,218,24,959,157.37,9/18/2026,3/28/2026 17:04,LOT-677-C2089
,273,54,960,2.36,7/24/2026,3/25/2026 10:53,LOT-226-B3012
,212,68,961,3,1/11/2027,1/27/2026 12:13,LOT-793-C6838
,139,12,962,5,12/31/2026,1/9/2026 8:39,LOT-444-D9907
,449,32,963,1,9/7/2026,4/6/2026 8:39,LOT-294-D3766
,456,45,964,9,10/4/2026,1/16/2026 7:20,LOT-170-B9629
,411,8,965,10,7/13/2027,1/24/2026 19:17,LOT-761-B1409
,461,91,966,6,10/25/2027,3/27/2026 0:02,LOT-866-A8073
,161,74,967,10,6/21/2026,2/18/2026 21:50,LOT-918-B2110
,311,45,968,1.67,11/11/2027,4/6/2026 6:33,LOT-865-B5549
,424,72,969,3,8/14/2027,1/4/2026 21:02,LOT-201-C8670
,206,91,970,5,4/22/2026,2/21/2026 9:27,LOT-811-B4379
,95,23,971,3,11/16/2027,2/25/2026 8:26,LOT-253-C5540
,335,94,972,7,9/18/2027,3/20/2026 5:55,LOT-232-D9060
,130,47,973,7,4/2/2026,3/29/2026 3:34,LOT-662-C3660
,234,5,974,8,12/18/2025,3/14/2026 15:14,LOT-255-B5613
,385,72,975,5,2/23/2026,1/10/2026 1:19,LOT-181-B1266
,397,42,976,3.76,11/14/2027,1/25/2026 9:31,LOT-634-C5322
,161,68,977,8,8/14/2026,1/5/2026 12:52,LOT-479-D4325
,383,112,978,5,2/10/2027,2/2/2026 0:28,LOT-652-A1931
,379,83,979,5,11/26/2027,2/10/2026 20:25,LOT-597-B9088
,202,32,980,7,9/23/2026,3/4/2026 22:44,LOT-144-C5734
,437,34,981,10,11/22/2027,2/16/2026 19:20,LOT-960-D9028
,176,90,982,1,6/19/2026,3/12/2026 10:03,LOT-600-D2642
,313,45,983,4.67,5/26/2026,3/29/2026 2:57,LOT-524-B9850
,383,12,984,3,2/24/2027,1/4/2026 0:45,LOT-722-B1769
,234,76,985,5,7/24/2027,2/5/2026 12:17,LOT-394-C2706
,66,105,986,10,3/17/2026,3/6/2026 14:29,LOT-787-A2622
,334,69,987,5,3/4/2026,2/28/2026 0:35,LOT-255-A3492
,295,104,988,7,1/14/2027,4/7/2026 14:04,LOT-256-C5424
,147,33,989,7,5/20/2027,4/5/2026 13:59,LOT-866-A5350
,247,16,990,1,2/8/2027,3/13/2026 9:05,LOT-921-D8833
,245,101,991,6,9/24/2027,1/11/2026 21:30,LOT-205-B8889
,464,43,992,5,12/25/2027,1/31/2026 4:12,LOT-578-C3877
,67,88,993,4,3/27/2026,2/11/2026 12:11,LOT-253-B5352
,5,9,994,2.36,9/4/2026,2/27/2026 15:12,LOT-240-A6004
,293,105,995,5,9/16/2027,4/4/2026 0:16,LOT-760-C7516
,90,113,996,4,12/6/2026,3/31/2026 0:49,LOT-572-A9276
,231,60,997,4.57,10/16/2027,4/8/2026 2:55,LOT-575-B4869
,223,2,998,8,10/28/2027,2/14/2026 1:41,LOT-939-D3395
,164,110,999,391.38,2/18/2026,1/16/2026 16:01,LOT-783-C6601
,246,83,1000,2,2/5/2027,3/18/2026 6:38,LOT-651-B6159
