OrderHistoryID,OrderID,PurchaseID,ProductID,VendorID,UserID,TotalAmount,Quantity,UnitPrice,OrderDate
1,1,1,193,18,139,156.18,3.0,52.06,2025-12-22 01:14:40
2,2,2,131,41,256,773.76,6.0,128.96,2026-02-02 03:31:19
3,3,3,78,52,36,290.04,1.97,147.23,2026-01-21 02:57:35
4,4,4,374,54,251,78.32,2.0,39.16,2026-02-14 17:39:22
5,5,5,190,13,22,727.32,6.0,121.22,2026-03-18 15:57:32
6,6,6,19,85,37,572.95,5.0,114.59,2026-01-13 12:32:35
7,7,7,292,91,198,417.21,4.71,88.58,2026-03-06 20:49:04
8,8,8,111,55,236,201.6,5.0,40.32,2026-01-15 14:28:52
9,9,9,340,15,136,33.28,1.0,33.28,2026-01-20 08:53:46
10,10,10,197,95,191,26518.48,337.6,78.55,2026-02-22 12:43:49
11,11,11,372,47,216,195.4,5.0,39.08,2026-02-10 12:54:51
12,12,12,83,47,254,1029.66,1.56,660.04,2026-03-31 15:21:00
13,13,13,394,18,211,235.4,5.0,47.08,2026-03-08 10:46:03
14,14,14,480,31,208,506.16,6.0,84.36,2026-02-10 04:58:03
15,15,15,461,5,273,914.2,7.0,130.6,2026-01-21 00:45:10
16,16,16,33,85,270,110.2,4.0,27.55,2026-03-21 11:17:58
17,17,17,494,43,93,389.76,2.0,194.88,2026-03-03 16:05:20
18,18,18,482,78,50,150.33,3.0,50.11,2026-03-06 20:52:37
19,19,19,206,53,26,1102.56,8.0,137.82,2026-01-29 14:38:42
20,20,20,251,55,94,3397.01,1.0,3397.01,2026-01-02 12:46:13
21,21,21,155,5,76,801.45,9.0,89.05,2026-03-18 16:21:30
22,22,22,114,85,294,412.8,4.0,103.2,2026-02-04 06:35:55
23,23,23,87,11,216,655.69,7.0,93.67,2025-12-23 04:13:20
24,24,24,341,32,23,139.95,1.0,139.95,2026-01-01 23:04:59
25,25,25,453,20,61,108.75,3.0,36.25,2026-02-22 19:29:39
26,26,26,469,60,172,1478.2,10.0,147.82,2026-03-07 12:54:33
27,27,27,117,55,253,510.8,8.0,63.85,2026-02-13 16:33:10
28,28,28,387,58,298,1517.76,9.0,168.64,2026-03-22 11:40:42
29,29,29,392,46,98,1315.8,10.0,131.58,2026-01-01 18:22:13
30,30,30,350,38,6,192.84,4.0,48.21,2026-02-09 05:51:01
31,31,31,234,80,298,360.6,3.0,120.2,2026-01-02 03:06:06
32,32,32,125,38,243,765.18,6.0,127.53,2025-12-25 19:20:26
33,33,33,55,6,332,408.95,5.0,81.79,2026-01-25 22:33:09
34,34,34,56,52,170,164.22,2.0,82.11,2026-03-16 12:54:41
35,35,35,485,44,128,1209.25,7.0,172.75,2026-01-10 13:59:53
36,36,36,349,57,202,278.85,5.0,55.77,2026-01-10 02:26:47
37,37,37,464,21,190,5684.4,10.0,568.44,2026-02-05 15:58:05
38,38,38,295,23,98,624.16,8.0,78.02,2026-03-13 15:28:32
39,39,39,193,18,197,416.48,8.0,52.06,2026-02-10 22:44:24
40,40,40,439,95,325,484.1,5.0,96.82,2026-03-19 06:57:38
41,41,41,51,50,105,18206.6,4.0,4551.65,2026-01-05 00:42:24
42,42,42,428,96,214,479.78,7.0,68.54,2026-01-17 19:57:48
43,43,43,135,90,117,381.76,2.0,190.88,2026-03-10 22:29:01
44,44,44,87,22,97,682.64,8.0,85.33,2026-02-21 17:10:38
45,45,45,244,100,303,47777.16,324.86,147.07,2026-02-14 19:39:04
46,46,46,382,54,320,384.84,3.0,128.28,2026-03-04 16:57:55
47,47,47,312,12,149,80.51,2.86,28.15,2026-03-21 20:08:01
48,48,48,28,30,228,213.1,5.0,42.62,2026-02-01 20:28:47
49,49,49,490,74,10,150.72,3.0,50.24,2026-01-25 17:34:21
50,50,50,182,34,171,175.24,2.0,87.62,2026-02-14 03:09:29
51,51,51,25,45,187,831.27,3.0,277.09,2026-02-12 22:00:08
52,52,52,486,86,18,635.46,6.0,105.91,2026-02-24 09:15:28
53,53,53,171,61,194,308.16,8.0,38.52,2026-02-06 09:12:29
54,54,54,156,30,259,437.9,10.0,43.79,2026-03-08 03:51:51
55,55,55,156,30,225,131.37,3.0,43.79,2025-12-23 07:57:10
56,56,56,489,82,15,256.27,2.37,108.13,2026-03-05 10:32:13
57,57,57,46,10,165,5801.0,10.0,580.1,2026-02-10 14:38:08
58,58,58,155,5,171,356.2,4.0,89.05,2026-02-22 17:21:18
59,59,59,121,71,209,784.02,6.0,130.67,2026-01-27 11:44:14
60,60,60,290,25,48,248.0,4.0,62.0,2026-03-31 22:22:24
61,61,61,378,42,177,465.04,4.0,116.26,2026-03-11 01:13:57
62,62,62,131,78,81,588.28,4.0,147.07,2026-02-12 02:34:40
63,63,63,316,61,304,851490.11,161.01,5288.43,2026-02-21 13:03:39
64,64,64,148,12,203,125.77,0.72,174.68,2026-03-12 10:57:16
65,65,65,447,1,313,32433.68,8.0,4054.21,2026-01-11 11:42:22
66,66,66,132,27,67,988.2,10.0,98.82,2026-01-05 23:37:09
67,67,67,303,16,24,41.62,1.0,41.62,2026-03-08 11:34:02
68,68,68,374,54,186,352.44,9.0,39.16,2026-01-28 04:44:53
69,69,69,449,59,48,622.3,7.0,88.9,2026-02-07 06:40:55
70,70,70,110,65,324,271.44,3.0,90.48,2026-02-05 19:54:39
71,71,71,213,78,332,227.61,3.0,75.87,2026-03-04 00:37:08
72,72,72,50,77,81,6011.88,6.0,1001.98,2026-03-11 09:39:55
73,73,73,173,33,146,773.12,4.0,193.28,2026-01-30 02:10:29
74,74,74,16,38,178,4511.86,55.11,81.87,2025-12-31 09:45:12
75,75,75,282,42,308,765.4,5.0,153.08,2026-03-30 05:38:38
76,76,76,69,43,71,268.62,3.0,89.54,2026-02-09 07:02:46
77,77,77,20,2,89,317.28,2.0,158.64,2026-03-14 11:31:30
78,78,78,496,3,199,315.35,7.0,45.05,2026-01-05 16:56:41
79,79,79,132,27,289,790.56,8.0,98.82,2026-03-27 11:18:20
80,80,80,184,76,179,162.8,1.0,162.8,2026-02-26 04:41:31
81,81,81,65,53,73,771.72,4.0,192.93,2025-12-23 20:05:56
82,82,82,89,47,213,20.53,1.0,20.53,2026-03-15 01:22:48
83,83,83,494,4,305,1317.47,7.0,188.21,2026-03-16 06:20:45
84,84,84,144,73,136,1076.64,6.0,179.44,2026-01-15 03:42:48
85,85,85,342,98,235,350.58,2.0,175.29,2026-03-04 09:36:05
86,86,86,378,9,220,350.16,3.0,116.72,2026-03-28 10:36:07
87,87,87,111,98,155,327.04,8.0,40.88,2026-02-16 18:47:03
88,88,88,151,60,287,1125.39,7.0,160.77,2026-03-28 22:51:57
89,89,89,347,67,147,272.85,4.27,63.9,2026-02-09 17:12:20
90,90,90,128,54,93,427.41,3.0,142.47,2026-03-23 17:59:53
91,91,91,21,26,213,655.44,6.0,109.24,2026-01-16 00:06:12
92,92,92,225,16,95,1006.46,7.0,143.78,2026-02-15 17:45:05
93,93,93,262,24,25,44915.29,7.0,6416.47,2025-12-26 19:48:02
94,94,94,25,45,241,277.09,1.0,277.09,2026-02-26 10:59:01
95,95,95,253,47,166,13293.88,4.0,3323.47,2026-01-26 16:02:11
96,96,96,436,56,162,8857.48,259.75,34.1,2026-03-07 13:19:56
97,97,97,367,25,311,723.36,6.0,120.56,2026-01-02 13:48:51
98,98,98,335,3,249,1503.45,9.0,167.05,2026-01-21 16:48:45
99,99,99,386,11,204,156.88,2.0,78.44,2026-02-08 22:52:40
100,100,100,273,92,30,154.15,1.05,146.81,2026-01-19 02:40:17
101,101,101,55,6,326,163.58,2.0,81.79,2026-01-17 08:01:29
102,102,102,284,49,99,67.18,0.92,73.02,2026-03-06 06:55:02
103,103,103,18,2,66,139.24,1.0,139.24,2026-02-21 21:51:21
104,104,104,94,24,252,901.0,10.0,90.1,2026-03-12 09:41:59
105,105,105,281,88,257,1923.66,9.0,213.74,2026-01-11 11:07:46
106,106,106,354,82,323,382.23,3.0,127.41,2026-01-11 10:13:36
107,107,107,385,90,272,320.9,10.0,32.09,2026-01-29 10:10:59
108,108,108,275,91,263,1123.74,9.0,124.86,2026-03-18 09:04:52
109,109,109,162,48,17,969.68,8.0,121.21,2026-01-18 02:52:28
110,110,110,432,42,56,1404.8,10.0,140.48,2026-03-08 19:45:50
111,111,111,495,39,5,1054.83,7.0,150.69,2026-03-16 20:16:24
112,112,112,379,24,35,502.24,4.0,125.56,2026-01-15 20:50:36
113,113,113,201,45,218,64.31,1.0,64.31,2026-02-20 21:06:25
114,114,114,415,48,106,481.75,3.91,123.21,2026-03-07 04:00:28
115,115,115,483,43,322,728.28,4.0,182.07,2026-01-14 10:12:12
116,116,116,347,3,204,195.57,3.4,57.52,2026-02-03 21:00:38
117,117,117,270,77,214,423.48,3.0,141.16,2026-03-28 10:06:58
118,118,118,150,21,203,330.4,5.0,66.08,2025-12-26 22:57:07
119,119,119,350,38,246,482.1,10.0,48.21,2026-01-11 10:06:12
120,120,120,123,11,72,284.85,5.0,56.97,2026-02-17 20:10:56
121,121,121,279,79,256,244.12,4.0,61.03,2026-01-08 05:20:01
122,122,122,284,49,191,249.0,3.41,73.02,2026-02-04 07:01:29
123,123,123,36,31,3,24.6,1.0,24.6,2026-02-22 22:13:15
124,124,124,409,78,66,696.48,6.0,116.08,2026-03-24 07:35:18
125,125,125,406,5,21,757.92,2.0,378.96,2026-03-24 04:34:09
126,126,126,313,21,70,275.01,2.79,98.57,2026-01-07 09:48:04
127,127,127,488,67,76,158.22,6.0,26.37,2026-02-07 22:40:22
128,128,128,64,93,190,100.48,1.51,66.54,2026-03-26 13:15:49
129,129,129,166,20,77,75.74,0.96,78.9,2026-03-11 10:29:48
130,130,130,369,31,291,519.12,4.0,129.78,2026-03-16 16:38:29
131,131,131,454,11,264,1129.44,8.0,141.18,2026-01-07 11:21:28
132,132,132,286,62,203,324.97,0.81,401.2,2026-02-21 10:33:26
133,133,133,23,77,68,130.71,3.0,43.57,2026-03-24 04:55:51
134,134,134,454,11,39,988.26,7.0,141.18,2025-12-27 06:33:42
135,135,135,459,43,142,241.36,7.0,34.48,2025-12-27 16:06:48
136,136,136,387,58,87,168.64,1.0,168.64,2025-12-28 03:30:58
137,137,137,336,75,316,1262.4,10.0,126.24,2026-02-05 17:54:26
138,138,138,472,94,96,373.8,4.0,93.45,2026-01-02 15:46:04
139,139,139,177,25,230,1425.83,7.0,203.69,2025-12-29 03:21:47
140,140,140,20,2,204,1110.48,7.0,158.64,2025-12-26 04:57:37
141,141,141,58,75,238,15961.59,9.0,1773.51,2025-12-30 23:03:20
142,142,142,433,26,247,304.74,2.0,152.37,2026-03-11 13:52:56
143,143,143,34,32,192,181.12,2.0,90.56,2026-03-27 19:50:42
144,144,144,415,43,242,491.4,3.94,124.72,2026-02-18 09:18:09
145,145,145,302,66,235,190.95,1.0,190.95,2026-01-19 11:11:30
146,146,146,404,59,61,1672.7,10.0,167.27,2026-01-25 22:32:00
147,147,147,161,98,235,791.2,8.0,98.9,2026-02-10 09:17:36
148,148,148,149,50,16,26.97,1.0,26.97,2026-02-05 19:19:46
149,149,149,147,34,34,968.6,5.0,193.72,2026-03-04 11:32:12
150,150,150,461,5,30,1306.0,10.0,130.6,2025-12-31 15:32:38
151,151,151,432,88,57,308.56,2.0,154.28,2026-02-26 01:56:47
152,152,152,342,98,98,175.29,1.0,175.29,2026-03-12 01:58:29
153,153,153,290,26,233,539.84,8.0,67.48,2026-03-13 08:18:40
154,154,154,364,92,314,604.25,5.0,120.85,2026-03-07 15:43:07
155,155,155,61,22,298,936.53,7.0,133.79,2026-01-14 05:35:44
156,156,156,182,34,149,438.1,5.0,87.62,2026-02-04 06:42:23
157,157,157,278,97,144,218.55,3.0,72.85,2026-01-23 08:13:11
158,158,158,290,26,203,404.88,6.0,67.48,2026-02-14 23:06:52
159,159,159,473,100,122,317.64,6.0,52.94,2025-12-31 23:34:44
160,160,160,291,89,96,322.52,4.0,80.63,2026-01-19 20:29:19
161,161,161,478,10,334,1279.0,10.0,127.9,2025-12-24 16:49:53
162,162,162,284,49,36,288.43,3.95,73.02,2026-03-21 14:56:28
163,163,163,282,42,226,1071.56,7.0,153.08,2025-12-29 09:48:59
164,164,164,295,23,116,624.16,8.0,78.02,2026-03-30 13:23:38
165,165,165,124,96,196,205.4,5.0,41.08,2026-01-14 13:06:18
166,166,166,208,46,127,122.0,4.0,30.5,2026-01-21 02:23:50
167,167,167,19,9,31,788.8,8.0,98.6,2026-01-21 08:37:06
168,168,168,310,11,19,190.03,2.64,71.98,2026-03-20 07:36:22
169,169,169,320,85,106,1137.6,10.0,113.76,2026-03-16 02:23:02
170,170,170,232,61,326,98.86,2.0,49.43,2026-02-26 08:00:26
171,171,171,254,92,133,475.8,6.0,79.3,2026-01-06 19:03:29
172,172,172,221,80,45,1249.4,10.0,124.94,2026-01-09 18:11:22
173,173,173,318,67,198,343.92,8.0,42.99,2026-03-30 11:11:52
174,174,174,317,72,34,576231.72,295.24,1951.74,2026-02-26 01:42:42
175,175,175,370,90,21,101.01,1.0,101.01,2026-02-19 14:31:53
176,176,176,287,38,304,380.47,3.76,101.19,2026-01-25 12:18:03
177,177,177,133,33,328,1175.94,9.0,130.66,2026-03-17 22:17:42
178,178,178,7,42,265,132.23,2.66,49.71,2026-01-22 23:14:11
179,179,179,420,92,118,421.15,5.0,84.23,2026-03-03 07:45:04
180,180,180,3,34,115,405.2,3.56,113.82,2026-01-30 08:41:03
181,181,181,182,34,134,525.72,6.0,87.62,2026-03-11 10:43:28
182,182,182,193,18,134,520.6,10.0,52.06,2026-01-06 15:19:25
183,183,183,233,59,267,82.64,4.18,19.77,2026-01-28 21:50:19
184,184,184,428,96,215,479.78,7.0,68.54,2026-01-14 16:43:53
185,185,185,108,12,256,161.65,1.0,161.65,2026-03-20 10:26:06
186,186,186,150,21,4,132.16,2.0,66.08,2026-02-12 17:46:16
187,187,187,14,24,226,2128.98,6.0,354.83,2026-01-18 20:41:41
188,188,188,161,98,289,98.9,1.0,98.9,2026-02-26 18:09:03
189,189,189,72,57,265,386.22,6.0,64.37,2026-02-16 07:29:09
190,190,190,317,72,104,609196.61,312.13,1951.74,2026-01-03 01:53:46
191,191,191,109,52,149,438.05,5.0,87.61,2026-01-31 02:03:16
192,192,192,12,52,221,396.01,2.3,172.18,2026-03-20 11:49:44
193,193,193,211,18,179,521.34,6.0,86.89,2026-01-18 04:35:40
194,194,194,52,50,165,15844.04,4.0,3961.01,2025-12-28 09:03:13
195,195,195,165,19,185,153.85,2.05,75.05,2026-03-22 12:03:30
196,196,196,247,8,178,558.42,3.0,186.14,2026-01-20 03:02:26
197,197,197,73,13,286,200.64,1.0,200.64,2026-02-06 19:55:09
198,198,198,237,33,229,121.09,1.67,72.51,2026-01-29 14:13:42
199,199,199,100,26,142,202.83,1.0,202.83,2026-03-20 18:15:14
200,200,200,107,21,297,825.28,8.0,103.16,2026-01-29 08:15:29
201,201,201,110,65,214,271.44,3.0,90.48,2026-01-14 21:39:34
202,202,202,455,99,256,5341.2,79.97,66.79,2026-01-07 19:36:55
203,203,203,121,71,324,130.67,1.0,130.67,2026-01-16 20:04:48
204,204,204,415,48,40,187.28,1.52,123.21,2026-03-28 08:27:56
205,205,205,327,42,171,807.0,6.0,134.5,2026-01-19 08:50:21
206,206,206,48,45,287,1144.91,1.0,1144.91,2026-02-25 16:03:10
207,207,207,108,82,292,416.76,3.0,138.92,2026-03-06 06:36:57
208,208,208,200,80,79,649.1,10.0,64.91,2026-03-07 16:38:10
209,209,209,95,11,313,1066.3,5.0,213.26,2026-01-04 09:30:40
210,210,210,198,60,308,551.43,3.0,183.81,2026-03-04 17:03:47
211,211,211,270,76,72,982.31,7.0,140.33,2026-03-19 18:03:14
212,212,212,434,82,139,322.98,7.0,46.14,2026-02-21 22:32:30
213,213,213,126,45,305,11037.15,9.0,1226.35,2026-01-11 00:06:04
214,214,214,3,100,149,569.95,4.14,137.67,2026-02-25 05:10:53
215,215,215,59,8,73,15699.24,9.0,1744.36,2026-01-07 17:21:37
216,216,216,381,39,71,180.68,4.0,45.17,2026-02-24 03:13:11
217,217,217,183,30,141,1253.8,10.0,125.38,2026-03-09 17:21:21
218,218,218,377,14,315,314.65,7.0,44.95,2026-02-26 02:22:33
219,219,219,386,59,298,77.6,1.0,77.6,2026-03-13 23:18:53
220,220,220,373,21,52,1744.3,10.0,174.43,2026-01-07 14:21:05
221,221,221,447,1,55,20271.05,5.0,4054.21,2026-02-11 11:46:32
222,222,222,321,58,26,1159.76,8.0,144.97,2026-02-17 11:27:34
223,223,223,484,58,319,836.1,10.0,83.61,2026-02-15 07:58:04
224,224,224,74,28,306,1291.32,9.0,143.48,2026-03-07 14:43:17
225,225,225,114,30,2,668.1,6.0,111.35,2025-12-23 07:34:10
226,226,226,176,62,238,1133.28,6.0,188.88,2025-12-29 18:54:12
227,227,227,110,65,13,723.84,8.0,90.48,2026-02-13 05:51:09
228,228,228,17,20,327,664.39,4.96,133.95,2026-01-15 05:39:02
229,229,229,491,87,164,163.28,4.0,40.82,2025-12-27 00:16:49
230,230,230,257,88,139,6110.65,7.0,872.95,2026-02-21 06:08:25
231,231,231,298,69,279,221.46,6.0,36.91,2026-03-23 16:29:33
232,232,232,220,14,122,344.67,3.0,114.89,2026-01-15 04:40:55
233,233,233,304,79,290,1160.0,10.0,116.0,2026-01-30 18:21:49
234,234,234,211,15,4,157.28,2.0,78.64,2026-02-14 06:50:04
235,235,235,101,67,263,645.46,4.8,134.47,2026-03-16 14:49:04
236,236,236,232,21,262,139.68,3.0,46.56,2026-03-26 03:43:28
237,237,237,21,26,291,436.96,4.0,109.24,2026-03-02 11:39:35
238,238,238,136,43,232,503.16,3.0,167.72,2026-01-12 06:11:16
239,239,239,130,27,206,4103.0,5.0,820.6,2026-02-17 17:10:47
240,240,240,427,37,73,643.48,4.0,160.87,2026-02-25 04:47:37
241,241,241,156,30,34,394.11,9.0,43.79,2026-02-06 23:05:43
242,242,242,149,50,139,269.7,10.0,26.97,2026-03-27 05:49:32
243,243,243,304,79,125,1044.0,9.0,116.0,2026-01-02 13:58:55
244,244,244,62,33,10,575.17,4.17,137.93,2026-01-19 19:55:39
245,245,245,333,58,141,489.84,4.0,122.46,2026-03-03 22:36:59
246,246,246,361,15,171,993.12,6.0,165.52,2026-03-11 18:50:59
247,247,247,395,100,27,570.48,4.55,125.38,2026-03-18 09:51:45
248,248,248,132,1,317,803.68,8.0,100.46,2026-02-28 15:45:12
249,249,249,231,83,79,129.89,4.99,26.03,2026-03-12 12:43:23
250,250,250,395,63,261,346.08,2.76,125.39,2026-02-14 13:15:08
251,251,251,177,25,289,1018.45,5.0,203.69,2026-03-13 01:03:10
252,252,252,398,13,187,348.2,4.0,87.05,2026-03-11 19:38:00
253,253,253,415,43,281,448.99,3.6,124.72,2026-03-14 12:39:14
254,254,254,88,50,165,480.5,10.0,48.05,2026-02-07 21:34:12
255,255,255,113,53,316,410.64,2.0,205.32,2026-03-21 02:54:29
256,256,256,325,13,109,1040.0,8.0,130.0,2026-04-01 10:19:52
257,257,257,57,31,47,24033.8,5.0,4806.76,2026-03-03 18:42:13
258,258,258,491,87,247,326.56,8.0,40.82,2026-03-28 01:35:51
259,259,259,33,85,139,82.65,3.0,27.55,2026-01-10 05:47:31
260,260,260,237,33,244,246.53,3.4,72.51,2025-12-28 10:30:00
261,261,261,108,82,140,1389.2,10.0,138.92,2026-01-29 16:20:30
262,262,262,159,65,53,208.74,6.0,34.79,2026-03-01 12:29:19
263,263,263,181,95,238,879.76,4.45,197.7,2026-01-30 09:32:36
264,264,264,13,60,143,1912.19,7.0,273.17,2026-01-29 00:21:15
265,265,265,27,11,45,364.92,4.0,91.23,2026-01-04 12:40:03
266,266,266,454,75,63,301.8,2.0,150.9,2026-02-26 01:33:32
267,267,267,326,45,326,8147.52,193.39,42.13,2026-03-12 23:06:00
268,268,268,128,77,83,1269.63,9.0,141.07,2026-01-21 02:17:44
269,269,269,190,13,122,242.44,2.0,121.22,2026-02-09 18:45:59
270,270,270,57,47,162,21975.6,5.0,4395.12,2025-12-28 15:51:30
271,271,271,500,89,84,902.43,3.0,300.81,2026-02-14 07:00:20
272,272,272,136,81,69,976.62,6.0,162.77,2026-01-22 00:38:15
273,273,273,384,83,14,85.3,2.0,42.65,2026-01-16 08:00:08
274,274,274,421,36,88,157.8,4.0,39.45,2026-02-12 02:04:43
275,275,275,259,21,85,45641.9,10.0,4564.19,2026-02-07 10:57:55
276,276,276,440,60,114,449.28,3.0,149.76,2026-02-16 10:01:20
277,277,277,366,8,274,237.36,2.0,118.68,2026-01-04 14:48:39
278,278,278,107,46,211,523.75,5.0,104.75,2026-02-14 11:29:33
279,279,279,256,24,13,168.99,1.0,168.99,2026-02-24 02:22:03
280,280,280,496,52,226,41.55,1.0,41.55,2026-01-01 20:06:11
281,281,281,485,71,194,1439.04,8.0,179.88,2026-03-18 13:09:58
282,282,282,112,76,258,622.59,4.97,125.27,2026-02-07 04:24:26
283,283,283,120,3,129,1078.74,9.0,119.86,2026-03-29 12:41:15
284,284,284,164,12,166,14620.94,309.7,47.21,2026-02-19 09:34:03
285,285,285,334,79,236,713.1,6.0,118.85,2025-12-26 07:29:53
286,286,286,330,77,228,1871.67,84.12,22.25,2026-02-19 10:09:54
287,287,287,478,10,42,383.7,3.0,127.9,2026-03-22 15:20:13
288,288,288,14,24,111,3193.47,9.0,354.83,2026-01-07 06:40:52
289,289,289,447,1,238,24325.26,6.0,4054.21,2026-01-16 13:37:52
290,290,290,323,44,22,412.26,3.0,137.42,2026-03-05 10:39:16
291,291,291,363,97,18,570.42,3.0,190.14,2026-01-01 23:31:42
292,292,292,340,48,75,181.75,5.0,36.35,2026-01-24 19:06:56
293,293,293,49,95,226,761.44,1.0,761.44,2026-03-09 18:41:05
294,294,294,311,89,71,297.53,2.79,106.64,2026-01-28 09:59:42
295,295,295,431,35,264,282.44,4.0,70.61,2025-12-21 13:38:48
296,296,296,438,3,137,39827.45,431.5,92.3,2025-12-30 19:03:51
297,297,297,358,92,101,662.76,9.0,73.64,2026-03-20 06:44:28
298,298,298,417,61,171,1098.32,8.0,137.29,2026-03-10 17:31:44
299,299,299,309,11,153,419.43,3.16,132.73,2026-03-22 14:46:14
300,300,300,240,32,35,720.56,8.0,90.07,2026-03-23 18:32:03
301,301,301,15,17,197,1469.72,7.0,209.96,2026-01-22 13:47:58
302,302,302,321,58,165,434.91,3.0,144.97,2026-02-21 15:20:54
303,303,303,40,95,194,27489.8,4.0,6872.45,2026-01-21 00:08:26
304,304,304,288,68,241,519.3,6.0,86.55,2026-02-21 00:09:18
305,305,305,344,19,216,75.2,1.0,75.2,2026-02-04 08:31:51
306,306,306,294,14,314,8658.74,2.0,4329.37,2026-01-30 13:31:35
307,307,307,468,54,190,1588.59,9.0,176.51,2026-01-29 17:40:50
308,308,308,413,59,58,715.85,5.0,143.17,2026-03-21 10:48:22
309,309,309,122,26,124,793.3,5.0,158.66,2025-12-21 23:28:35
310,310,310,393,69,197,328.47,3.0,109.49,2026-01-12 08:00:21
311,311,311,489,94,330,194.37,1.73,112.35,2026-01-10 06:11:58
312,312,312,219,23,311,208.2,6.0,34.7,2026-03-14 09:11:22
313,313,313,426,56,98,114.94,2.0,57.47,2026-01-04 01:16:50
314,314,314,223,4,143,79.47,3.0,26.49,2026-03-15 17:45:23
315,315,315,304,31,299,1023.84,9.0,113.76,2026-02-19 11:09:39
316,316,316,55,88,218,213.75,3.0,71.25,2026-01-04 02:06:30
317,317,317,178,68,117,1210.8,8.0,151.35,2026-02-24 01:21:54
318,318,318,334,79,179,1188.5,10.0,118.85,2026-01-18 18:42:28
319,319,319,120,3,281,1198.6,10.0,119.86,2026-01-06 16:01:00
320,320,320,417,61,100,411.87,3.0,137.29,2026-02-26 16:51:03
321,321,321,296,53,21,79.66,2.0,39.83,2025-12-25 02:25:30
322,322,322,234,80,124,360.6,3.0,120.2,2026-01-30 01:09:38
323,323,323,329,67,279,392.8,5.0,78.56,2026-01-24 13:12:52
324,324,324,42,58,333,44116.15,5.0,8823.23,2026-02-01 07:21:10
325,325,325,338,32,10,108.76,4.0,27.19,2026-02-23 16:08:02
326,326,326,72,57,231,450.59,7.0,64.37,2026-01-18 03:46:43
327,327,327,392,46,128,1315.8,10.0,131.58,2026-03-06 01:54:28
328,328,328,379,50,185,665.3,5.0,133.06,2026-01-24 04:28:18
329,329,329,116,68,190,356.44,7.0,50.92,2026-01-22 22:23:42
330,330,330,142,59,116,104.66,2.0,52.33,2026-01-05 01:30:29
331,331,331,500,89,257,2406.48,8.0,300.81,2026-02-15 00:37:58
332,332,332,340,15,103,166.4,5.0,33.28,2026-01-20 19:23:35
333,333,333,370,69,140,883.2,8.0,110.4,2026-03-08 18:44:31
334,334,334,467,56,116,649.7,5.0,129.94,2025-12-24 12:35:45
335,335,335,93,73,136,147.43,4.21,35.02,2026-01-07 11:40:16
336,336,336,235,91,281,89.92,3.13,28.73,2026-01-30 01:58:13
337,337,337,17,20,119,277.28,2.07,133.95,2026-03-31 04:06:17
338,338,338,499,52,66,325.58,1.0,325.58,2026-01-03 18:37:26
339,339,339,393,89,227,739.48,7.0,105.64,2026-01-09 16:27:08
340,340,340,390,50,163,1524.24,9.0,169.36,2025-12-29 01:44:02
341,341,341,137,11,137,128.4,2.0,64.2,2026-02-11 20:47:57
342,342,342,368,55,125,1221.8,10.0,122.18,2026-03-04 00:58:32
343,343,343,331,30,200,46320.31,343.75,134.75,2026-01-31 01:25:30
344,344,344,412,35,111,239.88,6.0,39.98,2026-01-11 10:25:13
345,345,345,70,37,146,1244.16,8.0,155.52,2026-01-15 23:56:45
346,346,346,158,24,69,389.27,7.0,55.61,2026-02-22 18:17:42
347,347,347,326,45,184,17703.03,420.2,42.13,2026-01-13 12:44:53
348,348,348,240,32,177,720.56,8.0,90.07,2026-03-11 15:40:16
349,349,349,444,59,216,579.69,9.0,64.41,2026-04-01 10:15:48
350,350,350,271,34,215,923.08,4.95,186.48,2026-01-04 07:30:44
351,351,351,438,3,29,19963.57,216.29,92.3,2026-03-08 09:13:52
352,352,352,192,14,234,479.52,3.0,159.84,2026-01-26 12:01:42
353,353,353,151,96,199,952.08,6.0,158.68,2026-01-02 10:19:32
354,354,354,43,30,142,3292.42,2.0,1646.21,2026-02-12 18:26:37
355,355,355,55,88,79,213.75,3.0,71.25,2026-03-08 20:16:43
356,356,356,463,76,302,4381.92,6.0,730.32,2026-03-20 05:36:54
357,357,357,271,34,327,244.29,1.31,186.48,2025-12-22 13:40:05
358,358,358,310,11,111,62.62,0.87,71.98,2026-02-23 06:26:15
359,359,359,493,16,282,343.9,2.0,171.95,2026-03-30 04:53:41
360,360,360,322,46,293,764.22,6.0,127.37,2026-02-16 16:51:12
361,361,361,144,73,174,897.2,5.0,179.44,2026-01-01 18:27:17
362,362,362,408,81,330,803.6,4.0,200.9,2026-02-19 23:03:46
363,363,363,107,46,136,838.0,8.0,104.75,2026-03-26 02:44:40
364,364,364,405,39,202,192.95,5.0,38.59,2026-03-11 02:49:33
365,365,365,338,32,111,217.52,8.0,27.19,2026-02-24 11:43:09
366,366,366,217,94,236,1040.9,10.0,104.09,2026-03-29 17:27:06
367,367,367,241,62,38,22946.85,264.03,86.91,2026-03-22 12:45:17
368,368,368,392,58,264,396.12,3.0,132.04,2026-03-18 19:30:33
369,369,369,255,16,143,273.33,9.0,30.37,2026-01-12 07:47:37
370,370,370,133,33,129,261.32,2.0,130.66,2026-02-12 10:15:14
371,371,371,164,12,21,5603.83,118.7,47.21,2025-12-30 16:52:30
372,372,372,353,71,203,161.56,1.0,161.56,2026-02-20 03:42:27
373,373,373,216,3,269,1225.0,7.0,175.0,2026-02-02 01:06:46
374,374,374,32,7,159,61.8,3.0,20.6,2026-03-14 05:09:18
375,375,375,237,33,199,253.79,3.5,72.51,2026-01-25 11:02:18
376,376,376,159,15,43,136.0,4.0,34.0,2026-02-10 02:17:05
377,377,377,209,18,96,282.96,8.0,35.37,2026-01-30 00:11:02
378,378,378,304,31,141,682.56,6.0,113.76,2025-12-31 00:49:41
379,379,379,408,88,196,689.96,4.0,172.49,2026-02-09 19:45:46
380,380,380,179,62,27,489.24,3.0,163.08,2026-01-31 18:40:27
381,381,381,476,95,143,975.84,6.0,162.64,2026-01-16 00:35:41
382,382,382,75,25,146,402.7,5.0,80.54,2026-02-13 22:57:16
383,383,383,28,30,207,42.62,1.0,42.62,2026-01-14 02:17:35
384,384,384,165,25,141,204.14,3.01,67.82,2025-12-29 04:05:26
385,385,385,295,23,276,312.08,4.0,78.02,2025-12-29 18:47:09
386,386,386,130,45,129,3974.45,5.0,794.89,2026-02-13 23:07:29
387,387,387,73,13,107,200.64,1.0,200.64,2026-02-23 21:48:48
388,388,388,220,76,64,336.57,3.0,112.19,2025-12-30 04:09:02
389,389,389,27,11,319,273.69,3.0,91.23,2026-01-02 19:36:26
390,390,390,484,58,31,334.44,4.0,83.61,2026-01-26 14:30:54
391,391,391,125,55,280,547.48,4.0,136.87,2025-12-27 09:54:29
392,392,392,443,59,103,172.11,3.0,57.37,2026-03-07 19:23:53
393,393,393,439,95,158,968.2,10.0,96.82,2026-02-13 03:36:49
394,394,394,362,20,126,74.82,3.0,24.94,2025-12-31 05:27:14
395,395,395,28,30,56,85.24,2.0,42.62,2026-03-01 14:48:22
396,396,396,91,95,185,241.36,4.0,60.34,2026-01-03 20:43:01
397,397,397,231,83,68,72.36,2.78,26.03,2026-01-14 09:48:14
398,398,398,244,100,281,20413.32,138.8,147.07,2025-12-27 12:01:36
399,399,399,13,60,165,819.51,3.0,273.17,2026-03-22 23:01:44
400,400,400,356,98,222,301.6,5.0,60.32,2026-02-08 18:56:52
401,401,401,65,22,205,1611.09,9.0,179.01,2026-03-04 21:27:10
402,402,402,379,50,209,532.24,4.0,133.06,2026-01-28 18:48:35
403,403,403,80,51,121,185.74,2.0,92.87,2026-02-15 15:55:47
404,404,404,424,100,194,131.37,3.0,43.79,2026-01-27 04:26:05
405,405,405,450,6,215,1190.56,8.0,148.82,2026-03-08 01:56:26
406,406,406,237,91,24,271.02,3.79,71.51,2026-03-30 11:23:55
407,407,407,332,47,275,767.13,7.0,109.59,2026-01-29 17:42:48
408,408,408,33,85,281,82.65,3.0,27.55,2025-12-22 09:20:05
409,409,409,436,56,219,3681.78,107.97,34.1,2025-12-25 18:14:18
410,410,410,408,81,46,803.6,4.0,200.9,2026-02-25 12:00:37
411,411,411,254,82,214,150.82,2.0,75.41,2026-01-22 19:45:22
412,412,412,308,73,131,183.9,1.04,176.83,2025-12-27 16:24:55
413,413,413,171,61,223,346.68,9.0,38.52,2026-01-03 02:29:08
414,414,414,47,64,267,853.63,1.0,853.63,2026-02-23 18:21:26
415,415,415,401,87,4,1671.2,10.0,167.12,2026-03-15 18:11:20
416,416,416,166,20,300,172.79,2.19,78.9,2025-12-31 09:37:47
417,417,417,157,5,73,419.36,4.0,104.84,2026-03-17 10:35:46
418,418,418,393,69,35,875.92,8.0,109.49,2026-02-13 08:53:19
419,419,419,446,47,14,128.61,3.0,42.87,2026-03-16 10:31:46
420,420,420,447,1,45,4054.21,1.0,4054.21,2026-01-10 14:43:40
421,421,421,46,10,194,580.1,1.0,580.1,2026-02-14 16:46:05
422,422,422,194,10,180,349.2,5.0,69.84,2026-01-21 20:58:42
423,423,423,103,5,197,439.65,3.0,146.55,2026-03-15 06:26:04
424,424,424,372,25,180,366.9,10.0,36.69,2026-03-09 02:59:15
425,425,425,465,5,44,756.36,1.0,756.36,2026-02-11 00:10:03
426,426,426,376,77,288,778.4,5.0,155.68,2026-02-21 21:04:49
427,427,427,181,86,172,107.21,0.55,194.92,2026-02-11 18:58:33
428,428,428,172,86,248,366.78,6.0,61.13,2026-03-16 14:25:35
429,429,429,124,96,288,164.32,4.0,41.08,2026-03-23 21:41:03
430,430,430,49,95,6,761.44,1.0,761.44,2026-01-15 00:56:29
431,431,431,43,30,36,11523.47,7.0,1646.21,2026-01-01 05:42:33
432,432,432,462,41,111,943.9,10.0,94.39,2026-01-29 19:26:11
433,433,433,93,85,239,35.33,0.96,36.8,2026-03-11 01:38:54
434,434,434,124,96,101,123.24,3.0,41.08,2026-03-17 01:37:10
435,435,435,53,46,80,1470.44,2.0,735.22,2026-02-20 21:53:36
436,436,436,465,5,161,1512.72,2.0,756.36,2026-02-27 04:43:23
437,437,437,399,26,269,179.48,1.19,150.82,2026-03-06 20:19:41
438,438,438,132,1,196,401.84,4.0,100.46,2026-02-22 03:20:50
439,439,439,259,17,18,15328.26,3.0,5109.42,2026-02-01 00:45:11
440,440,440,324,78,300,1307.76,8.0,163.47,2025-12-31 06:33:41
441,441,441,198,60,134,735.24,4.0,183.81,2026-03-09 14:49:16
442,442,442,218,48,273,13988.73,447.21,31.28,2025-12-29 01:55:02
443,443,443,390,50,317,677.44,4.0,169.36,2026-02-08 23:39:55
444,444,444,96,70,88,163.42,2.0,81.71,2026-02-01 10:45:17
445,445,445,305,8,236,1698.5,1.0,1698.5,2026-01-29 02:19:41
446,446,446,312,12,61,105.84,3.76,28.15,2026-01-19 03:30:08
447,447,447,72,57,251,257.48,4.0,64.37,2026-01-09 16:16:07
448,448,448,279,79,252,549.27,9.0,61.03,2026-01-16 22:28:31
449,449,449,25,45,188,2493.81,9.0,277.09,2026-03-13 20:53:35
450,450,450,135,15,215,2156.4,10.0,215.64,2026-01-08 04:04:38
451,451,451,458,87,257,347.52,3.0,115.84,2025-12-28 15:38:20
452,452,452,121,71,222,653.35,5.0,130.67,2026-02-21 12:59:49
453,453,453,347,3,207,85.13,1.48,57.52,2026-02-03 15:45:41
454,454,454,422,4,53,1504.16,8.0,188.02,2026-01-25 16:10:24
455,455,455,442,89,268,1045.9,10.0,104.59,2026-02-04 20:50:11
456,456,456,255,16,129,242.96,8.0,30.37,2026-03-19 14:11:44
457,457,457,433,73,107,575.8,4.0,143.95,2026-03-30 20:52:53
458,458,458,132,27,273,889.38,9.0,98.82,2026-03-13 18:10:52
459,459,459,124,96,28,287.56,7.0,41.08,2026-03-15 11:35:21
460,460,460,323,44,188,1236.78,9.0,137.42,2026-02-28 05:19:21
461,461,461,228,45,89,290.6,10.0,29.06,2026-03-01 17:06:50
462,462,462,452,46,91,91.39,2.26,40.44,2026-01-16 18:27:40
463,463,463,364,82,4,715.92,6.0,119.32,2026-02-28 09:31:56
464,464,464,37,8,170,165.81,3.0,55.27,2026-01-24 10:39:00
465,465,465,25,45,165,2493.81,9.0,277.09,2026-01-28 12:39:23
466,466,466,470,78,97,873.2,5.0,174.64,2026-02-07 23:42:05
467,467,467,443,59,156,516.33,9.0,57.37,2026-01-05 17:33:12
468,468,468,5,69,74,441.2,4.42,99.82,2026-01-22 04:29:25
469,469,469,24,56,292,958.59,9.0,106.51,2026-03-02 08:24:23
470,470,470,46,10,273,3480.6,6.0,580.1,2025-12-30 15:24:15
471,471,471,256,24,2,844.95,5.0,168.99,2026-01-23 00:06:50
472,472,472,185,22,120,209.63,1.0,209.63,2026-03-28 12:41:21
473,473,473,92,33,25,197.55,1.97,100.28,2026-01-03 16:32:42
474,474,474,178,68,161,302.7,2.0,151.35,2026-02-18 06:20:27
475,475,475,328,54,246,1056.6,10.0,105.66,2026-01-30 09:21:01
476,476,476,468,54,188,882.55,5.0,176.51,2026-02-03 03:01:00
477,477,477,417,61,91,549.16,4.0,137.29,2026-02-24 03:17:25
478,478,478,476,88,195,658.92,4.0,164.73,2026-02-26 03:06:51
479,479,479,448,31,152,679.63,7.0,97.09,2026-01-08 10:14:21
480,480,480,496,52,327,207.75,5.0,41.55,2026-01-26 17:22:30
481,481,481,52,50,329,35649.09,9.0,3961.01,2026-01-20 18:45:34
482,482,482,392,58,324,792.24,6.0,132.04,2026-03-15 10:34:07
483,483,483,224,71,238,588.0,5.0,117.6,2026-02-22 21:13:44
484,484,484,384,50,147,44.34,1.0,44.34,2026-03-18 14:05:17
485,485,485,470,78,312,523.92,3.0,174.64,2025-12-18 02:13:18
486,486,486,366,8,310,593.4,5.0,118.68,2025-12-30 02:23:21
487,487,487,115,89,203,1406.88,9.0,156.32,2026-01-18 13:40:27
488,488,488,434,51,149,91.02,2.0,45.51,2026-02-05 16:18:04
489,489,489,406,5,277,1515.84,4.0,378.96,2026-04-01 12:03:04
490,490,490,111,55,17,40.32,1.0,40.32,2026-01-26 20:54:04
491,491,491,57,47,146,35160.96,8.0,4395.12,2025-12-22 02:49:11
492,492,492,216,3,153,1575.0,9.0,175.0,2026-03-03 03:02:37
493,493,493,367,31,252,494.16,4.0,123.54,2026-02-07 08:57:43
494,494,494,323,44,221,1374.2,10.0,137.42,2026-02-05 02:29:36
495,495,495,255,16,53,91.11,3.0,30.37,2026-03-05 20:53:29
496,496,496,151,60,41,643.08,4.0,160.77,2026-01-14 16:15:46
497,497,497,488,88,185,195.72,7.0,27.96,2026-03-25 19:05:27
498,498,498,22,4,91,1279.92,8.0,159.99,2026-03-25 19:03:07
499,499,499,481,37,206,547.55,5.0,109.51,2026-02-23 08:53:18
500,500,500,3,92,31,201.42,1.63,123.57,2025-12-29 16:10:39
501,501,501,476,95,42,650.56,4.0,162.64,2026-01-30 21:45:49
502,502,502,308,48,135,422.78,2.11,200.37,2026-03-14 02:32:44
503,503,503,22,4,93,639.96,4.0,159.99,2026-02-20 00:11:10
504,504,504,376,22,235,1039.32,6.0,173.22,2026-02-01 21:26:48
505,505,505,185,48,16,2097.3,10.0,209.73,2026-01-11 21:57:46
506,506,506,263,78,145,3238.03,1.0,3238.03,2026-03-03 22:30:18
507,507,507,194,17,200,74.18,1.0,74.18,2026-03-24 00:08:31
508,508,508,314,33,53,454.39,3.65,124.49,2026-01-18 04:06:24
509,509,509,370,90,40,808.08,8.0,101.01,2025-12-27 07:17:31
510,510,510,431,32,41,738.72,9.0,82.08,2026-01-01 06:23:22
511,511,511,480,31,305,674.88,8.0,84.36,2026-02-18 14:20:47
512,512,512,312,12,135,110.91,3.94,28.15,2026-03-05 04:21:06
513,513,513,362,20,128,199.52,8.0,24.94,2026-01-28 12:18:03
514,514,514,353,71,273,1292.48,8.0,161.56,2026-02-14 21:52:41
515,515,515,172,65,309,210.44,4.0,52.61,2026-02-09 05:45:36
516,516,516,138,46,215,1530.1,10.0,153.01,2026-03-06 15:55:17
517,517,517,122,26,56,951.96,6.0,158.66,2026-03-06 05:00:18
518,518,518,60,70,24,87.3,2.0,43.65,2025-12-30 07:48:14
519,519,519,441,4,261,1082.7,9.0,120.3,2026-01-06 13:42:07
520,520,520,236,40,198,206.54,3.81,54.21,2026-03-10 06:34:40
521,521,521,27,11,16,456.15,5.0,91.23,2026-01-07 07:01:52
522,522,522,226,10,80,118.43,1.0,118.43,2025-12-26 07:27:18
523,523,523,424,100,46,262.74,6.0,43.79,2026-03-20 19:16:50
524,524,524,82,81,18,127.62,3.0,42.54,2026-02-17 00:54:07
525,525,525,434,4,141,179.84,4.0,44.96,2026-03-28 04:37:14
526,526,526,185,22,152,209.63,1.0,209.63,2026-03-11 20:51:52
527,527,527,99,67,270,430.08,6.0,71.68,2026-02-05 05:26:04
528,528,528,266,46,237,300.0,3.0,100.0,2026-01-15 05:21:34
529,529,529,494,4,313,941.05,5.0,188.21,2026-01-05 13:05:22
530,530,530,100,26,330,1419.81,7.0,202.83,2026-01-22 01:31:52
531,531,531,340,48,233,363.5,10.0,36.35,2026-03-25 05:01:12
532,532,532,4,82,47,111.04,3.16,35.14,2026-03-07 18:59:24
533,533,533,21,26,139,327.72,3.0,109.24,2026-01-01 03:24:13
534,534,534,141,40,250,1065.78,6.0,177.63,2026-01-16 12:43:30
535,535,535,258,16,28,5799.56,4.0,1449.89,2026-01-08 09:57:48
536,536,536,364,92,95,725.1,6.0,120.85,2026-02-10 12:39:06
537,537,537,10,89,220,1073.15,2.28,470.68,2026-02-09 11:13:20
538,538,538,364,92,205,1208.5,10.0,120.85,2026-02-24 00:37:17
539,539,539,456,98,287,1259.1,9.0,139.9,2026-01-30 08:33:23
540,540,540,393,69,260,437.96,4.0,109.49,2026-01-26 05:31:44
541,541,541,307,22,10,2787.47,113.45,24.57,2025-12-28 04:47:56
542,542,542,148,55,325,451.78,2.57,175.79,2026-02-17 11:52:13
543,543,543,301,64,284,207.4,1.61,128.82,2026-01-28 21:40:48
544,544,544,286,41,54,928.42,2.34,396.76,2026-01-30 21:31:48
545,545,545,229,58,83,1111.41,9.0,123.49,2025-12-24 03:10:23
546,546,546,375,19,254,2256.1,7.0,322.3,2026-03-12 22:22:41
547,547,547,462,62,163,551.1,5.0,110.22,2026-01-21 23:29:42
548,548,548,384,50,252,310.38,7.0,44.34,2026-02-11 03:14:04
549,549,549,187,46,39,244.71,3.0,81.57,2026-01-15 10:27:35
550,550,550,260,13,43,18194.8,8.0,2274.35,2026-02-16 03:47:53
551,551,551,296,53,139,398.3,10.0,39.83,2025-12-24 17:16:52
552,552,552,125,55,329,136.87,1.0,136.87,2026-02-21 11:08:21
553,553,553,234,80,258,1202.0,10.0,120.2,2025-12-24 06:06:34
554,554,554,6,58,305,169.83,2.35,72.27,2026-02-11 15:55:22
555,555,555,379,50,238,1064.48,8.0,133.06,2026-03-20 07:31:08
556,556,556,259,61,304,51680.0,10.0,5168.0,2026-01-28 21:52:54
557,557,557,308,48,244,346.64,1.73,200.37,2026-02-11 07:40:19
558,558,558,179,95,122,1618.83,9.0,179.87,2025-12-29 01:13:27
559,559,559,440,60,60,1347.84,9.0,149.76,2026-03-10 08:03:42
560,560,560,383,89,273,958.14,9.0,106.46,2026-02-11 20:16:36
561,561,561,68,76,144,823.56,6.0,137.26,2026-02-13 03:54:41
562,562,562,329,20,159,236.37,3.0,78.79,2025-12-31 04:04:52
563,563,563,266,46,191,300.0,3.0,100.0,2026-02-22 04:36:24
564,564,564,71,86,3,63.81,1.0,63.81,2026-01-30 22:06:34
565,565,565,177,45,194,2014.0,10.0,201.4,2026-02-16 13:35:17
566,566,566,38,81,296,61.21,1.0,61.21,2026-03-27 07:55:04
567,567,567,137,11,210,577.8,9.0,64.2,2026-01-04 05:45:14
568,568,568,500,84,312,1291.6,4.0,322.9,2026-01-31 05:34:03
569,569,569,400,86,328,270.27,2.87,94.17,2026-01-29 19:36:00
570,570,570,60,41,209,129.96,3.0,43.32,2026-03-07 13:04:54
571,571,571,463,90,86,4270.32,6.0,711.72,2026-03-20 01:03:01
572,572,572,56,82,137,80.14,1.0,80.14,2026-03-23 19:16:06
573,573,573,82,81,105,212.7,5.0,42.54,2026-01-10 23:13:02
574,574,574,263,75,333,33554.8,10.0,3355.48,2026-01-15 04:45:50
575,575,575,207,17,8,424.62,9.0,47.18,2026-03-19 01:50:42
576,576,576,396,19,188,62.65,2.26,27.72,2026-03-17 10:09:23
577,577,577,268,55,54,1359.54,9.0,151.06,2026-03-31 15:51:50
578,578,578,185,48,251,1677.84,8.0,209.73,2026-02-20 07:00:48
579,579,579,496,43,224,41.86,1.0,41.86,2026-03-16 04:29:36
580,580,580,21,26,83,873.92,8.0,109.24,2026-01-07 06:45:53
581,581,581,136,81,118,1139.39,7.0,162.77,2026-02-05 21:00:21
582,582,582,475,20,191,718.3,5.0,143.66,2026-03-04 18:46:07
583,583,583,215,27,177,510.93,9.0,56.77,2026-02-08 15:24:48
584,584,584,429,88,176,2051.4,10.0,205.14,2026-03-19 02:17:13
585,585,585,79,25,131,169.37,1.39,121.85,2026-01-24 17:06:16
586,586,586,105,42,121,127.61,1.0,127.61,2026-02-12 23:59:28
587,587,587,229,58,44,740.94,6.0,123.49,2026-02-13 21:50:55
588,588,588,259,17,92,40875.36,8.0,5109.42,2026-03-25 13:00:57
589,589,589,302,66,88,381.9,2.0,190.95,2026-02-03 13:48:38
590,590,590,132,1,152,301.38,3.0,100.46,2026-01-18 03:07:44
591,591,591,380,91,331,730.85,5.0,146.17,2026-01-17 23:47:23
592,592,592,448,75,56,875.16,9.0,97.24,2026-02-02 03:22:25
593,593,593,276,7,168,12270.3,445.06,27.57,2026-03-21 07:20:14
594,594,594,42,58,12,88232.3,10.0,8823.23,2026-03-19 02:14:42
595,595,595,246,47,128,96175.62,9.0,10686.18,2026-03-10 00:23:22
596,596,596,179,95,294,899.35,5.0,179.87,2026-03-08 23:40:30
597,597,597,279,79,14,610.3,10.0,61.03,2026-02-11 21:21:00
598,598,598,53,68,27,3146.2,4.0,786.55,2026-01-28 21:12:49
599,599,599,441,4,184,1082.7,9.0,120.3,2026-01-22 15:05:54
600,600,600,282,38,151,547.08,4.0,136.77,2026-03-12 11:09:27
601,601,601,368,55,285,855.26,7.0,122.18,2026-03-03 06:29:24
602,602,602,434,82,326,138.42,3.0,46.14,2026-02-10 23:42:05
603,603,603,389,65,297,351.36,9.0,39.04,2026-03-23 19:00:02
604,604,604,154,87,106,5147.91,9.0,571.99,2026-03-19 09:54:38
605,605,605,314,64,315,276.74,2.2,125.79,2025-12-21 05:31:22
606,606,606,58,75,191,17735.1,10.0,1773.51,2026-02-12 14:06:30
607,607,607,491,87,89,204.1,5.0,40.82,2026-01-06 23:34:11
608,608,608,469,68,309,138.41,1.0,138.41,2026-03-12 14:51:06
609,609,609,328,54,29,845.28,8.0,105.66,2026-01-29 13:46:27
610,610,610,60,41,303,216.6,5.0,43.32,2026-02-16 20:05:32
611,611,611,293,22,317,1438.7,10.0,143.87,2026-01-01 08:07:29
612,612,612,386,11,90,235.32,3.0,78.44,2026-01-02 04:51:07
613,613,613,305,8,226,15286.5,9.0,1698.5,2026-02-10 13:42:14
614,614,614,146,58,42,1797.45,3.0,599.15,2026-03-18 15:14:26
615,615,615,374,54,258,156.64,4.0,39.16,2026-01-13 20:58:30
616,616,616,398,78,69,787.32,9.0,87.48,2025-12-30 05:25:57
617,617,617,141,40,7,1243.41,7.0,177.63,2026-01-19 05:35:28
618,618,618,449,59,313,88.9,1.0,88.9,2026-03-17 03:50:57
619,619,619,104,73,312,414.54,6.0,69.09,2026-01-08 02:45:55
620,620,620,100,93,155,348.38,2.0,174.19,2026-04-03 18:28:30
621,621,621,460,56,71,221.94,2.0,110.97,2026-01-09 12:28:11
622,622,622,371,37,324,278.58,6.0,46.43,2026-01-31 18:41:22
623,623,623,14,69,10,741.28,2.0,370.64,2026-03-07 22:15:55
624,624,624,253,70,121,9751.95,3.0,3250.65,2026-01-28 18:17:39
625,625,625,470,38,53,389.34,2.0,194.67,2025-12-26 09:13:18
626,626,626,251,55,132,20382.06,6.0,3397.01,2026-01-22 12:32:49
627,627,627,435,29,296,244.9,5.0,48.98,2026-03-06 09:50:33
628,628,628,398,2,308,169.02,2.0,84.51,2026-03-13 15:01:53
629,629,629,350,38,147,385.68,8.0,48.21,2026-03-01 23:09:55
630,630,630,210,45,107,472.77,9.0,52.53,2026-01-12 13:14:40
631,631,631,423,17,43,376.92,4.0,94.23,2026-02-18 12:17:04
632,632,632,155,24,244,683.76,8.0,85.47,2026-01-21 04:47:12
633,633,633,4,82,127,104.01,2.96,35.14,2026-02-23 06:34:41
634,634,634,198,60,307,551.43,3.0,183.81,2026-01-07 14:32:39
635,635,635,65,22,54,179.01,1.0,179.01,2026-02-10 13:31:10
636,636,636,404,59,105,1672.7,10.0,167.27,2026-03-07 09:31:40
637,637,637,156,92,151,289.17,7.0,41.31,2025-12-23 16:00:21
638,638,638,33,85,136,27.55,1.0,27.55,2026-01-05 19:58:05
639,639,639,89,47,89,41.06,2.0,20.53,2026-01-01 18:45:31
640,640,640,252,35,333,8162.14,7.0,1166.02,2026-01-20 08:00:58
641,641,641,240,32,6,360.28,4.0,90.07,2026-01-10 21:58:38
642,642,642,494,43,258,584.64,3.0,194.88,2026-01-26 03:02:16
643,643,643,91,15,273,65.39,1.0,65.39,2026-03-22 11:39:43
644,644,644,319,79,259,234.41,1.91,122.73,2026-02-14 16:19:58
645,645,645,492,43,15,579.35,5.0,115.87,2026-02-04 10:23:55
646,646,646,105,42,266,1148.49,9.0,127.61,2026-03-02 15:26:14
647,647,647,319,49,52,263.37,1.96,134.37,2026-02-26 05:38:22
648,648,648,356,97,143,229.88,4.0,57.47,2026-02-28 22:26:36
649,649,649,8,13,140,715.34,4.82,148.41,2026-03-16 23:44:18
650,650,650,413,59,125,1431.7,10.0,143.17,2026-01-18 07:30:31
651,651,651,53,68,45,3146.2,4.0,786.55,2026-03-24 19:39:44
652,652,652,475,17,101,744.65,5.0,148.93,2026-01-01 05:33:42
653,653,653,426,56,238,459.76,8.0,57.47,2026-01-21 07:00:50
654,654,654,87,74,176,951.6,10.0,95.16,2025-12-25 12:14:28
655,655,655,332,43,282,376.2,4.0,94.05,2026-02-20 16:02:59
656,656,656,37,52,18,173.49,3.0,57.83,2026-03-30 15:31:37
657,657,657,22,4,210,1119.93,7.0,159.99,2026-02-24 10:18:40
658,658,658,443,59,114,57.37,1.0,57.37,2026-03-18 11:29:15
659,659,659,35,68,112,114.36,3.0,38.12,2026-03-23 12:37:30
660,660,660,249,93,57,70.09,2.28,30.74,2026-02-22 14:18:18
661,661,661,218,19,149,4962.23,152.59,32.52,2026-03-20 15:53:01
662,662,662,181,86,302,200.77,1.03,194.92,2026-01-19 07:21:31
663,663,663,474,52,284,113.38,1.0,113.38,2026-03-07 21:50:43
664,664,664,59,8,26,8721.8,5.0,1744.36,2026-03-21 10:51:48
665,665,665,178,68,26,756.75,5.0,151.35,2026-02-27 20:29:32
666,666,666,347,20,307,96.06,1.72,55.85,2026-04-01 07:58:49
667,667,667,183,30,187,501.52,4.0,125.38,2026-03-16 05:07:08
668,668,668,332,43,324,752.4,8.0,94.05,2026-01-29 09:48:41
669,669,669,207,17,254,235.9,5.0,47.18,2026-03-13 00:45:53
670,670,670,107,46,312,209.5,2.0,104.75,2026-02-01 22:34:21
671,671,671,217,94,2,104.09,1.0,104.09,2026-01-01 19:15:14
672,672,672,328,5,154,745.74,6.0,124.29,2026-01-02 05:22:03
673,673,673,450,6,201,446.46,3.0,148.82,2026-03-27 11:15:04
674,674,674,33,85,182,110.2,4.0,27.55,2026-03-17 02:50:01
675,675,675,370,7,52,111.1,1.0,111.1,2026-03-04 10:22:33
676,676,676,192,27,204,301.58,2.0,150.79,2026-02-12 10:47:05
677,677,677,56,55,331,380.45,5.0,76.09,2026-01-14 02:30:12
678,678,678,194,17,219,296.72,4.0,74.18,2026-02-24 15:27:24
679,679,679,402,73,245,70.6,1.0,70.6,2026-01-08 15:36:27
680,680,680,104,73,175,69.09,1.0,69.09,2026-02-25 16:06:49
681,681,681,174,18,68,681.66,6.0,113.61,2026-01-12 02:15:37
682,682,682,316,33,248,945637.91,183.68,5148.29,2026-02-27 21:14:18
683,683,683,278,97,207,364.25,5.0,72.85,2026-02-09 07:44:48
684,684,684,10,59,194,1720.75,4.06,423.83,2026-03-10 13:22:20
685,685,685,30,28,230,240.25,5.0,48.05,2026-01-28 23:46:45
686,686,686,113,53,313,1026.6,5.0,205.32,2026-02-21 14:39:40
687,687,687,333,40,249,115.31,1.0,115.31,2026-01-10 00:55:23
688,688,688,363,65,98,1693.62,9.0,188.18,2026-02-17 13:35:55
689,689,689,416,63,322,216.54,2.0,108.27,2026-02-15 11:30:02
690,690,690,105,42,64,765.66,6.0,127.61,2026-02-08 20:30:54
691,691,691,349,57,91,390.39,7.0,55.77,2026-01-05 20:29:12
692,692,692,252,35,99,5830.1,5.0,1166.02,2026-02-22 10:05:32
693,693,693,203,30,225,23605.6,397.2,59.43,2026-03-26 07:14:53
694,694,694,496,43,304,376.74,9.0,41.86,2026-03-04 11:11:04
695,695,695,367,25,206,1205.6,10.0,120.56,2026-02-25 10:19:06
696,696,696,78,55,33,625.84,4.65,134.59,2026-03-05 15:33:46
697,697,697,344,83,70,515.76,7.0,73.68,2026-01-22 08:08:05
698,698,698,104,73,14,207.27,3.0,69.09,2026-03-28 22:06:03
699,699,699,9,16,322,112.29,1.25,89.83,2026-03-05 16:56:13
700,700,700,403,32,195,127.0,1.0,127.0,2026-01-13 21:45:00
701,701,701,494,43,106,1169.28,6.0,194.88,2026-02-24 19:25:14
702,702,702,458,87,24,1042.56,9.0,115.84,2026-01-18 07:52:53
703,703,703,373,21,289,872.15,5.0,174.43,2026-03-09 02:52:21
704,704,704,479,45,144,99.05,1.0,99.05,2026-02-08 22:38:32
705,705,705,287,33,277,107.69,1.08,99.71,2026-01-16 23:58:48
706,706,706,408,88,129,1207.43,7.0,172.49,2026-02-03 10:58:03
707,707,707,284,49,171,166.49,2.28,73.02,2026-02-28 22:28:50
708,708,708,174,18,293,908.88,8.0,113.61,2026-02-23 12:01:20
709,709,709,386,11,202,78.44,1.0,78.44,2026-03-19 21:49:03
710,710,710,324,55,238,600.08,4.0,150.02,2026-01-03 07:12:56
711,711,711,393,89,250,950.76,9.0,105.64,2026-03-17 23:17:30
712,712,712,406,33,117,2153.88,6.0,358.98,2026-02-02 23:17:36
713,713,713,298,77,176,75.34,2.0,37.67,2026-03-17 01:01:14
714,714,714,418,62,186,688.6,4.0,172.15,2026-01-26 03:01:10
715,715,715,199,9,279,40.11,1.41,28.45,2026-03-09 20:02:28
716,716,716,267,11,128,11313.7,494.48,22.88,2026-01-11 21:03:24
717,717,717,159,65,190,34.79,1.0,34.79,2026-02-27 08:57:11
718,718,718,157,5,90,1048.4,10.0,104.84,2026-01-03 19:57:11
719,719,719,31,24,332,185.07,3.0,61.69,2026-01-18 16:22:03
720,720,720,265,34,86,500365.32,172.61,2898.82,2026-01-08 03:24:55
721,721,721,131,78,210,735.35,5.0,147.07,2026-03-01 02:35:08
722,722,722,77,56,42,35125.58,490.17,71.66,2026-02-26 09:47:55
723,723,723,480,31,204,506.16,6.0,84.36,2026-02-06 17:36:15
724,724,724,414,75,318,380.6,10.0,38.06,2026-02-09 10:15:56
725,725,725,327,22,215,435.54,3.0,145.18,2026-01-07 20:21:40
726,726,726,112,76,160,140.3,1.12,125.27,2026-03-14 07:00:23
727,727,727,21,26,109,436.96,4.0,109.24,2025-12-28 00:50:38
728,728,728,52,50,118,15844.04,4.0,3961.01,2026-01-10 22:16:48
729,729,729,63,38,44,368.32,3.67,100.36,2025-12-27 06:20:47
730,730,730,135,15,42,1509.48,7.0,215.64,2026-02-04 13:35:56
731,731,731,220,76,131,1009.71,9.0,112.19,2026-02-09 09:12:31
732,732,732,397,16,86,648.64,3.65,177.71,2026-01-14 01:07:37
733,733,733,297,12,75,1855.08,9.0,206.12,2026-03-09 23:20:44
734,734,734,9,16,308,147.32,1.64,89.83,2026-03-02 11:32:47
735,735,735,323,13,268,295.06,2.0,147.53,2025-12-28 01:44:49
736,736,736,290,25,179,434.0,7.0,62.0,2026-01-23 07:52:58
737,737,737,52,5,146,14643.2,4.0,3660.8,2026-03-10 00:37:11
738,738,738,193,18,61,104.12,2.0,52.06,2026-03-12 02:26:08
739,739,739,349,57,264,223.08,4.0,55.77,2026-02-28 21:00:53
740,740,740,306,3,42,806.84,2.0,403.42,2026-01-15 13:04:55
741,741,741,350,55,105,315.9,6.0,52.65,2026-02-10 00:14:12
742,742,742,415,48,238,598.8,4.86,123.21,2026-02-07 21:36:01
743,743,743,265,34,161,1364967.37,470.87,2898.82,2026-01-01 00:26:22
744,744,744,225,20,54,578.12,4.0,144.53,2026-01-10 14:43:35
745,745,745,375,61,49,3452.9,10.0,345.29,2026-02-01 20:32:10
746,746,746,190,13,239,121.22,1.0,121.22,2026-03-24 07:07:17
747,747,747,152,4,314,1796.85,9.0,199.65,2026-03-16 15:24:08
748,748,748,312,98,151,95.57,2.97,32.18,2026-04-02 17:30:13
749,749,749,435,29,61,293.88,6.0,48.98,2026-01-23 20:00:24
750,750,750,263,75,168,13421.92,4.0,3355.48,2026-03-25 15:23:23
751,751,751,383,89,302,425.84,4.0,106.46,2026-01-23 02:03:50
752,752,752,445,90,212,276.17,3.01,91.75,2026-01-09 10:25:44
753,753,753,469,45,266,145.7,1.0,145.7,2026-01-01 11:49:07
754,754,754,397,16,171,566.89,3.19,177.71,2026-01-08 13:20:11
755,755,755,242,56,226,8471.25,362.95,23.34,2026-02-16 17:08:40
756,756,756,146,39,16,1954.5,3.0,651.5,2026-01-19 09:34:15
757,757,757,143,99,232,3047.2,1.0,3047.2,2026-03-24 19:22:35
758,758,758,352,30,272,520.3,10.0,52.03,2026-01-20 17:41:28
759,759,759,104,73,54,414.54,6.0,69.09,2026-02-15 21:47:25
760,760,760,380,38,219,832.14,6.0,138.69,2026-03-09 13:43:21
761,761,761,43,30,165,3292.42,2.0,1646.21,2026-02-13 21:42:17
762,762,762,284,49,287,295.0,4.04,73.02,2025-12-23 13:05:17
763,763,763,41,2,323,44129.94,6.0,7354.99,2026-03-05 05:24:45
764,764,764,359,15,135,192.18,2.0,96.09,2026-01-27 02:37:15
765,765,765,221,82,79,1254.06,9.0,139.34,2026-01-15 14:36:27
766,766,766,398,2,182,169.02,2.0,84.51,2026-01-20 18:36:19
767,767,767,85,97,45,161.84,7.0,23.12,2026-01-09 05:24:41
768,768,768,408,88,258,172.49,1.0,172.49,2026-01-18 03:47:14
769,769,769,395,100,212,515.31,4.11,125.38,2026-03-19 22:08:48
770,770,770,210,45,63,105.06,2.0,52.53,2026-02-16 08:18:09
771,771,771,480,31,167,84.36,1.0,84.36,2026-03-14 13:23:30
772,772,772,119,96,331,531.12,6.0,88.52,2026-03-24 18:17:22
773,773,773,306,3,301,2823.94,7.0,403.42,2026-01-14 10:44:19
774,774,774,95,11,142,639.78,3.0,213.26,2026-01-02 01:47:05
775,775,775,392,58,239,1320.4,10.0,132.04,2026-02-12 20:48:09
776,776,776,266,46,234,200.0,2.0,100.0,2026-01-05 20:13:02
777,777,777,246,47,293,32058.54,3.0,10686.18,2026-03-10 02:47:10
778,778,778,48,45,20,1144.91,1.0,1144.91,2026-02-01 02:14:12
779,779,779,465,5,132,3025.44,4.0,756.36,2026-01-06 05:11:30
780,780,780,411,3,118,334.2,3.0,111.4,2026-03-01 09:18:54
781,781,781,169,36,251,22546.55,339.25,66.46,2025-12-26 07:53:35
782,782,782,214,89,111,688.32,9.0,76.48,2026-01-27 12:37:35
783,783,783,437,46,33,1096.4,10.0,109.64,2026-02-05 20:20:52
784,784,784,493,3,90,178.17,1.0,178.17,2026-02-13 06:31:41
785,785,785,464,21,196,2842.2,5.0,568.44,2026-03-09 17:11:17
786,786,786,85,97,61,115.6,5.0,23.12,2026-02-20 02:02:13
787,787,787,393,89,105,633.84,6.0,105.64,2025-12-20 00:57:26
788,788,788,6,58,175,217.53,3.01,72.27,2026-03-12 13:08:50
789,789,789,428,96,255,342.7,5.0,68.54,2026-02-23 12:51:13
790,790,790,319,49,304,411.17,3.06,134.37,2026-01-22 17:05:52
791,791,791,222,12,77,588.7,7.0,84.1,2026-02-24 23:52:01
792,792,792,345,8,39,331.04,2.0,165.52,2026-02-10 20:23:35
793,793,793,78,52,6,340.1,2.31,147.23,2026-01-05 09:16:50
794,794,794,382,61,3,1080.66,7.0,154.38,2026-04-04 19:38:08
795,795,795,205,53,281,368.63,2.37,155.54,2026-01-11 00:38:25
796,796,796,500,84,244,3229.0,10.0,322.9,2026-01-13 21:03:19
797,797,797,189,56,272,1369.71,9.0,152.19,2026-02-09 23:57:26
798,798,798,65,53,300,385.86,2.0,192.93,2025-12-28 10:35:02
799,799,799,357,32,323,448.57,4.44,101.03,2026-03-12 17:39:35
800,800,800,397,16,216,444.28,2.5,177.71,2026-03-17 17:58:30
801,801,801,418,56,154,811.2,5.0,162.24,2026-03-22 05:36:19
802,802,802,428,96,30,411.24,6.0,68.54,2026-03-14 21:39:00
803,803,803,66,13,205,1361.61,9.0,151.29,2026-01-05 05:38:55
804,804,804,145,26,142,7761.2,10.0,776.12,2026-01-15 04:50:19
805,805,805,298,69,270,295.28,8.0,36.91,2026-03-19 18:43:06
806,806,806,433,26,330,1371.33,9.0,152.37,2026-03-13 06:29:45
807,807,807,413,64,148,647.85,5.0,129.57,2026-03-05 02:51:53
808,808,808,59,8,264,13954.88,8.0,1744.36,2026-02-24 09:40:59
809,809,809,177,25,111,203.69,1.0,203.69,2026-01-14 03:41:57
810,810,810,17,20,119,222.36,1.66,133.95,2026-02-14 01:41:43
811,811,811,443,59,114,114.74,2.0,57.37,2026-03-01 02:46:16
812,812,812,58,75,90,10641.06,6.0,1773.51,2026-03-11 03:22:43
813,813,813,381,34,95,471.87,9.0,52.43,2026-03-21 21:08:33
814,814,814,334,40,180,598.5,5.0,119.7,2026-01-22 17:20:07
815,815,815,196,68,122,115.12,4.0,28.78,2026-03-04 17:50:49
816,816,816,377,14,330,359.6,8.0,44.95,2026-02-27 13:49:50
817,817,817,346,80,10,1026.75,5.0,205.35,2026-01-01 06:57:36
818,818,818,91,31,174,207.36,3.0,69.12,2026-03-24 01:42:43
819,819,819,79,25,233,303.41,2.49,121.85,2026-03-10 06:55:30
820,820,820,24,56,145,106.51,1.0,106.51,2026-03-16 21:55:19
821,821,821,261,27,260,3333.34,2.0,1666.67,2026-02-06 13:18:18
822,822,822,368,38,285,235.8,2.0,117.9,2026-02-08 11:58:33
823,823,823,145,26,245,7761.2,10.0,776.12,2026-04-02 10:37:43
824,824,824,465,5,264,6050.88,8.0,756.36,2026-03-19 17:38:35
825,825,825,108,76,218,1035.58,7.0,147.94,2026-03-24 01:33:57
826,826,826,15,90,55,824.48,4.0,206.12,2026-01-20 08:07:27
827,827,827,443,59,289,57.37,1.0,57.37,2026-02-15 08:56:52
828,828,828,177,25,7,1425.83,7.0,203.69,2025-12-28 07:57:33
829,829,829,447,1,30,12162.63,3.0,4054.21,2026-02-22 09:59:58
830,830,830,229,33,12,1063.92,8.0,132.99,2026-03-06 18:07:12
831,831,831,7,42,154,178.96,3.6,49.71,2026-02-04 04:04:11
832,832,832,30,28,114,48.05,1.0,48.05,2026-03-22 03:02:50
833,833,833,144,14,275,1175.28,6.0,195.88,2026-01-27 14:10:33
834,834,834,361,93,159,1253.36,8.0,156.67,2026-02-03 02:54:34
835,835,835,98,97,36,160.44,6.0,26.74,2026-03-19 06:58:56
836,836,836,289,22,152,1531.0,10.0,153.1,2025-12-28 09:33:51
837,837,837,57,62,153,14270.58,3.0,4756.86,2026-02-15 22:10:02
838,838,838,31,24,85,185.07,3.0,61.69,2026-01-17 12:24:51
839,839,839,305,8,44,1698.5,1.0,1698.5,2026-03-07 10:09:58
840,840,840,240,32,107,180.14,2.0,90.07,2026-02-18 05:01:27
841,841,841,342,98,197,525.87,3.0,175.29,2026-02-23 09:55:52
842,842,842,138,46,181,918.06,6.0,153.01,2026-01-03 06:32:05
843,843,843,291,89,41,483.78,6.0,80.63,2026-03-05 19:59:39
844,844,844,185,48,276,629.19,3.0,209.73,2025-12-22 05:48:56
845,845,845,378,42,123,697.56,6.0,116.26,2026-03-16 23:13:08
846,846,846,320,55,144,887.58,9.0,98.62,2025-12-28 05:20:13
847,847,847,307,22,303,3077.39,125.25,24.57,2026-02-06 00:04:57
848,848,848,9,16,211,225.47,2.51,89.83,2026-01-30 01:19:57
849,849,849,265,34,18,254661.34,87.85,2898.82,2026-01-05 08:05:25
850,850,850,117,55,65,510.8,8.0,63.85,2026-01-13 09:47:39
851,851,851,404,3,39,157.9,1.0,157.9,2026-01-10 13:50:58
852,852,852,434,82,272,46.14,1.0,46.14,2026-03-13 13:10:31
853,853,853,438,96,23,20543.08,205.76,99.84,2026-02-28 00:34:10
854,854,854,283,43,108,89.42,1.0,89.42,2026-01-02 16:11:13
855,855,855,87,22,279,85.33,1.0,85.33,2026-03-20 06:35:29
856,856,856,53,68,164,786.55,1.0,786.55,2026-03-19 14:31:45
857,857,857,197,95,88,7623.28,97.05,78.55,2026-01-11 01:29:24
858,858,858,254,92,279,634.4,8.0,79.3,2026-02-11 19:48:43
859,859,859,169,36,180,25811.07,388.37,66.46,2026-01-03 16:10:51
860,860,860,488,67,22,79.11,3.0,26.37,2026-01-14 01:12:02
861,861,861,303,16,199,166.48,4.0,41.62,2025-12-28 10:06:58
862,862,862,479,45,213,198.1,2.0,99.05,2026-03-04 22:27:06
863,863,863,328,54,282,1056.6,10.0,105.66,2026-03-11 12:41:01
864,864,864,173,89,138,938.75,5.0,187.75,2026-03-13 10:16:01
865,865,865,311,89,84,113.04,1.06,106.64,2026-02-14 20:11:52
866,866,866,462,62,289,551.1,5.0,110.22,2026-03-21 14:46:10
867,867,867,500,84,287,1614.5,5.0,322.9,2026-03-19 05:58:04
868,868,868,418,56,254,648.96,4.0,162.24,2026-01-23 23:14:52
869,869,869,427,37,115,1608.7,10.0,160.87,2025-12-29 01:52:21
870,870,870,334,11,179,972.09,9.0,108.01,2025-12-27 10:30:52
871,871,871,244,1,256,20275.52,147.77,137.21,2026-03-22 21:33:53
872,872,872,312,98,122,144.49,4.49,32.18,2026-02-03 08:15:39
873,873,873,398,2,97,422.55,5.0,84.51,2026-01-15 03:30:06
874,874,874,82,81,307,212.7,5.0,42.54,2026-03-18 04:20:48
875,875,875,385,98,19,93.21,3.0,31.07,2026-02-16 14:53:51
876,876,876,10,89,55,2221.61,4.72,470.68,2026-01-05 16:10:27
877,877,877,221,80,39,1124.46,9.0,124.94,2026-03-30 04:21:50
878,878,878,128,54,309,427.41,3.0,142.47,2026-01-24 10:07:47
879,879,879,369,26,186,445.32,4.0,111.33,2026-01-20 05:59:45
880,880,880,4,82,196,66.77,1.9,35.14,2026-03-23 18:34:12
881,881,881,430,42,37,70.28,1.0,70.28,2026-02-11 07:09:23
882,882,882,110,67,52,557.1,6.0,92.85,2026-03-30 02:17:18
883,883,883,92,87,258,419.99,3.99,105.26,2026-01-24 00:35:17
884,884,884,375,61,133,1726.45,5.0,345.29,2026-02-03 01:39:33
885,885,885,185,48,108,838.92,4.0,209.73,2026-03-20 12:15:09
886,886,886,323,44,109,1374.2,10.0,137.42,2026-03-10 10:08:08
887,887,887,384,50,214,221.7,5.0,44.34,2026-01-17 07:46:47
888,888,888,396,19,173,133.06,4.8,27.72,2026-01-23 16:24:40
889,889,889,11,98,54,379.18,2.38,159.32,2025-12-26 17:21:55
890,890,890,249,42,262,65.01,1.88,34.58,2026-02-28 16:49:34
891,891,891,108,82,25,277.84,2.0,138.92,2026-01-26 14:41:41
892,892,892,462,62,210,1102.2,10.0,110.22,2026-01-22 02:48:54
893,893,893,92,87,187,314.73,2.99,105.26,2025-12-23 13:58:33
894,894,894,108,82,174,555.68,4.0,138.92,2026-01-19 14:22:59
895,895,895,364,92,136,241.7,2.0,120.85,2026-03-02 12:13:25
896,896,896,129,93,88,1647.27,9.0,183.03,2026-01-12 10:40:10
897,897,897,107,46,102,628.5,6.0,104.75,2026-01-11 10:52:47
898,898,898,84,35,143,375.8,5.0,75.16,2026-01-20 05:40:26
899,899,899,362,20,199,249.4,10.0,24.94,2026-03-01 06:04:28
900,900,900,381,34,238,419.44,8.0,52.43,2026-01-25 05:04:56
901,901,901,63,38,328,55.2,0.55,100.36,2025-12-28 15:17:22
902,902,902,21,26,267,109.24,1.0,109.24,2026-02-22 16:40:02
903,903,903,62,33,247,524.13,3.8,137.93,2026-02-17 18:02:08
904,904,904,281,88,252,1282.44,6.0,213.74,2026-03-14 04:27:20
905,905,905,330,77,162,3912.44,175.84,22.25,2026-02-01 07:47:38
906,906,906,107,21,99,206.32,2.0,103.16,2025-12-25 13:20:36
907,907,907,94,41,240,518.95,5.0,103.79,2026-03-09 13:46:40
908,908,908,439,95,208,871.38,9.0,96.82,2026-02-22 17:24:09
909,909,909,195,26,255,12386.11,129.17,95.89,2025-12-30 11:45:10
910,910,910,82,1,1,85.0,2.0,42.5,2026-01-12 08:23:24
911,911,911,248,33,77,146.05,1.0,146.05,2025-12-31 06:43:51
912,912,912,302,66,100,954.75,5.0,190.95,2026-01-01 02:37:33
913,913,913,316,61,330,332377.83,62.85,5288.43,2026-02-24 05:41:54
914,914,914,439,95,127,96.82,1.0,96.82,2026-01-17 08:23:37
915,915,915,138,46,42,306.02,2.0,153.01,2026-04-02 16:50:17
916,916,916,110,67,73,649.95,7.0,92.85,2026-02-24 02:14:56
917,917,917,4,82,222,55.17,1.57,35.14,2026-02-08 16:19:06
918,918,918,179,95,216,359.74,2.0,179.87,2026-02-05 15:04:36
919,919,919,247,8,154,1302.98,7.0,186.14,2026-01-15 13:23:57
920,920,920,467,56,284,649.7,5.0,129.94,2026-03-26 02:06:55
921,921,921,269,69,59,329.5,10.0,32.95,2026-01-16 01:55:25
922,922,922,422,4,198,1316.14,7.0,188.02,2026-03-29 01:17:39
923,923,923,451,80,192,38.32,1.0,38.32,2026-02-13 10:29:03
924,924,924,231,83,175,39.57,1.52,26.03,2026-03-06 13:16:01
925,925,925,162,62,133,1212.0,10.0,121.2,2026-03-11 00:13:18
926,926,926,61,58,124,813.89,7.0,116.27,2026-01-25 12:00:57
927,927,927,410,8,67,629.4,6.0,104.9,2026-02-12 07:01:14
928,928,928,422,4,248,1692.18,9.0,188.02,2026-01-10 09:03:14
929,929,929,8,13,102,333.92,2.25,148.41,2026-03-04 19:11:29
930,930,930,444,59,153,644.1,10.0,64.41,2026-01-03 01:39:26
931,931,931,187,46,77,652.56,8.0,81.57,2026-01-12 00:46:50
932,932,932,19,9,219,394.4,4.0,98.6,2026-01-01 13:21:11
933,933,933,265,34,330,1178283.37,406.47,2898.82,2026-02-04 10:06:38
934,934,934,175,2,130,227.61,3.0,75.87,2026-01-25 08:48:53
935,935,935,409,78,135,232.16,2.0,116.08,2026-02-26 13:34:22
936,936,936,131,41,146,257.92,2.0,128.96,2026-01-21 03:13:22
937,937,937,9,16,122,330.57,3.68,89.83,2026-03-09 15:23:21
938,938,938,217,94,185,936.81,9.0,104.09,2026-01-15 21:04:55
939,939,939,352,19,13,254.9,5.0,50.98,2026-01-17 00:28:09
940,940,940,16,38,220,32561.34,397.72,81.87,2026-02-05 11:55:47
941,941,941,420,92,325,336.92,4.0,84.23,2026-01-02 20:21:04
942,942,942,333,77,212,1110.51,9.0,123.39,2026-03-17 14:23:39
943,943,943,174,2,279,534.36,4.0,133.59,2026-02-02 18:07:56
944,944,944,367,25,224,482.24,4.0,120.56,2026-03-26 00:04:05
945,945,945,498,81,130,1353.15,5.0,270.63,2026-02-21 01:16:24
946,946,946,27,11,189,182.46,2.0,91.23,2026-01-28 19:01:41
947,947,947,307,22,77,4465.6,181.75,24.57,2026-03-14 21:57:14
948,948,948,445,82,172,130.16,1.54,84.52,2026-01-14 00:43:20
949,949,949,70,37,157,1555.2,10.0,155.52,2026-01-05 20:53:35
950,950,950,368,65,11,218.4,2.0,109.2,2026-04-03 17:22:48
951,951,951,218,48,161,6892.24,220.34,31.28,2026-01-28 21:04:44
952,952,952,214,89,316,382.4,5.0,76.48,2026-01-03 04:23:28
953,953,953,350,38,285,433.89,9.0,48.21,2026-02-12 01:09:24
954,954,954,168,58,32,1034.53,7.0,147.79,2026-01-14 13:34:33
955,955,955,477,83,39,794.9,5.0,158.98,2026-03-26 16:44:03
956,956,956,1,80,331,20622.48,116.36,177.23,2026-01-06 05:01:36
957,957,957,175,2,176,682.83,9.0,75.87,2026-01-16 00:03:22
958,958,958,487,80,314,136.11,3.0,45.37,2026-03-22 16:04:14
959,959,959,218,19,117,5117.67,157.37,32.52,2026-03-22 01:04:12
960,960,960,273,92,152,346.47,2.36,146.81,2026-03-12 13:53:15
961,961,961,212,85,12,527.88,3.0,175.96,2026-01-19 13:13:57
962,962,962,139,70,270,763.6,5.0,152.72,2026-01-01 15:39:28
963,963,963,449,59,120,88.9,1.0,88.9,2026-03-23 20:39:44
964,964,964,456,98,91,1259.1,9.0,139.9,2026-01-02 23:20:25
965,965,965,411,3,20,1114.0,10.0,111.4,2026-01-12 23:17:44
966,966,966,461,5,216,783.6,6.0,130.6,2026-03-18 04:02:56
967,967,967,161,98,189,989.0,10.0,98.9,2026-02-07 09:50:52
968,968,968,311,89,101,178.09,1.67,106.64,2026-03-26 07:33:32
969,969,969,424,100,206,131.37,3.0,43.79,2025-12-23 07:02:42
970,970,970,206,18,229,715.7,5.0,143.14,2026-02-08 07:27:10
971,971,971,95,11,192,639.78,3.0,213.26,2026-02-15 19:26:02
972,972,972,335,79,182,1144.78,7.0,163.54,2026-03-10 13:55:21
973,973,973,130,7,263,5174.89,7.0,739.27,2026-03-16 00:34:21
974,974,974,234,80,65,961.6,8.0,120.2,2026-03-07 19:14:17
975,975,975,385,78,26,176.2,5.0,35.24,2026-01-05 00:19:36
976,976,976,397,16,285,668.19,3.76,177.71,2026-01-15 01:31:09
977,977,977,161,98,162,791.2,8.0,98.9,2025-12-26 21:52:25
978,978,978,383,89,290,532.3,5.0,106.46,2026-01-20 18:28:09
979,979,979,379,24,62,627.8,5.0,125.56,2026-02-03 18:25:45
980,980,980,202,40,149,57017.17,7.0,8145.31,2026-02-21 10:44:48
981,981,981,437,46,123,1096.4,10.0,109.64,2026-02-13 10:20:34
982,982,982,176,62,166,188.88,1.0,188.88,2026-03-07 21:03:06
983,983,983,313,21,218,460.32,4.67,98.57,2026-03-24 06:57:46
984,984,984,383,89,2,319.38,3.0,106.46,2025-12-22 03:45:15
985,985,985,234,80,222,601.0,5.0,120.2,2026-01-29 16:17:43
986,986,986,66,13,153,1512.9,10.0,151.29,2026-02-26 12:29:57
987,987,987,334,79,277,594.25,5.0,118.85,2026-02-17 18:35:28
988,988,988,295,23,198,546.14,7.0,78.02,2026-03-24 06:04:42
989,989,989,147,34,203,1356.04,7.0,193.72,2026-03-28 07:59:03
990,990,990,247,8,229,186.14,1.0,186.14,2026-02-26 12:05:56
991,991,991,245,52,214,549.54,6.0,91.59,2026-01-04 12:30:00
992,992,992,464,21,220,2842.2,5.0,568.44,2026-01-16 05:12:13
993,993,993,67,43,154,642.84,4.0,160.71,2026-01-28 19:11:47
994,994,994,5,69,27,235.58,2.36,99.82,2026-02-23 18:12:54
995,995,995,293,22,323,719.35,5.0,143.87,2026-03-24 16:16:08
996,996,996,90,27,301,282.96,4.0,70.74,2026-03-21 17:49:50
997,997,997,231,83,235,118.96,4.57,26.03,2026-03-24 08:55:00
998,998,998,223,4,83,211.92,8.0,26.49,2026-01-31 13:41:22
999,999,999,164,12,217,18477.05,391.38,47.21,2026-01-05 03:01:39
1000,1000,1000,246,47,224,21372.36,2.0,10686.18,2026-03-07 22:38:17
