PurchaseID,OrderID,VendorID,TotalAmount,CreatedAt
1,1,18,156.18,2025-12-23 01:14:40
2,2,41,773.76,2026-02-03 03:31:19
3,3,52,290.04,2026-01-22 02:57:35
4,4,54,78.32,2026-02-15 17:39:22
5,5,13,727.32,2026-03-19 15:57:32
6,6,85,572.95,2026-01-14 12:32:35
7,7,91,417.21,2026-03-07 20:49:04
8,8,55,201.6,2026-01-16 14:28:52
9,9,15,33.28,2026-01-21 08:53:46
10,10,95,26518.48,2026-02-23 12:43:49
11,11,47,195.4,2026-02-11 12:54:51
12,12,47,1029.66,2026-04-01 15:21:00
13,13,18,235.4,2026-03-09 10:46:03
14,14,31,506.16,2026-02-11 04:58:03
15,15,5,914.2,2026-01-22 00:45:10
16,16,85,110.2,2026-03-22 11:17:58
17,17,43,389.76,2026-03-04 16:05:20
18,18,78,150.33,2026-03-07 20:52:37
19,19,53,1102.56,2026-01-30 14:38:42
20,20,55,3397.01,2026-01-03 12:46:13
21,21,5,801.45,2026-03-19 16:21:30
22,22,85,412.8,2026-02-05 06:35:55
23,23,11,655.69,2025-12-24 04:13:20
24,24,32,139.95,2026-01-02 23:04:59
25,25,20,108.75,2026-02-23 19:29:39
26,26,60,1478.2,2026-03-08 12:54:33
27,27,55,510.8,2026-02-14 16:33:10
28,28,58,1517.76,2026-03-23 11:40:42
29,29,46,1315.8,2026-01-02 18:22:13
30,30,38,192.84,2026-02-10 05:51:01
31,31,80,360.6,2026-01-03 03:06:06
32,32,38,765.18,2025-12-26 19:20:26
33,33,6,408.95,2026-01-26 22:33:09
34,34,52,164.22,2026-03-17 12:54:41
35,35,44,1209.25,2026-01-11 13:59:53
36,36,57,278.85,2026-01-11 02:26:47
37,37,21,5684.4,2026-02-06 15:58:05
38,38,23,624.16,2026-03-14 15:28:32
39,39,18,416.48,2026-02-11 22:44:24
40,40,95,484.1,2026-03-20 06:57:38
41,41,50,18206.6,2026-01-06 00:42:24
42,42,96,479.78,2026-01-18 19:57:48
43,43,90,381.76,2026-03-11 22:29:01
44,44,22,682.64,2026-02-22 17:10:38
45,45,100,47777.16,2026-02-15 19:39:04
46,46,54,384.84,2026-03-05 16:57:55
47,47,12,80.51,2026-03-22 20:08:01
48,48,30,213.1,2026-02-02 20:28:47
49,49,74,150.72,2026-01-26 17:34:21
50,50,34,175.24,2026-02-15 03:09:29
51,51,45,831.27,2026-02-13 22:00:08
52,52,86,635.46,2026-02-25 09:15:28
53,53,61,308.16,2026-02-07 09:12:29
54,54,30,437.9,2026-03-09 03:51:51
55,55,30,131.37,2025-12-24 07:57:10
56,56,82,256.27,2026-03-06 10:32:13
57,57,10,5801.0,2026-02-11 14:38:08
58,58,5,356.2,2026-02-23 17:21:18
59,59,71,784.02,2026-01-28 11:44:14
60,60,25,248.0,2026-04-01 22:22:24
61,61,42,465.04,2026-03-12 01:13:57
62,62,78,588.28,2026-02-13 02:34:40
63,63,61,851490.11,2026-02-22 13:03:39
64,64,12,125.77,2026-03-13 10:57:16
65,65,1,32433.68,2026-01-12 11:42:22
66,66,27,988.2,2026-01-06 23:37:09
67,67,16,41.62,2026-03-09 11:34:02
68,68,54,352.44,2026-01-29 04:44:53
69,69,59,622.3,2026-02-08 06:40:55
70,70,65,271.44,2026-02-06 19:54:39
71,71,78,227.61,2026-03-05 00:37:08
72,72,77,6011.88,2026-03-12 09:39:55
73,73,33,773.12,2026-01-31 02:10:29
74,74,38,4511.86,2026-01-01 09:45:12
75,75,42,765.4,2026-03-31 05:38:38
76,76,43,268.62,2026-02-10 07:02:46
77,77,2,317.28,2026-03-15 11:31:30
78,78,3,315.35,2026-01-06 16:56:41
79,79,27,790.56,2026-03-28 11:18:20
80,80,76,162.8,2026-02-27 04:41:31
81,81,53,771.72,2025-12-24 20:05:56
82,82,47,20.53,2026-03-16 01:22:48
83,83,4,1317.47,2026-03-17 06:20:45
84,84,73,1076.64,2026-01-16 03:42:48
85,85,98,350.58,2026-03-05 09:36:05
86,86,9,350.16,2026-03-29 10:36:07
87,87,98,327.04,2026-02-17 18:47:03
88,88,60,1125.39,2026-03-29 22:51:57
89,89,67,272.85,2026-02-10 17:12:20
90,90,54,427.41,2026-03-24 17:59:53
91,91,26,655.44,2026-01-17 00:06:12
92,92,16,1006.46,2026-02-16 17:45:05
93,93,24,44915.29,2025-12-27 19:48:02
94,94,45,277.09,2026-02-27 10:59:01
95,95,47,13293.88,2026-01-27 16:02:11
96,96,56,8857.48,2026-03-08 13:19:56
97,97,25,723.36,2026-01-03 13:48:51
98,98,3,1503.45,2026-01-22 16:48:45
99,99,11,156.88,2026-02-09 22:52:40
100,100,92,154.15,2026-01-20 02:40:17
101,101,6,163.58,2026-01-18 08:01:29
102,102,49,67.18,2026-03-07 06:55:02
103,103,2,139.24,2026-02-22 21:51:21
104,104,24,901.0,2026-03-13 09:41:59
105,105,88,1923.66,2026-01-12 11:07:46
106,106,82,382.23,2026-01-12 10:13:36
107,107,90,320.9,2026-01-30 10:10:59
108,108,91,1123.74,2026-03-19 09:04:52
109,109,48,969.68,2026-01-19 02:52:28
110,110,42,1404.8,2026-03-09 19:45:50
111,111,39,1054.83,2026-03-17 20:16:24
112,112,24,502.24,2026-01-16 20:50:36
113,113,45,64.31,2026-02-21 21:06:25
114,114,48,481.75,2026-03-08 04:00:28
115,115,43,728.28,2026-01-15 10:12:12
116,116,3,195.57,2026-02-04 21:00:38
117,117,77,423.48,2026-03-29 10:06:58
118,118,21,330.4,2025-12-27 22:57:07
119,119,38,482.1,2026-01-12 10:06:12
120,120,11,284.85,2026-02-18 20:10:56
121,121,79,244.12,2026-01-09 05:20:01
122,122,49,249.0,2026-02-05 07:01:29
123,123,31,24.6,2026-02-23 22:13:15
124,124,78,696.48,2026-03-25 07:35:18
125,125,5,757.92,2026-03-25 04:34:09
126,126,21,275.01,2026-01-08 09:48:04
127,127,67,158.22,2026-02-08 22:40:22
128,128,93,100.48,2026-03-27 13:15:49
129,129,20,75.74,2026-03-12 10:29:48
130,130,31,519.12,2026-03-17 16:38:29
131,131,11,1129.44,2026-01-08 11:21:28
132,132,62,324.97,2026-02-22 10:33:26
133,133,77,130.71,2026-03-25 04:55:51
134,134,11,988.26,2025-12-28 06:33:42
135,135,43,241.36,2025-12-28 16:06:48
136,136,58,168.64,2025-12-29 03:30:58
137,137,75,1262.4,2026-02-06 17:54:26
138,138,94,373.8,2026-01-03 15:46:04
139,139,25,1425.83,2025-12-30 03:21:47
140,140,2,1110.48,2025-12-27 04:57:37
141,141,75,15961.59,2025-12-31 23:03:20
142,142,26,304.74,2026-03-12 13:52:56
143,143,32,181.12,2026-03-28 19:50:42
144,144,43,491.4,2026-02-19 09:18:09
145,145,66,190.95,2026-01-20 11:11:30
146,146,59,1672.7,2026-01-26 22:32:00
147,147,98,791.2,2026-02-11 09:17:36
148,148,50,26.97,2026-02-06 19:19:46
149,149,34,968.6,2026-03-05 11:32:12
150,150,5,1306.0,2026-01-01 15:32:38
151,151,88,308.56,2026-02-27 01:56:47
152,152,98,175.29,2026-03-13 01:58:29
153,153,26,539.84,2026-03-14 08:18:40
154,154,92,604.25,2026-03-08 15:43:07
155,155,22,936.53,2026-01-15 05:35:44
156,156,34,438.1,2026-02-05 06:42:23
157,157,97,218.55,2026-01-24 08:13:11
158,158,26,404.88,2026-02-15 23:06:52
159,159,100,317.64,2026-01-01 23:34:44
160,160,89,322.52,2026-01-20 20:29:19
161,161,10,1279.0,2025-12-25 16:49:53
162,162,49,288.43,2026-03-22 14:56:28
163,163,42,1071.56,2025-12-30 09:48:59
164,164,23,624.16,2026-03-31 13:23:38
165,165,96,205.4,2026-01-15 13:06:18
166,166,46,122.0,2026-01-22 02:23:50
167,167,9,788.8,2026-01-22 08:37:06
168,168,11,190.03,2026-03-21 07:36:22
169,169,85,1137.6,2026-03-17 02:23:02
170,170,61,98.86,2026-02-27 08:00:26
171,171,92,475.8,2026-01-07 19:03:29
172,172,80,1249.4,2026-01-10 18:11:22
173,173,67,343.92,2026-03-31 11:11:52
174,174,72,576231.72,2026-02-27 01:42:42
175,175,90,101.01,2026-02-20 14:31:53
176,176,38,380.47,2026-01-26 12:18:03
177,177,33,1175.94,2026-03-18 22:17:42
178,178,42,132.23,2026-01-23 23:14:11
179,179,92,421.15,2026-03-04 07:45:04
180,180,34,405.2,2026-01-31 08:41:03
181,181,34,525.72,2026-03-12 10:43:28
182,182,18,520.6,2026-01-07 15:19:25
183,183,59,82.64,2026-01-29 21:50:19
184,184,96,479.78,2026-01-15 16:43:53
185,185,12,161.65,2026-03-21 10:26:06
186,186,21,132.16,2026-02-13 17:46:16
187,187,24,2128.98,2026-01-19 20:41:41
188,188,98,98.9,2026-02-27 18:09:03
189,189,57,386.22,2026-02-17 07:29:09
190,190,72,609196.61,2026-01-04 01:53:46
191,191,52,438.05,2026-02-01 02:03:16
192,192,52,396.01,2026-03-21 11:49:44
193,193,18,521.34,2026-01-19 04:35:40
194,194,50,15844.04,2025-12-29 09:03:13
195,195,19,153.85,2026-03-23 12:03:30
196,196,8,558.42,2026-01-21 03:02:26
197,197,13,200.64,2026-02-07 19:55:09
198,198,33,121.09,2026-01-30 14:13:42
199,199,26,202.83,2026-03-21 18:15:14
200,200,21,825.28,2026-01-30 08:15:29
201,201,65,271.44,2026-01-15 21:39:34
202,202,99,5341.2,2026-01-08 19:36:55
203,203,71,130.67,2026-01-17 20:04:48
204,204,48,187.28,2026-03-29 08:27:56
205,205,42,807.0,2026-01-20 08:50:21
206,206,45,1144.91,2026-02-26 16:03:10
207,207,82,416.76,2026-03-07 06:36:57
208,208,80,649.1,2026-03-08 16:38:10
209,209,11,1066.3,2026-01-05 09:30:40
210,210,60,551.43,2026-03-05 17:03:47
211,211,76,982.31,2026-03-20 18:03:14
212,212,82,322.98,2026-02-22 22:32:30
213,213,45,11037.15,2026-01-12 00:06:04
214,214,100,569.95,2026-02-26 05:10:53
215,215,8,15699.24,2026-01-08 17:21:37
216,216,39,180.68,2026-02-25 03:13:11
217,217,30,1253.8,2026-03-10 17:21:21
218,218,14,314.65,2026-02-27 02:22:33
219,219,59,77.6,2026-03-14 23:18:53
220,220,21,1744.3,2026-01-08 14:21:05
221,221,1,20271.05,2026-02-12 11:46:32
222,222,58,1159.76,2026-02-18 11:27:34
223,223,58,836.1,2026-02-16 07:58:04
224,224,28,1291.32,2026-03-08 14:43:17
225,225,30,668.1,2025-12-24 07:34:10
226,226,62,1133.28,2025-12-30 18:54:12
227,227,65,723.84,2026-02-14 05:51:09
228,228,20,664.39,2026-01-16 05:39:02
229,229,87,163.28,2025-12-28 00:16:49
230,230,88,6110.65,2026-02-22 06:08:25
231,231,69,221.46,2026-03-24 16:29:33
232,232,14,344.67,2026-01-16 04:40:55
233,233,79,1160.0,2026-01-31 18:21:49
234,234,15,157.28,2026-02-15 06:50:04
235,235,67,645.46,2026-03-17 14:49:04
236,236,21,139.68,2026-03-27 03:43:28
237,237,26,436.96,2026-03-03 11:39:35
238,238,43,503.16,2026-01-13 06:11:16
239,239,27,4103.0,2026-02-18 17:10:47
240,240,37,643.48,2026-02-26 04:47:37
241,241,30,394.11,2026-02-07 23:05:43
242,242,50,269.7,2026-03-28 05:49:32
243,243,79,1044.0,2026-01-03 13:58:55
244,244,33,575.17,2026-01-20 19:55:39
245,245,58,489.84,2026-03-04 22:36:59
246,246,15,993.12,2026-03-12 18:50:59
247,247,100,570.48,2026-03-19 09:51:45
248,248,1,803.68,2026-03-01 15:45:12
249,249,83,129.89,2026-03-13 12:43:23
250,250,63,346.08,2026-02-15 13:15:08
251,251,25,1018.45,2026-03-14 01:03:10
252,252,13,348.2,2026-03-12 19:38:00
253,253,43,448.99,2026-03-15 12:39:14
254,254,50,480.5,2026-02-08 21:34:12
255,255,53,410.64,2026-03-22 02:54:29
256,256,13,1040.0,2026-04-02 10:19:52
257,257,31,24033.8,2026-03-04 18:42:13
258,258,87,326.56,2026-03-29 01:35:51
259,259,85,82.65,2026-01-11 05:47:31
260,260,33,246.53,2025-12-29 10:30:00
261,261,82,1389.2,2026-01-30 16:20:30
262,262,65,208.74,2026-03-02 12:29:19
263,263,95,879.76,2026-01-31 09:32:36
264,264,60,1912.19,2026-01-30 00:21:15
265,265,11,364.92,2026-01-05 12:40:03
266,266,75,301.8,2026-02-27 01:33:32
267,267,45,8147.52,2026-03-13 23:06:00
268,268,77,1269.63,2026-01-22 02:17:44
269,269,13,242.44,2026-02-10 18:45:59
270,270,47,21975.6,2025-12-29 15:51:30
271,271,89,902.43,2026-02-15 07:00:20
272,272,81,976.62,2026-01-23 00:38:15
273,273,83,85.3,2026-01-17 08:00:08
274,274,36,157.8,2026-02-13 02:04:43
275,275,21,45641.9,2026-02-08 10:57:55
276,276,60,449.28,2026-02-17 10:01:20
277,277,8,237.36,2026-01-05 14:48:39
278,278,46,523.75,2026-02-15 11:29:33
279,279,24,168.99,2026-02-25 02:22:03
280,280,52,41.55,2026-01-02 20:06:11
281,281,71,1439.04,2026-03-19 13:09:58
282,282,76,622.59,2026-02-08 04:24:26
283,283,3,1078.74,2026-03-30 12:41:15
284,284,12,14620.94,2026-02-20 09:34:03
285,285,79,713.1,2025-12-27 07:29:53
286,286,77,1871.67,2026-02-20 10:09:54
287,287,10,383.7,2026-03-23 15:20:13
288,288,24,3193.47,2026-01-08 06:40:52
289,289,1,24325.26,2026-01-17 13:37:52
290,290,44,412.26,2026-03-06 10:39:16
291,291,97,570.42,2026-01-02 23:31:42
292,292,48,181.75,2026-01-25 19:06:56
293,293,95,761.44,2026-03-10 18:41:05
294,294,89,297.53,2026-01-29 09:59:42
295,295,35,282.44,2025-12-22 13:38:48
296,296,3,39827.45,2025-12-31 19:03:51
297,297,92,662.76,2026-03-21 06:44:28
298,298,61,1098.32,2026-03-11 17:31:44
299,299,11,419.43,2026-03-23 14:46:14
300,300,32,720.56,2026-03-24 18:32:03
301,301,17,1469.72,2026-01-23 13:47:58
302,302,58,434.91,2026-02-22 15:20:54
303,303,95,27489.8,2026-01-22 00:08:26
304,304,68,519.3,2026-02-22 00:09:18
305,305,19,75.2,2026-02-05 08:31:51
306,306,14,8658.74,2026-01-31 13:31:35
307,307,54,1588.59,2026-01-30 17:40:50
308,308,59,715.85,2026-03-22 10:48:22
309,309,26,793.3,2025-12-22 23:28:35
310,310,69,328.47,2026-01-13 08:00:21
311,311,94,194.37,2026-01-11 06:11:58
312,312,23,208.2,2026-03-15 09:11:22
313,313,56,114.94,2026-01-05 01:16:50
314,314,4,79.47,2026-03-16 17:45:23
315,315,31,1023.84,2026-02-20 11:09:39
316,316,88,213.75,2026-01-05 02:06:30
317,317,68,1210.8,2026-02-25 01:21:54
318,318,79,1188.5,2026-01-19 18:42:28
319,319,3,1198.6,2026-01-07 16:01:00
320,320,61,411.87,2026-02-27 16:51:03
321,321,53,79.66,2025-12-26 02:25:30
322,322,80,360.6,2026-01-31 01:09:38
323,323,67,392.8,2026-01-25 13:12:52
324,324,58,44116.15,2026-02-02 07:21:10
325,325,32,108.76,2026-02-24 16:08:02
326,326,57,450.59,2026-01-19 03:46:43
327,327,46,1315.8,2026-03-07 01:54:28
328,328,50,665.3,2026-01-25 04:28:18
329,329,68,356.44,2026-01-23 22:23:42
330,330,59,104.66,2026-01-06 01:30:29
331,331,89,2406.48,2026-02-16 00:37:58
332,332,15,166.4,2026-01-21 19:23:35
333,333,69,883.2,2026-03-09 18:44:31
334,334,56,649.7,2025-12-25 12:35:45
335,335,73,147.43,2026-01-08 11:40:16
336,336,91,89.92,2026-01-31 01:58:13
337,337,20,277.28,2026-04-01 04:06:17
338,338,52,325.58,2026-01-04 18:37:26
339,339,89,739.48,2026-01-10 16:27:08
340,340,50,1524.24,2025-12-30 01:44:02
341,341,11,128.4,2026-02-12 20:47:57
342,342,55,1221.8,2026-03-05 00:58:32
343,343,30,46320.31,2026-02-01 01:25:30
344,344,35,239.88,2026-01-12 10:25:13
345,345,37,1244.16,2026-01-16 23:56:45
346,346,24,389.27,2026-02-23 18:17:42
347,347,45,17703.03,2026-01-14 12:44:53
348,348,32,720.56,2026-03-12 15:40:16
349,349,59,579.69,2026-04-02 10:15:48
350,350,34,923.08,2026-01-05 07:30:44
351,351,3,19963.57,2026-03-09 09:13:52
352,352,14,479.52,2026-01-27 12:01:42
353,353,96,952.08,2026-01-03 10:19:32
354,354,30,3292.42,2026-02-13 18:26:37
355,355,88,213.75,2026-03-09 20:16:43
356,356,76,4381.92,2026-03-21 05:36:54
357,357,34,244.29,2025-12-23 13:40:05
358,358,11,62.62,2026-02-24 06:26:15
359,359,16,343.9,2026-03-31 04:53:41
360,360,46,764.22,2026-02-17 16:51:12
361,361,73,897.2,2026-01-02 18:27:17
362,362,81,803.6,2026-02-20 23:03:46
363,363,46,838.0,2026-03-27 02:44:40
364,364,39,192.95,2026-03-12 02:49:33
365,365,32,217.52,2026-02-25 11:43:09
366,366,94,1040.9,2026-03-30 17:27:06
367,367,62,22946.85,2026-03-23 12:45:17
368,368,58,396.12,2026-03-19 19:30:33
369,369,16,273.33,2026-01-13 07:47:37
370,370,33,261.32,2026-02-13 10:15:14
371,371,12,5603.83,2025-12-31 16:52:30
372,372,71,161.56,2026-02-21 03:42:27
373,373,3,1225.0,2026-02-03 01:06:46
374,374,7,61.8,2026-03-15 05:09:18
375,375,33,253.79,2026-01-26 11:02:18
376,376,15,136.0,2026-02-11 02:17:05
377,377,18,282.96,2026-01-31 00:11:02
378,378,31,682.56,2026-01-01 00:49:41
379,379,88,689.96,2026-02-10 19:45:46
380,380,62,489.24,2026-02-01 18:40:27
381,381,95,975.84,2026-01-17 00:35:41
382,382,25,402.7,2026-02-14 22:57:16
383,383,30,42.62,2026-01-15 02:17:35
384,384,25,204.14,2025-12-30 04:05:26
385,385,23,312.08,2025-12-30 18:47:09
386,386,45,3974.45,2026-02-14 23:07:29
387,387,13,200.64,2026-02-24 21:48:48
388,388,76,336.57,2025-12-31 04:09:02
389,389,11,273.69,2026-01-03 19:36:26
390,390,58,334.44,2026-01-27 14:30:54
391,391,55,547.48,2025-12-28 09:54:29
392,392,59,172.11,2026-03-08 19:23:53
393,393,95,968.2,2026-02-14 03:36:49
394,394,20,74.82,2026-01-01 05:27:14
395,395,30,85.24,2026-03-02 14:48:22
396,396,95,241.36,2026-01-04 20:43:01
397,397,83,72.36,2026-01-15 09:48:14
398,398,100,20413.32,2025-12-28 12:01:36
399,399,60,819.51,2026-03-23 23:01:44
400,400,98,301.6,2026-02-09 18:56:52
401,401,22,1611.09,2026-03-05 21:27:10
402,402,50,532.24,2026-01-29 18:48:35
403,403,51,185.74,2026-02-16 15:55:47
404,404,100,131.37,2026-01-28 04:26:05
405,405,6,1190.56,2026-03-09 01:56:26
406,406,91,271.02,2026-03-31 11:23:55
407,407,47,767.13,2026-01-30 17:42:48
408,408,85,82.65,2025-12-23 09:20:05
409,409,56,3681.78,2025-12-26 18:14:18
410,410,81,803.6,2026-02-26 12:00:37
411,411,82,150.82,2026-01-23 19:45:22
412,412,73,183.9,2025-12-28 16:24:55
413,413,61,346.68,2026-01-04 02:29:08
414,414,64,853.63,2026-02-24 18:21:26
415,415,87,1671.2,2026-03-16 18:11:20
416,416,20,172.79,2026-01-01 09:37:47
417,417,5,419.36,2026-03-18 10:35:46
418,418,69,875.92,2026-02-14 08:53:19
419,419,47,128.61,2026-03-17 10:31:46
420,420,1,4054.21,2026-01-11 14:43:40
421,421,10,580.1,2026-02-15 16:46:05
422,422,10,349.2,2026-01-22 20:58:42
423,423,5,439.65,2026-03-16 06:26:04
424,424,25,366.9,2026-03-10 02:59:15
425,425,5,756.36,2026-02-12 00:10:03
426,426,77,778.4,2026-02-22 21:04:49
427,427,86,107.21,2026-02-12 18:58:33
428,428,86,366.78,2026-03-17 14:25:35
429,429,96,164.32,2026-03-24 21:41:03
430,430,95,761.44,2026-01-16 00:56:29
431,431,30,11523.47,2026-01-02 05:42:33
432,432,41,943.9,2026-01-30 19:26:11
433,433,85,35.33,2026-03-12 01:38:54
434,434,96,123.24,2026-03-18 01:37:10
435,435,46,1470.44,2026-02-21 21:53:36
436,436,5,1512.72,2026-02-28 04:43:23
437,437,26,179.48,2026-03-07 20:19:41
438,438,1,401.84,2026-02-23 03:20:50
439,439,17,15328.26,2026-02-02 00:45:11
440,440,78,1307.76,2026-01-01 06:33:41
441,441,60,735.24,2026-03-10 14:49:16
442,442,48,13988.73,2025-12-30 01:55:02
443,443,50,677.44,2026-02-09 23:39:55
444,444,70,163.42,2026-02-02 10:45:17
445,445,8,1698.5,2026-01-30 02:19:41
446,446,12,105.84,2026-01-20 03:30:08
447,447,57,257.48,2026-01-10 16:16:07
448,448,79,549.27,2026-01-17 22:28:31
449,449,45,2493.81,2026-03-14 20:53:35
450,450,15,2156.4,2026-01-09 04:04:38
451,451,87,347.52,2025-12-29 15:38:20
452,452,71,653.35,2026-02-22 12:59:49
453,453,3,85.13,2026-02-04 15:45:41
454,454,4,1504.16,2026-01-26 16:10:24
455,455,89,1045.9,2026-02-05 20:50:11
456,456,16,242.96,2026-03-20 14:11:44
457,457,73,575.8,2026-03-31 20:52:53
458,458,27,889.38,2026-03-14 18:10:52
459,459,96,287.56,2026-03-16 11:35:21
460,460,44,1236.78,2026-03-01 05:19:21
461,461,45,290.6,2026-03-02 17:06:50
462,462,46,91.39,2026-01-17 18:27:40
463,463,82,715.92,2026-03-01 09:31:56
464,464,8,165.81,2026-01-25 10:39:00
465,465,45,2493.81,2026-01-29 12:39:23
466,466,78,873.2,2026-02-08 23:42:05
467,467,59,516.33,2026-01-06 17:33:12
468,468,69,441.2,2026-01-23 04:29:25
469,469,56,958.59,2026-03-03 08:24:23
470,470,10,3480.6,2025-12-31 15:24:15
471,471,24,844.95,2026-01-24 00:06:50
472,472,22,209.63,2026-03-29 12:41:21
473,473,33,197.55,2026-01-04 16:32:42
474,474,68,302.7,2026-02-19 06:20:27
475,475,54,1056.6,2026-01-31 09:21:01
476,476,54,882.55,2026-02-04 03:01:00
477,477,61,549.16,2026-02-25 03:17:25
478,478,88,658.92,2026-02-27 03:06:51
479,479,31,679.63,2026-01-09 10:14:21
480,480,52,207.75,2026-01-27 17:22:30
481,481,50,35649.09,2026-01-21 18:45:34
482,482,58,792.24,2026-03-16 10:34:07
483,483,71,588.0,2026-02-23 21:13:44
484,484,50,44.34,2026-03-19 14:05:17
485,485,78,523.92,2025-12-19 02:13:18
486,486,8,593.4,2025-12-31 02:23:21
487,487,89,1406.88,2026-01-19 13:40:27
488,488,51,91.02,2026-02-06 16:18:04
489,489,5,1515.84,2026-04-02 12:03:04
490,490,55,40.32,2026-01-27 20:54:04
491,491,47,35160.96,2025-12-23 02:49:11
492,492,3,1575.0,2026-03-04 03:02:37
493,493,31,494.16,2026-02-08 08:57:43
494,494,44,1374.2,2026-02-06 02:29:36
495,495,16,91.11,2026-03-06 20:53:29
496,496,60,643.08,2026-01-15 16:15:46
497,497,88,195.72,2026-03-26 19:05:27
498,498,4,1279.92,2026-03-26 19:03:07
499,499,37,547.55,2026-02-24 08:53:18
500,500,92,201.42,2025-12-30 16:10:39
501,501,95,650.56,2026-01-31 21:45:49
502,502,48,422.78,2026-03-15 02:32:44
503,503,4,639.96,2026-02-21 00:11:10
504,504,22,1039.32,2026-02-02 21:26:48
505,505,48,2097.3,2026-01-12 21:57:46
506,506,78,3238.03,2026-03-04 22:30:18
507,507,17,74.18,2026-03-25 00:08:31
508,508,33,454.39,2026-01-19 04:06:24
509,509,90,808.08,2025-12-28 07:17:31
510,510,32,738.72,2026-01-02 06:23:22
511,511,31,674.88,2026-02-19 14:20:47
512,512,12,110.91,2026-03-06 04:21:06
513,513,20,199.52,2026-01-29 12:18:03
514,514,71,1292.48,2026-02-15 21:52:41
515,515,65,210.44,2026-02-10 05:45:36
516,516,46,1530.1,2026-03-07 15:55:17
517,517,26,951.96,2026-03-07 05:00:18
518,518,70,87.3,2025-12-31 07:48:14
519,519,4,1082.7,2026-01-07 13:42:07
520,520,40,206.54,2026-03-11 06:34:40
521,521,11,456.15,2026-01-08 07:01:52
522,522,10,118.43,2025-12-27 07:27:18
523,523,100,262.74,2026-03-21 19:16:50
524,524,81,127.62,2026-02-18 00:54:07
525,525,4,179.84,2026-03-29 04:37:14
526,526,22,209.63,2026-03-12 20:51:52
527,527,67,430.08,2026-02-06 05:26:04
528,528,46,300.0,2026-01-16 05:21:34
529,529,4,941.05,2026-01-06 13:05:22
530,530,26,1419.81,2026-01-23 01:31:52
531,531,48,363.5,2026-03-26 05:01:12
532,532,82,111.04,2026-03-08 18:59:24
533,533,26,327.72,2026-01-02 03:24:13
534,534,40,1065.78,2026-01-17 12:43:30
535,535,16,5799.56,2026-01-09 09:57:48
536,536,92,725.1,2026-02-11 12:39:06
537,537,89,1073.15,2026-02-10 11:13:20
538,538,92,1208.5,2026-02-25 00:37:17
539,539,98,1259.1,2026-01-31 08:33:23
540,540,69,437.96,2026-01-27 05:31:44
541,541,22,2787.47,2025-12-29 04:47:56
542,542,55,451.78,2026-02-18 11:52:13
543,543,64,207.4,2026-01-29 21:40:48
544,544,41,928.42,2026-01-31 21:31:48
545,545,58,1111.41,2025-12-25 03:10:23
546,546,19,2256.1,2026-03-13 22:22:41
547,547,62,551.1,2026-01-22 23:29:42
548,548,50,310.38,2026-02-12 03:14:04
549,549,46,244.71,2026-01-16 10:27:35
550,550,13,18194.8,2026-02-17 03:47:53
551,551,53,398.3,2025-12-25 17:16:52
552,552,55,136.87,2026-02-22 11:08:21
553,553,80,1202.0,2025-12-25 06:06:34
554,554,58,169.83,2026-02-12 15:55:22
555,555,50,1064.48,2026-03-21 07:31:08
556,556,61,51680.0,2026-01-29 21:52:54
557,557,48,346.64,2026-02-12 07:40:19
558,558,95,1618.83,2025-12-30 01:13:27
559,559,60,1347.84,2026-03-11 08:03:42
560,560,89,958.14,2026-02-12 20:16:36
561,561,76,823.56,2026-02-14 03:54:41
562,562,20,236.37,2026-01-01 04:04:52
563,563,46,300.0,2026-02-23 04:36:24
564,564,86,63.81,2026-01-31 22:06:34
565,565,45,2014.0,2026-02-17 13:35:17
566,566,81,61.21,2026-03-28 07:55:04
567,567,11,577.8,2026-01-05 05:45:14
568,568,84,1291.6,2026-02-01 05:34:03
569,569,86,270.27,2026-01-30 19:36:00
570,570,41,129.96,2026-03-08 13:04:54
571,571,90,4270.32,2026-03-21 01:03:01
572,572,82,80.14,2026-03-24 19:16:06
573,573,81,212.7,2026-01-11 23:13:02
574,574,75,33554.8,2026-01-16 04:45:50
575,575,17,424.62,2026-03-20 01:50:42
576,576,19,62.65,2026-03-18 10:09:23
577,577,55,1359.54,2026-04-01 15:51:50
578,578,48,1677.84,2026-02-21 07:00:48
579,579,43,41.86,2026-03-17 04:29:36
580,580,26,873.92,2026-01-08 06:45:53
581,581,81,1139.39,2026-02-06 21:00:21
582,582,20,718.3,2026-03-05 18:46:07
583,583,27,510.93,2026-02-09 15:24:48
584,584,88,2051.4,2026-03-20 02:17:13
585,585,25,169.37,2026-01-25 17:06:16
586,586,42,127.61,2026-02-13 23:59:28
587,587,58,740.94,2026-02-14 21:50:55
588,588,17,40875.36,2026-03-26 13:00:57
589,589,66,381.9,2026-02-04 13:48:38
590,590,1,301.38,2026-01-19 03:07:44
591,591,91,730.85,2026-01-18 23:47:23
592,592,75,875.16,2026-02-03 03:22:25
593,593,7,12270.3,2026-03-22 07:20:14
594,594,58,88232.3,2026-03-20 02:14:42
595,595,47,96175.62,2026-03-11 00:23:22
596,596,95,899.35,2026-03-09 23:40:30
597,597,79,610.3,2026-02-12 21:21:00
598,598,68,3146.2,2026-01-29 21:12:49
599,599,4,1082.7,2026-01-23 15:05:54
600,600,38,547.08,2026-03-13 11:09:27
601,601,55,855.26,2026-03-04 06:29:24
602,602,82,138.42,2026-02-11 23:42:05
603,603,65,351.36,2026-03-24 19:00:02
604,604,87,5147.91,2026-03-20 09:54:38
605,605,64,276.74,2025-12-22 05:31:22
606,606,75,17735.1,2026-02-13 14:06:30
607,607,87,204.1,2026-01-07 23:34:11
608,608,68,138.41,2026-03-13 14:51:06
609,609,54,845.28,2026-01-30 13:46:27
610,610,41,216.6,2026-02-17 20:05:32
611,611,22,1438.7,2026-01-02 08:07:29
612,612,11,235.32,2026-01-03 04:51:07
613,613,8,15286.5,2026-02-11 13:42:14
614,614,58,1797.45,2026-03-19 15:14:26
615,615,54,156.64,2026-01-14 20:58:30
616,616,78,787.32,2025-12-31 05:25:57
617,617,40,1243.41,2026-01-20 05:35:28
618,618,59,88.9,2026-03-18 03:50:57
619,619,73,414.54,2026-01-09 02:45:55
620,620,93,348.38,2026-04-04 18:28:30
621,621,56,221.94,2026-01-10 12:28:11
622,622,37,278.58,2026-02-01 18:41:22
623,623,69,741.28,2026-03-08 22:15:55
624,624,70,9751.95,2026-01-29 18:17:39
625,625,38,389.34,2025-12-27 09:13:18
626,626,55,20382.06,2026-01-23 12:32:49
627,627,29,244.9,2026-03-07 09:50:33
628,628,2,169.02,2026-03-14 15:01:53
629,629,38,385.68,2026-03-02 23:09:55
630,630,45,472.77,2026-01-13 13:14:40
631,631,17,376.92,2026-02-19 12:17:04
632,632,24,683.76,2026-01-22 04:47:12
633,633,82,104.01,2026-02-24 06:34:41
634,634,60,551.43,2026-01-08 14:32:39
635,635,22,179.01,2026-02-11 13:31:10
636,636,59,1672.7,2026-03-08 09:31:40
637,637,92,289.17,2025-12-24 16:00:21
638,638,85,27.55,2026-01-06 19:58:05
639,639,47,41.06,2026-01-02 18:45:31
640,640,35,8162.14,2026-01-21 08:00:58
641,641,32,360.28,2026-01-11 21:58:38
642,642,43,584.64,2026-01-27 03:02:16
643,643,15,65.39,2026-03-23 11:39:43
644,644,79,234.41,2026-02-15 16:19:58
645,645,43,579.35,2026-02-05 10:23:55
646,646,42,1148.49,2026-03-03 15:26:14
647,647,49,263.37,2026-02-27 05:38:22
648,648,97,229.88,2026-03-01 22:26:36
649,649,13,715.34,2026-03-17 23:44:18
650,650,59,1431.7,2026-01-19 07:30:31
651,651,68,3146.2,2026-03-25 19:39:44
652,652,17,744.65,2026-01-02 05:33:42
653,653,56,459.76,2026-01-22 07:00:50
654,654,74,951.6,2025-12-26 12:14:28
655,655,43,376.2,2026-02-21 16:02:59
656,656,52,173.49,2026-03-31 15:31:37
657,657,4,1119.93,2026-02-25 10:18:40
658,658,59,57.37,2026-03-19 11:29:15
659,659,68,114.36,2026-03-24 12:37:30
660,660,93,70.09,2026-02-23 14:18:18
661,661,19,4962.23,2026-03-21 15:53:01
662,662,86,200.77,2026-01-20 07:21:31
663,663,52,113.38,2026-03-08 21:50:43
664,664,8,8721.8,2026-03-22 10:51:48
665,665,68,756.75,2026-02-28 20:29:32
666,666,20,96.06,2026-04-02 07:58:49
667,667,30,501.52,2026-03-17 05:07:08
668,668,43,752.4,2026-01-30 09:48:41
669,669,17,235.9,2026-03-14 00:45:53
670,670,46,209.5,2026-02-02 22:34:21
671,671,94,104.09,2026-01-02 19:15:14
672,672,5,745.74,2026-01-03 05:22:03
673,673,6,446.46,2026-03-28 11:15:04
674,674,85,110.2,2026-03-18 02:50:01
675,675,7,111.1,2026-03-05 10:22:33
676,676,27,301.58,2026-02-13 10:47:05
677,677,55,380.45,2026-01-15 02:30:12
678,678,17,296.72,2026-02-25 15:27:24
679,679,73,70.6,2026-01-09 15:36:27
680,680,73,69.09,2026-02-26 16:06:49
681,681,18,681.66,2026-01-13 02:15:37
682,682,33,945637.91,2026-02-28 21:14:18
683,683,97,364.25,2026-02-10 07:44:48
684,684,59,1720.75,2026-03-11 13:22:20
685,685,28,240.25,2026-01-29 23:46:45
686,686,53,1026.6,2026-02-22 14:39:40
687,687,40,115.31,2026-01-11 00:55:23
688,688,65,1693.62,2026-02-18 13:35:55
689,689,63,216.54,2026-02-16 11:30:02
690,690,42,765.66,2026-02-09 20:30:54
691,691,57,390.39,2026-01-06 20:29:12
692,692,35,5830.1,2026-02-23 10:05:32
693,693,30,23605.6,2026-03-27 07:14:53
694,694,43,376.74,2026-03-05 11:11:04
695,695,25,1205.6,2026-02-26 10:19:06
696,696,55,625.84,2026-03-06 15:33:46
697,697,83,515.76,2026-01-23 08:08:05
698,698,73,207.27,2026-03-29 22:06:03
699,699,16,112.29,2026-03-06 16:56:13
700,700,32,127.0,2026-01-14 21:45:00
701,701,43,1169.28,2026-02-25 19:25:14
702,702,87,1042.56,2026-01-19 07:52:53
703,703,21,872.15,2026-03-10 02:52:21
704,704,45,99.05,2026-02-09 22:38:32
705,705,33,107.69,2026-01-17 23:58:48
706,706,88,1207.43,2026-02-04 10:58:03
707,707,49,166.49,2026-03-01 22:28:50
708,708,18,908.88,2026-02-24 12:01:20
709,709,11,78.44,2026-03-20 21:49:03
710,710,55,600.08,2026-01-04 07:12:56
711,711,89,950.76,2026-03-18 23:17:30
712,712,33,2153.88,2026-02-03 23:17:36
713,713,77,75.34,2026-03-18 01:01:14
714,714,62,688.6,2026-01-27 03:01:10
715,715,9,40.11,2026-03-10 20:02:28
716,716,11,11313.7,2026-01-12 21:03:24
717,717,65,34.79,2026-02-28 08:57:11
718,718,5,1048.4,2026-01-04 19:57:11
719,719,24,185.07,2026-01-19 16:22:03
720,720,34,500365.32,2026-01-09 03:24:55
721,721,78,735.35,2026-03-02 02:35:08
722,722,56,35125.58,2026-02-27 09:47:55
723,723,31,506.16,2026-02-07 17:36:15
724,724,75,380.6,2026-02-10 10:15:56
725,725,22,435.54,2026-01-08 20:21:40
726,726,76,140.3,2026-03-15 07:00:23
727,727,26,436.96,2025-12-29 00:50:38
728,728,50,15844.04,2026-01-11 22:16:48
729,729,38,368.32,2025-12-28 06:20:47
730,730,15,1509.48,2026-02-05 13:35:56
731,731,76,1009.71,2026-02-10 09:12:31
732,732,16,648.64,2026-01-15 01:07:37
733,733,12,1855.08,2026-03-10 23:20:44
734,734,16,147.32,2026-03-03 11:32:47
735,735,13,295.06,2025-12-29 01:44:49
736,736,25,434.0,2026-01-24 07:52:58
737,737,5,14643.2,2026-03-11 00:37:11
738,738,18,104.12,2026-03-13 02:26:08
739,739,57,223.08,2026-03-01 21:00:53
740,740,3,806.84,2026-01-16 13:04:55
741,741,55,315.9,2026-02-11 00:14:12
742,742,48,598.8,2026-02-08 21:36:01
743,743,34,1364967.37,2026-01-02 00:26:22
744,744,20,578.12,2026-01-11 14:43:35
745,745,61,3452.9,2026-02-02 20:32:10
746,746,13,121.22,2026-03-25 07:07:17
747,747,4,1796.85,2026-03-17 15:24:08
748,748,98,95.57,2026-04-03 17:30:13
749,749,29,293.88,2026-01-24 20:00:24
750,750,75,13421.92,2026-03-26 15:23:23
751,751,89,425.84,2026-01-24 02:03:50
752,752,90,276.17,2026-01-10 10:25:44
753,753,45,145.7,2026-01-02 11:49:07
754,754,16,566.89,2026-01-09 13:20:11
755,755,56,8471.25,2026-02-17 17:08:40
756,756,39,1954.5,2026-01-20 09:34:15
757,757,99,3047.2,2026-03-25 19:22:35
758,758,30,520.3,2026-01-21 17:41:28
759,759,73,414.54,2026-02-16 21:47:25
760,760,38,832.14,2026-03-10 13:43:21
761,761,30,3292.42,2026-02-14 21:42:17
762,762,49,295.0,2025-12-24 13:05:17
763,763,2,44129.94,2026-03-06 05:24:45
764,764,15,192.18,2026-01-28 02:37:15
765,765,82,1254.06,2026-01-16 14:36:27
766,766,2,169.02,2026-01-21 18:36:19
767,767,97,161.84,2026-01-10 05:24:41
768,768,88,172.49,2026-01-19 03:47:14
769,769,100,515.31,2026-03-20 22:08:48
770,770,45,105.06,2026-02-17 08:18:09
771,771,31,84.36,2026-03-15 13:23:30
772,772,96,531.12,2026-03-25 18:17:22
773,773,3,2823.94,2026-01-15 10:44:19
774,774,11,639.78,2026-01-03 01:47:05
775,775,58,1320.4,2026-02-13 20:48:09
776,776,46,200.0,2026-01-06 20:13:02
777,777,47,32058.54,2026-03-11 02:47:10
778,778,45,1144.91,2026-02-02 02:14:12
779,779,5,3025.44,2026-01-07 05:11:30
780,780,3,334.2,2026-03-02 09:18:54
781,781,36,22546.55,2025-12-27 07:53:35
782,782,89,688.32,2026-01-28 12:37:35
783,783,46,1096.4,2026-02-06 20:20:52
784,784,3,178.17,2026-02-14 06:31:41
785,785,21,2842.2,2026-03-10 17:11:17
786,786,97,115.6,2026-02-21 02:02:13
787,787,89,633.84,2025-12-21 00:57:26
788,788,58,217.53,2026-03-13 13:08:50
789,789,96,342.7,2026-02-24 12:51:13
790,790,49,411.17,2026-01-23 17:05:52
791,791,12,588.7,2026-02-25 23:52:01
792,792,8,331.04,2026-02-11 20:23:35
793,793,52,340.1,2026-01-06 09:16:50
794,794,61,1080.66,2026-04-05 19:38:08
795,795,53,368.63,2026-01-12 00:38:25
796,796,84,3229.0,2026-01-14 21:03:19
797,797,56,1369.71,2026-02-10 23:57:26
798,798,53,385.86,2025-12-29 10:35:02
799,799,32,448.57,2026-03-13 17:39:35
800,800,16,444.28,2026-03-18 17:58:30
801,801,56,811.2,2026-03-23 05:36:19
802,802,96,411.24,2026-03-15 21:39:00
803,803,13,1361.61,2026-01-06 05:38:55
804,804,26,7761.2,2026-01-16 04:50:19
805,805,69,295.28,2026-03-20 18:43:06
806,806,26,1371.33,2026-03-14 06:29:45
807,807,64,647.85,2026-03-06 02:51:53
808,808,8,13954.88,2026-02-25 09:40:59
809,809,25,203.69,2026-01-15 03:41:57
810,810,20,222.36,2026-02-15 01:41:43
811,811,59,114.74,2026-03-02 02:46:16
812,812,75,10641.06,2026-03-12 03:22:43
813,813,34,471.87,2026-03-22 21:08:33
814,814,40,598.5,2026-01-23 17:20:07
815,815,68,115.12,2026-03-05 17:50:49
816,816,14,359.6,2026-02-28 13:49:50
817,817,80,1026.75,2026-01-02 06:57:36
818,818,31,207.36,2026-03-25 01:42:43
819,819,25,303.41,2026-03-11 06:55:30
820,820,56,106.51,2026-03-17 21:55:19
821,821,27,3333.34,2026-02-07 13:18:18
822,822,38,235.8,2026-02-09 11:58:33
823,823,26,7761.2,2026-04-03 10:37:43
824,824,5,6050.88,2026-03-20 17:38:35
825,825,76,1035.58,2026-03-25 01:33:57
826,826,90,824.48,2026-01-21 08:07:27
827,827,59,57.37,2026-02-16 08:56:52
828,828,25,1425.83,2025-12-29 07:57:33
829,829,1,12162.63,2026-02-23 09:59:58
830,830,33,1063.92,2026-03-07 18:07:12
831,831,42,178.96,2026-02-05 04:04:11
832,832,28,48.05,2026-03-23 03:02:50
833,833,14,1175.28,2026-01-28 14:10:33
834,834,93,1253.36,2026-02-04 02:54:34
835,835,97,160.44,2026-03-20 06:58:56
836,836,22,1531.0,2025-12-29 09:33:51
837,837,62,14270.58,2026-02-16 22:10:02
838,838,24,185.07,2026-01-18 12:24:51
839,839,8,1698.5,2026-03-08 10:09:58
840,840,32,180.14,2026-02-19 05:01:27
841,841,98,525.87,2026-02-24 09:55:52
842,842,46,918.06,2026-01-04 06:32:05
843,843,89,483.78,2026-03-06 19:59:39
844,844,48,629.19,2025-12-23 05:48:56
845,845,42,697.56,2026-03-17 23:13:08
846,846,55,887.58,2025-12-29 05:20:13
847,847,22,3077.39,2026-02-07 00:04:57
848,848,16,225.47,2026-01-31 01:19:57
849,849,34,254661.34,2026-01-06 08:05:25
850,850,55,510.8,2026-01-14 09:47:39
851,851,3,157.9,2026-01-11 13:50:58
852,852,82,46.14,2026-03-14 13:10:31
853,853,96,20543.08,2026-03-01 00:34:10
854,854,43,89.42,2026-01-03 16:11:13
855,855,22,85.33,2026-03-21 06:35:29
856,856,68,786.55,2026-03-20 14:31:45
857,857,95,7623.28,2026-01-12 01:29:24
858,858,92,634.4,2026-02-12 19:48:43
859,859,36,25811.07,2026-01-04 16:10:51
860,860,67,79.11,2026-01-15 01:12:02
861,861,16,166.48,2025-12-29 10:06:58
862,862,45,198.1,2026-03-05 22:27:06
863,863,54,1056.6,2026-03-12 12:41:01
864,864,89,938.75,2026-03-14 10:16:01
865,865,89,113.04,2026-02-15 20:11:52
866,866,62,551.1,2026-03-22 14:46:10
867,867,84,1614.5,2026-03-20 05:58:04
868,868,56,648.96,2026-01-24 23:14:52
869,869,37,1608.7,2025-12-30 01:52:21
870,870,11,972.09,2025-12-28 10:30:52
871,871,1,20275.52,2026-03-23 21:33:53
872,872,98,144.49,2026-02-04 08:15:39
873,873,2,422.55,2026-01-16 03:30:06
874,874,81,212.7,2026-03-19 04:20:48
875,875,98,93.21,2026-02-17 14:53:51
876,876,89,2221.61,2026-01-06 16:10:27
877,877,80,1124.46,2026-03-31 04:21:50
878,878,54,427.41,2026-01-25 10:07:47
879,879,26,445.32,2026-01-21 05:59:45
880,880,82,66.77,2026-03-24 18:34:12
881,881,42,70.28,2026-02-12 07:09:23
882,882,67,557.1,2026-03-31 02:17:18
883,883,87,419.99,2026-01-25 00:35:17
884,884,61,1726.45,2026-02-04 01:39:33
885,885,48,838.92,2026-03-21 12:15:09
886,886,44,1374.2,2026-03-11 10:08:08
887,887,50,221.7,2026-01-18 07:46:47
888,888,19,133.06,2026-01-24 16:24:40
889,889,98,379.18,2025-12-27 17:21:55
890,890,42,65.01,2026-03-01 16:49:34
891,891,82,277.84,2026-01-27 14:41:41
892,892,62,1102.2,2026-01-23 02:48:54
893,893,87,314.73,2025-12-24 13:58:33
894,894,82,555.68,2026-01-20 14:22:59
895,895,92,241.7,2026-03-03 12:13:25
896,896,93,1647.27,2026-01-13 10:40:10
897,897,46,628.5,2026-01-12 10:52:47
898,898,35,375.8,2026-01-21 05:40:26
899,899,20,249.4,2026-03-02 06:04:28
900,900,34,419.44,2026-01-26 05:04:56
901,901,38,55.2,2025-12-29 15:17:22
902,902,26,109.24,2026-02-23 16:40:02
903,903,33,524.13,2026-02-18 18:02:08
904,904,88,1282.44,2026-03-15 04:27:20
905,905,77,3912.44,2026-02-02 07:47:38
906,906,21,206.32,2025-12-26 13:20:36
907,907,41,518.95,2026-03-10 13:46:40
908,908,95,871.38,2026-02-23 17:24:09
909,909,26,12386.11,2025-12-31 11:45:10
910,910,1,85.0,2026-01-13 08:23:24
911,911,33,146.05,2026-01-01 06:43:51
912,912,66,954.75,2026-01-02 02:37:33
913,913,61,332377.83,2026-02-25 05:41:54
914,914,95,96.82,2026-01-18 08:23:37
915,915,46,306.02,2026-04-03 16:50:17
916,916,67,649.95,2026-02-25 02:14:56
917,917,82,55.17,2026-02-09 16:19:06
918,918,95,359.74,2026-02-06 15:04:36
919,919,8,1302.98,2026-01-16 13:23:57
920,920,56,649.7,2026-03-27 02:06:55
921,921,69,329.5,2026-01-17 01:55:25
922,922,4,1316.14,2026-03-30 01:17:39
923,923,80,38.32,2026-02-14 10:29:03
924,924,83,39.57,2026-03-07 13:16:01
925,925,62,1212.0,2026-03-12 00:13:18
926,926,58,813.89,2026-01-26 12:00:57
927,927,8,629.4,2026-02-13 07:01:14
928,928,4,1692.18,2026-01-11 09:03:14
929,929,13,333.92,2026-03-05 19:11:29
930,930,59,644.1,2026-01-04 01:39:26
931,931,46,652.56,2026-01-13 00:46:50
932,932,9,394.4,2026-01-02 13:21:11
933,933,34,1178283.37,2026-02-05 10:06:38
934,934,2,227.61,2026-01-26 08:48:53
935,935,78,232.16,2026-02-27 13:34:22
936,936,41,257.92,2026-01-22 03:13:22
937,937,16,330.57,2026-03-10 15:23:21
938,938,94,936.81,2026-01-16 21:04:55
939,939,19,254.9,2026-01-18 00:28:09
940,940,38,32561.34,2026-02-06 11:55:47
941,941,92,336.92,2026-01-03 20:21:04
942,942,77,1110.51,2026-03-18 14:23:39
943,943,2,534.36,2026-02-03 18:07:56
944,944,25,482.24,2026-03-27 00:04:05
945,945,81,1353.15,2026-02-22 01:16:24
946,946,11,182.46,2026-01-29 19:01:41
947,947,22,4465.6,2026-03-15 21:57:14
948,948,82,130.16,2026-01-15 00:43:20
949,949,37,1555.2,2026-01-06 20:53:35
950,950,65,218.4,2026-04-04 17:22:48
951,951,48,6892.24,2026-01-29 21:04:44
952,952,89,382.4,2026-01-04 04:23:28
953,953,38,433.89,2026-02-13 01:09:24
954,954,58,1034.53,2026-01-15 13:34:33
955,955,83,794.9,2026-03-27 16:44:03
956,956,80,20622.48,2026-01-07 05:01:36
957,957,2,682.83,2026-01-17 00:03:22
958,958,80,136.11,2026-03-23 16:04:14
959,959,19,5117.67,2026-03-23 01:04:12
960,960,92,346.47,2026-03-13 13:53:15
961,961,85,527.88,2026-01-20 13:13:57
962,962,70,763.6,2026-01-02 15:39:28
963,963,59,88.9,2026-03-24 20:39:44
964,964,98,1259.1,2026-01-03 23:20:25
965,965,3,1114.0,2026-01-13 23:17:44
966,966,5,783.6,2026-03-19 04:02:56
967,967,98,989.0,2026-02-08 09:50:52
968,968,89,178.09,2026-03-27 07:33:32
969,969,100,131.37,2025-12-24 07:02:42
970,970,18,715.7,2026-02-09 07:27:10
971,971,11,639.78,2026-02-16 19:26:02
972,972,79,1144.78,2026-03-11 13:55:21
973,973,7,5174.89,2026-03-17 00:34:21
974,974,80,961.6,2026-03-08 19:14:17
975,975,78,176.2,2026-01-06 00:19:36
976,976,16,668.19,2026-01-16 01:31:09
977,977,98,791.2,2025-12-27 21:52:25
978,978,89,532.3,2026-01-21 18:28:09
979,979,24,627.8,2026-02-04 18:25:45
980,980,40,57017.17,2026-02-22 10:44:48
981,981,46,1096.4,2026-02-14 10:20:34
982,982,62,188.88,2026-03-08 21:03:06
983,983,21,460.32,2026-03-25 06:57:46
984,984,89,319.38,2025-12-23 03:45:15
985,985,80,601.0,2026-01-30 16:17:43
986,986,13,1512.9,2026-02-27 12:29:57
987,987,79,594.25,2026-02-18 18:35:28
988,988,23,546.14,2026-03-25 06:04:42
989,989,34,1356.04,2026-03-29 07:59:03
990,990,8,186.14,2026-02-27 12:05:56
991,991,52,549.54,2026-01-05 12:30:00
992,992,21,2842.2,2026-01-17 05:12:13
993,993,43,642.84,2026-01-29 19:11:47
994,994,69,235.58,2026-02-24 18:12:54
995,995,22,719.35,2026-03-25 16:16:08
996,996,27,282.96,2026-03-22 17:49:50
997,997,83,118.96,2026-03-25 08:55:00
998,998,4,211.92,2026-02-01 13:41:22
999,999,12,18477.05,2026-01-06 03:01:39
1000,1000,47,21372.36,2026-03-08 22:38:17
