OrderID,UserID,VendorID,OrderStatusID,Quantity,CreatedAt,UpdatedAt,SupplyRequestID,ProductID,UnitPrice
,98,3,1,250,3/26/2026 0:00,3/26/2026 0:00,,36,23.48
,98,3,2,250,3/26/2026 0:00,3/30/2026 0:00,,36,23.48
,98,3,4,250,3/26/2026 0:00,4/1/2026 0:00,,36,23.48
,225,50,1,100,3/28/2026 0:00,3/28/2026 0:00,,52,3961.01
,225,50,2,100,3/28/2026 0:00,3/30/2026 0:00,,52,3961.01
,225,50,4,100,3/28/2026 0:00,4/1/2026 0:00,,52,3961.01
,30,76,1,250,3/29/2026 0:00,3/29/2026 0:00,,68,137.26
,30,76,2,250,3/29/2026 0:00,3/31/2026 0:00,,68,137.26
,30,76,4,250,3/29/2026 0:00,4/1/2026 0:00,,68,137.26
,274,90,1,500,3/27/2026 0:00,3/27/2026 0:00,,71,67.05
,274,90,2,500,3/27/2026 0:00,3/31/2026 0:00,,71,67.05
,274,90,4,500,3/27/2026 0:00,4/1/2026 0:00,,71,67.05
,158,96,1,100,3/27/2026 0:00,3/27/2026 0:00,,84,71.52
,158,96,2,100,3/27/2026 0:00,3/31/2026 0:00,,84,71.52
,158,96,4,100,3/27/2026 0:00,4/1/2026 0:00,,84,71.52
,219,53,1,500,3/29/2026 0:00,3/29/2026 0:00,,77,66.24
,219,53,2,500,3/29/2026 0:00,3/31/2026 0:00,,77,66.24
,219,53,4,500,3/29/2026 0:00,4/1/2026 0:00,,77,66.24
,92,81,1,50,3/26/2026 0:00,3/26/2026 0:00,,35,34.71
,92,81,2,50,3/26/2026 0:00,3/30/2026 0:00,,35,34.71
,92,81,4,50,3/26/2026 0:00,4/1/2026 0:00,,35,34.71
,118,53,1,50,3/27/2026 0:00,3/27/2026 0:00,,65,192.93
,118,53,2,50,3/27/2026 0:00,3/31/2026 0:00,,65,192.93
,118,53,4,50,3/27/2026 0:00,4/1/2026 0:00,,65,192.93
,86,43,1,250,3/28/2026 0:00,3/28/2026 0:00,,67,160.71
,86,43,2,250,3/28/2026 0:00,3/31/2026 0:00,,67,160.71
,86,43,4,250,3/28/2026 0:00,4/1/2026 0:00,,67,160.71
,9,28,1,250,3/28/2026 0:00,3/28/2026 0:00,,30,48.05
,9,28,2,250,3/28/2026 0:00,3/31/2026 0:00,,30,48.05
,9,28,4,250,3/28/2026 0:00,4/1/2026 0:00,,30,48.05
,289,84,1,250,3/29/2026 0:00,3/29/2026 0:00,,52,3584.62
,289,84,2,250,3/29/2026 0:00,3/31/2026 0:00,,52,3584.62
,289,84,4,250,3/29/2026 0:00,4/1/2026 0:00,,52,3584.62
,146,11,1,250,3/26/2026 0:00,3/26/2026 0:00,,71,66.48
,146,11,2,250,3/26/2026 0:00,3/30/2026 0:00,,71,66.48
,146,11,4,250,3/26/2026 0:00,4/1/2026 0:00,,71,66.48
,309,45,1,50,3/27/2026 0:00,3/27/2026 0:00,,36,24.39
,309,45,2,50,3/27/2026 0:00,3/30/2026 0:00,,36,24.39
,309,45,4,50,3/27/2026 0:00,4/1/2026 0:00,,36,24.39
,85,86,1,100,3/28/2026 0:00,3/28/2026 0:00,,71,63.81
,85,86,2,100,3/28/2026 0:00,3/31/2026 0:00,,71,63.81
,85,86,4,100,3/28/2026 0:00,4/1/2026 0:00,,71,63.81
,256,38,1,50,3/26/2026 0:00,3/26/2026 0:00,,75,74.9
,256,38,2,50,3/26/2026 0:00,3/30/2026 0:00,,75,74.9
,256,38,4,50,3/26/2026 0:00,4/1/2026 0:00,,75,74.9
,202,53,1,500,3/28/2026 0:00,3/28/2026 0:00,,97,277.46
,202,53,2,500,3/28/2026 0:00,3/31/2026 0:00,,97,277.46
,202,53,4,500,3/28/2026 0:00,4/1/2026 0:00,,97,277.46
,4,77,1,100,3/27/2026 0:00,3/27/2026 0:00,,23,43.57
,4,77,2,100,3/27/2026 0:00,3/30/2026 0:00,,23,43.57
,4,77,4,100,3/27/2026 0:00,4/1/2026 0:00,,23,43.57
,79,22,1,50,3/27/2026 0:00,3/27/2026 0:00,,81,98.43
,79,22,2,50,3/27/2026 0:00,3/31/2026 0:00,,81,98.43
,79,22,4,50,3/27/2026 0:00,4/1/2026 0:00,,81,98.43
,38,43,1,100,3/28/2026 0:00,3/28/2026 0:00,,67,160.71
,38,43,2,100,3/28/2026 0:00,3/30/2026 0:00,,67,160.71
,38,43,4,100,3/28/2026 0:00,4/1/2026 0:00,,67,160.71
,134,24,1,250,3/27/2026 0:00,3/27/2026 0:00,,94,90.1
,134,24,2,250,3/27/2026 0:00,3/30/2026 0:00,,94,90.1
,134,24,4,250,3/27/2026 0:00,4/1/2026 0:00,,94,90.1
,166,2,1,50,3/28/2026 0:00,3/28/2026 0:00,,18,139.24
,166,2,2,50,3/28/2026 0:00,3/31/2026 0:00,,18,139.24
,166,2,4,50,3/28/2026 0:00,4/1/2026 0:00,,18,139.24
,117,45,1,50,3/26/2026 0:00,3/26/2026 0:00,,25,277.09
,117,45,2,50,3/26/2026 0:00,3/30/2026 0:00,,25,277.09
,117,45,4,50,3/26/2026 0:00,4/1/2026 0:00,,25,277.09
,294,13,1,500,3/27/2026 0:00,3/27/2026 0:00,,8,148.41
,294,13,2,500,3/27/2026 0:00,3/31/2026 0:00,,8,148.41
,294,13,4,500,3/27/2026 0:00,4/1/2026 0:00,,8,148.41
,194,22,1,100,3/28/2026 0:00,3/28/2026 0:00,,81,98.43
,194,22,2,100,3/28/2026 0:00,3/31/2026 0:00,,81,98.43
,194,22,4,100,3/28/2026 0:00,4/1/2026 0:00,,81,98.43
,148,7,1,50,3/29/2026 0:00,3/29/2026 0:00,,32,20.6
,148,7,2,50,3/29/2026 0:00,3/31/2026 0:00,,32,20.6
,148,7,4,50,3/29/2026 0:00,4/1/2026 0:00,,32,20.6
,318,97,1,250,3/27/2026 0:00,3/27/2026 0:00,,85,23.12
,318,97,2,250,3/27/2026 0:00,3/30/2026 0:00,,85,23.12
,318,97,4,250,3/27/2026 0:00,4/1/2026 0:00,,85,23.12
,223,96,1,500,3/29/2026 0:00,3/29/2026 0:00,,84,71.52
,223,96,2,500,3/29/2026 0:00,3/31/2026 0:00,,84,71.52
,223,96,4,500,3/29/2026 0:00,4/1/2026 0:00,,84,71.52
,26,60,1,500,3/29/2026 0:00,3/29/2026 0:00,,13,273.17
,26,60,2,500,3/29/2026 0:00,3/31/2026 0:00,,13,273.17
,26,60,4,500,3/29/2026 0:00,4/1/2026 0:00,,13,273.17
,308,5,1,500,3/26/2026 0:00,3/26/2026 0:00,,59,1591.34
,308,5,2,500,3/26/2026 0:00,3/30/2026 0:00,,59,1591.34
,308,5,4,500,3/26/2026 0:00,4/1/2026 0:00,,59,1591.34
,24,70,1,500,3/29/2026 0:00,3/29/2026 0:00,,96,81.71
,24,70,2,500,3/29/2026 0:00,3/31/2026 0:00,,96,81.71
,24,70,4,500,3/29/2026 0:00,4/1/2026 0:00,,96,81.71
,242,37,1,50,3/27/2026 0:00,3/27/2026 0:00,,70,155.52
,242,37,2,50,3/27/2026 0:00,3/30/2026 0:00,,70,155.52
,242,37,4,50,3/27/2026 0:00,4/1/2026 0:00,,70,155.52
,86,67,1,100,3/26/2026 0:00,3/26/2026 0:00,,99,71.68
,86,67,2,100,3/26/2026 0:00,3/30/2026 0:00,,99,71.68
,86,67,4,100,3/26/2026 0:00,4/1/2026 0:00,,99,71.68
,108,80,1,50,3/26/2026 0:00,3/26/2026 0:00,,1,177.23
,108,80,2,50,3/26/2026 0:00,3/30/2026 0:00,,1,177.23
,108,80,4,50,3/26/2026 0:00,4/1/2026 0:00,,1,177.23
,5,50,1,100,3/26/2026 0:00,3/26/2026 0:00,,88,48.05
,5,50,2,100,3/26/2026 0:00,3/30/2026 0:00,,88,48.05
,5,50,4,100,3/26/2026 0:00,4/1/2026 0:00,,88,48.05
,160,21,1,500,3/27/2026 0:00,3/27/2026 0:00,,44,1636.72
,160,21,2,500,3/27/2026 0:00,3/31/2026 0:00,,44,1636.72
,160,21,4,500,3/27/2026 0:00,4/1/2026 0:00,,44,1636.72
,33,8,1,100,3/26/2026 0:00,3/26/2026 0:00,,59,1744.36
,33,8,2,100,3/26/2026 0:00,3/30/2026 0:00,,59,1744.36
,33,8,4,100,3/26/2026 0:00,4/1/2026 0:00,,59,1744.36
,231,66,1,250,3/28/2026 0:00,3/28/2026 0:00,,20,178.02
,231,66,2,250,3/28/2026 0:00,3/30/2026 0:00,,20,178.02
,231,66,4,250,3/28/2026 0:00,4/1/2026 0:00,,20,178.02
,135,13,1,500,3/28/2026 0:00,3/28/2026 0:00,,8,148.41
,135,13,2,500,3/28/2026 0:00,3/31/2026 0:00,,8,148.41
,135,13,4,500,3/28/2026 0:00,4/1/2026 0:00,,8,148.41
,294,97,1,50,3/29/2026 0:00,3/29/2026 0:00,,85,23.12
,294,97,2,50,3/29/2026 0:00,3/31/2026 0:00,,85,23.12
,294,97,4,50,3/29/2026 0:00,4/1/2026 0:00,,85,23.12
,310,32,1,250,3/27/2026 0:00,3/27/2026 0:00,,18,144.78
,310,32,2,250,3/27/2026 0:00,3/31/2026 0:00,,18,144.78
,310,32,4,250,3/27/2026 0:00,4/1/2026 0:00,,18,144.78
,149,58,1,100,3/28/2026 0:00,3/28/2026 0:00,,40,8024.23
,149,58,2,100,3/28/2026 0:00,3/30/2026 0:00,,40,8024.23
,149,58,4,100,3/28/2026 0:00,4/1/2026 0:00,,40,8024.23
,200,4,1,250,3/26/2026 0:00,3/26/2026 0:00,,22,159.99
,200,4,2,250,3/26/2026 0:00,3/30/2026 0:00,,22,159.99
,200,4,4,250,3/26/2026 0:00,4/1/2026 0:00,,22,159.99
,71,25,1,500,3/28/2026 0:00,3/28/2026 0:00,,75,80.54
,71,25,2,500,3/28/2026 0:00,3/31/2026 0:00,,75,80.54
,71,25,4,500,3/28/2026 0:00,4/1/2026 0:00,,75,80.54
,87,47,1,100,3/26/2026 0:00,3/26/2026 0:00,,57,4395.12
,87,47,2,100,3/26/2026 0:00,3/30/2026 0:00,,57,4395.12
,87,47,4,100,3/26/2026 0:00,4/1/2026 0:00,,57,4395.12
,196,27,1,250,3/27/2026 0:00,3/27/2026 0:00,,90,70.74
,196,27,2,250,3/27/2026 0:00,3/31/2026 0:00,,90,70.74
,196,27,4,250,3/27/2026 0:00,4/1/2026 0:00,,90,70.74
,280,14,1,500,3/27/2026 0:00,3/27/2026 0:00,,26,410.49
,280,14,2,500,3/27/2026 0:00,3/31/2026 0:00,,26,410.49
,280,14,4,500,3/27/2026 0:00,4/1/2026 0:00,,26,410.49
,112,67,1,100,3/27/2026 0:00,3/27/2026 0:00,,99,71.68
,112,67,2,100,3/27/2026 0:00,3/30/2026 0:00,,99,71.68
,112,67,4,100,3/27/2026 0:00,4/1/2026 0:00,,99,71.68
,9,98,1,250,3/26/2026 0:00,3/26/2026 0:00,,11,159.32
,9,98,2,250,3/26/2026 0:00,3/30/2026 0:00,,11,159.32
,9,98,4,250,3/26/2026 0:00,4/1/2026 0:00,,11,159.32
,316,67,1,100,3/27/2026 0:00,3/27/2026 0:00,,99,71.68
,316,67,2,100,3/27/2026 0:00,3/31/2026 0:00,,99,71.68
,316,67,4,100,3/27/2026 0:00,4/1/2026 0:00,,99,71.68
,108,3,1,250,3/28/2026 0:00,3/28/2026 0:00,,36,23.48
,108,3,2,250,3/28/2026 0:00,3/31/2026 0:00,,36,23.48
,108,3,4,250,3/28/2026 0:00,4/1/2026 0:00,,36,23.48
,110,47,1,50,3/28/2026 0:00,3/28/2026 0:00,,89,20.53
,110,47,2,50,3/28/2026 0:00,3/30/2026 0:00,,89,20.53
,110,47,4,50,3/28/2026 0:00,4/1/2026 0:00,,89,20.53
,162,27,1,50,3/29/2026 0:00,3/29/2026 0:00,,90,70.74
,162,27,2,50,3/29/2026 0:00,3/31/2026 0:00,,90,70.74
,162,27,4,50,3/29/2026 0:00,4/1/2026 0:00,,90,70.74
,192,45,1,500,3/28/2026 0:00,3/28/2026 0:00,,48,1144.91
,192,45,2,500,3/28/2026 0:00,3/31/2026 0:00,,48,1144.91
,192,45,4,500,3/28/2026 0:00,4/1/2026 0:00,,48,1144.91
,71,58,1,250,3/27/2026 0:00,3/27/2026 0:00,,6,72.27
,71,58,2,250,3/27/2026 0:00,3/30/2026 0:00,,6,72.27
,71,58,4,250,3/27/2026 0:00,4/1/2026 0:00,,6,72.27
,205,57,1,250,3/29/2026 0:00,3/29/2026 0:00,,72,64.37
,205,57,2,250,3/29/2026 0:00,3/31/2026 0:00,,72,64.37
,205,57,4,250,3/29/2026 0:00,4/1/2026 0:00,,72,64.37
,222,3,1,500,3/27/2026 0:00,3/27/2026 0:00,,50,983.73
,222,3,2,500,3/27/2026 0:00,3/31/2026 0:00,,50,983.73
,222,3,4,500,3/27/2026 0:00,4/1/2026 0:00,,50,983.73
,169,55,1,100,3/27/2026 0:00,3/27/2026 0:00,,15,196.93
,169,55,2,100,3/27/2026 0:00,3/31/2026 0:00,,15,196.93
,169,55,4,100,3/27/2026 0:00,4/1/2026 0:00,,15,196.93
,115,12,1,100,3/28/2026 0:00,3/28/2026 0:00,,86,92.54
,115,12,2,100,3/28/2026 0:00,3/31/2026 0:00,,86,92.54
,115,12,4,100,3/28/2026 0:00,4/1/2026 0:00,,86,92.54
,276,50,1,50,3/26/2026 0:00,3/26/2026 0:00,,88,48.05
,276,50,2,50,3/26/2026 0:00,3/30/2026 0:00,,88,48.05
,276,50,4,50,3/26/2026 0:00,4/1/2026 0:00,,88,48.05
,192,53,1,50,3/28/2026 0:00,3/28/2026 0:00,,97,277.46
,192,53,2,50,3/28/2026 0:00,3/30/2026 0:00,,97,277.46
,192,53,4,50,3/28/2026 0:00,4/1/2026 0:00,,97,277.46
,247,52,1,500,3/27/2026 0:00,3/27/2026 0:00,,78,147.23
,247,52,2,500,3/27/2026 0:00,3/30/2026 0:00,,78,147.23
,247,52,4,500,3/27/2026 0:00,4/1/2026 0:00,,78,147.23
,87,2,1,500,3/27/2026 0:00,3/27/2026 0:00,,18,139.24
,87,2,2,500,3/27/2026 0:00,3/31/2026 0:00,,18,139.24
,87,2,4,500,3/27/2026 0:00,4/1/2026 0:00,,18,139.24
,3,11,1,100,3/27/2026 0:00,3/27/2026 0:00,,87,93.67
,3,11,2,100,3/27/2026 0:00,3/30/2026 0:00,,87,93.67
,3,11,4,100,3/27/2026 0:00,4/1/2026 0:00,,87,93.67
,19,97,1,500,3/27/2026 0:00,3/27/2026 0:00,,85,23.12
,19,97,2,500,3/27/2026 0:00,3/31/2026 0:00,,85,23.12
,19,97,4,500,3/27/2026 0:00,4/1/2026 0:00,,85,23.12
,106,88,1,50,3/27/2026 0:00,3/27/2026 0:00,,55,71.25
,106,88,2,50,3/27/2026 0:00,3/30/2026 0:00,,55,71.25
,106,88,4,50,3/27/2026 0:00,4/1/2026 0:00,,55,71.25
,231,12,1,100,3/27/2026 0:00,3/27/2026 0:00,,86,92.54
,231,12,2,100,3/27/2026 0:00,3/31/2026 0:00,,86,92.54
,231,12,4,100,3/27/2026 0:00,4/1/2026 0:00,,86,92.54
,230,55,1,500,3/29/2026 0:00,3/29/2026 0:00,,78,134.59
,230,55,2,500,3/29/2026 0:00,3/31/2026 0:00,,78,134.59
,230,55,4,500,3/29/2026 0:00,4/1/2026 0:00,,78,134.59
,213,31,1,50,3/27/2026 0:00,3/27/2026 0:00,,36,24.6
,213,31,2,50,3/27/2026 0:00,3/31/2026 0:00,,36,24.6
,213,31,4,50,3/27/2026 0:00,4/1/2026 0:00,,36,24.6
,23,30,1,250,3/28/2026 0:00,3/28/2026 0:00,,28,42.62
,23,30,2,250,3/28/2026 0:00,3/31/2026 0:00,,28,42.62
,23,30,4,250,3/28/2026 0:00,4/1/2026 0:00,,28,42.62
,273,35,1,100,3/26/2026 0:00,3/26/2026 0:00,,84,75.16
,273,35,2,100,3/26/2026 0:00,3/30/2026 0:00,,84,75.16
,273,35,4,100,3/26/2026 0:00,4/1/2026 0:00,,84,75.16
,210,22,1,100,3/27/2026 0:00,3/27/2026 0:00,,65,179.01
,210,22,2,100,3/27/2026 0:00,3/30/2026 0:00,,65,179.01
,210,22,4,100,3/27/2026 0:00,4/1/2026 0:00,,65,179.01
,274,16,1,250,3/27/2026 0:00,3/27/2026 0:00,,9,89.83
,274,16,2,250,3/27/2026 0:00,3/31/2026 0:00,,9,89.83
,274,16,4,250,3/27/2026 0:00,4/1/2026 0:00,,9,89.83
,276,37,1,50,3/28/2026 0:00,3/28/2026 0:00,,70,155.52
,276,37,2,50,3/28/2026 0:00,3/30/2026 0:00,,70,155.52
,276,37,4,50,3/28/2026 0:00,4/1/2026 0:00,,70,155.52
,119,47,1,100,3/28/2026 0:00,3/28/2026 0:00,,83,660.04
,119,47,2,100,3/28/2026 0:00,3/30/2026 0:00,,83,660.04
,119,47,4,100,3/28/2026 0:00,4/1/2026 0:00,,83,660.04
,217,22,1,500,3/28/2026 0:00,3/28/2026 0:00,,81,98.43
,217,22,2,500,3/28/2026 0:00,3/30/2026 0:00,,81,98.43
,217,22,4,500,3/28/2026 0:00,4/1/2026 0:00,,81,98.43
,262,24,1,50,3/27/2026 0:00,3/27/2026 0:00,,31,61.69
,262,24,2,50,3/27/2026 0:00,3/31/2026 0:00,,31,61.69
,262,24,4,50,3/27/2026 0:00,4/1/2026 0:00,,31,61.69
,246,60,1,50,3/26/2026 0:00,3/26/2026 0:00,,80,102.96
,246,60,2,50,3/26/2026 0:00,3/30/2026 0:00,,80,102.96
,246,60,4,50,3/26/2026 0:00,4/1/2026 0:00,,80,102.96
,269,68,1,250,3/28/2026 0:00,3/28/2026 0:00,,35,38.12
,269,68,2,250,3/28/2026 0:00,3/30/2026 0:00,,35,38.12
,269,68,4,250,3/28/2026 0:00,4/1/2026 0:00,,35,38.12
,165,24,1,100,3/27/2026 0:00,3/27/2026 0:00,,14,354.83
,165,24,2,100,3/27/2026 0:00,3/31/2026 0:00,,14,354.83
,165,24,4,100,3/27/2026 0:00,4/1/2026 0:00,,14,354.83
,220,94,1,500,3/28/2026 0:00,3/28/2026 0:00,,76,135.2
,220,94,2,500,3/28/2026 0:00,3/31/2026 0:00,,76,135.2
,220,94,4,500,3/28/2026 0:00,4/1/2026 0:00,,76,135.2
,104,90,1,500,3/28/2026 0:00,3/28/2026 0:00,,15,206.12
,104,90,2,500,3/28/2026 0:00,3/31/2026 0:00,,15,206.12
,104,90,4,500,3/28/2026 0:00,4/1/2026 0:00,,15,206.12
,303,24,1,50,3/29/2026 0:00,3/29/2026 0:00,,58,1860.15
,303,24,2,50,3/29/2026 0:00,3/31/2026 0:00,,58,1860.15
,303,24,4,50,3/29/2026 0:00,4/1/2026 0:00,,58,1860.15
,115,21,1,100,3/27/2026 0:00,3/27/2026 0:00,,44,1636.72
,115,21,2,100,3/27/2026 0:00,3/30/2026 0:00,,44,1636.72
,115,21,4,100,3/27/2026 0:00,4/1/2026 0:00,,44,1636.72
,74,26,1,100,3/27/2026 0:00,3/27/2026 0:00,,21,109.24
,74,26,2,100,3/27/2026 0:00,3/30/2026 0:00,,21,109.24
,74,26,4,100,3/27/2026 0:00,4/1/2026 0:00,,21,109.24
,272,53,1,250,3/29/2026 0:00,3/29/2026 0:00,,97,277.46
,272,53,2,250,3/29/2026 0:00,3/31/2026 0:00,,97,277.46
,272,53,4,250,3/29/2026 0:00,4/1/2026 0:00,,97,277.46
,58,55,1,250,3/28/2026 0:00,3/28/2026 0:00,,15,196.93
,58,55,2,250,3/28/2026 0:00,3/30/2026 0:00,,15,196.93
,58,55,4,250,3/28/2026 0:00,4/1/2026 0:00,,15,196.93
,33,59,1,500,3/29/2026 0:00,3/29/2026 0:00,,88,46.23
,33,59,2,500,3/29/2026 0:00,3/31/2026 0:00,,88,46.23
,33,59,4,500,3/29/2026 0:00,4/1/2026 0:00,,88,46.23
,138,62,1,250,3/26/2026 0:00,3/26/2026 0:00,,57,4756.86
,138,62,2,250,3/26/2026 0:00,3/30/2026 0:00,,57,4756.86
,138,62,4,250,3/26/2026 0:00,4/1/2026 0:00,,57,4756.86
,261,30,1,500,3/26/2026 0:00,3/26/2026 0:00,,28,42.62
,261,30,2,500,3/26/2026 0:00,3/30/2026 0:00,,28,42.62
,261,30,4,500,3/26/2026 0:00,4/1/2026 0:00,,28,42.62
,43,74,1,250,3/27/2026 0:00,3/27/2026 0:00,,87,95.16
,43,74,2,250,3/27/2026 0:00,3/30/2026 0:00,,87,95.16
,43,74,4,250,3/27/2026 0:00,4/1/2026 0:00,,87,95.16
,6,2,1,500,3/28/2026 0:00,3/28/2026 0:00,,41,7354.99
,6,2,2,500,3/28/2026 0:00,3/30/2026 0:00,,41,7354.99
,6,2,4,500,3/28/2026 0:00,4/1/2026 0:00,,41,7354.99
,63,70,1,100,3/29/2026 0:00,3/29/2026 0:00,,60,43.65
,63,70,2,100,3/29/2026 0:00,4/1/2026 0:00,,60,43.65
,63,70,4,100,3/29/2026 0:00,4/2/2026 0:00,,60,43.65
,324,43,1,50,3/30/2026 0:00,3/30/2026 0:00,,46,676.33
,324,43,2,50,3/30/2026 0:00,4/1/2026 0:00,,46,676.33
,324,43,4,50,3/30/2026 0:00,4/2/2026 0:00,,46,676.33
,169,97,1,100,3/28/2026 0:00,3/28/2026 0:00,,85,23.12
,169,97,2,100,3/28/2026 0:00,4/1/2026 0:00,,85,23.12
,169,97,4,100,3/28/2026 0:00,4/2/2026 0:00,,85,23.12
,297,28,1,100,3/30/2026 0:00,3/30/2026 0:00,,30,48.05
,297,28,2,100,3/30/2026 0:00,4/1/2026 0:00,,30,48.05
,297,28,4,100,3/30/2026 0:00,4/2/2026 0:00,,30,48.05
,29,77,1,250,3/30/2026 0:00,3/30/2026 0:00,,58,1639.48
,29,77,2,250,3/30/2026 0:00,4/1/2026 0:00,,58,1639.48
,29,77,4,250,3/30/2026 0:00,4/2/2026 0:00,,58,1639.48
,24,84,1,250,3/29/2026 0:00,3/29/2026 0:00,,52,3584.62
,24,84,2,250,3/29/2026 0:00,4/1/2026 0:00,,52,3584.62
,24,84,4,250,3/29/2026 0:00,4/2/2026 0:00,,52,3584.62
,109,60,1,250,3/29/2026 0:00,3/29/2026 0:00,,80,102.96
,109,60,2,250,3/29/2026 0:00,3/31/2026 0:00,,80,102.96
,109,60,4,250,3/29/2026 0:00,4/2/2026 0:00,,80,102.96
,274,86,1,500,3/28/2026 0:00,3/28/2026 0:00,,71,63.81
,274,86,2,500,3/28/2026 0:00,3/31/2026 0:00,,71,63.81
,274,86,4,500,3/28/2026 0:00,4/2/2026 0:00,,71,63.81
,259,46,1,500,3/28/2026 0:00,3/28/2026 0:00,,1,169.82
,259,46,2,500,3/28/2026 0:00,3/31/2026 0:00,,1,169.82
,259,46,4,500,3/28/2026 0:00,4/2/2026 0:00,,1,169.82
,285,70,1,500,3/29/2026 0:00,3/29/2026 0:00,,11,149.11
,285,70,2,500,3/29/2026 0:00,3/31/2026 0:00,,11,149.11
,285,70,4,500,3/29/2026 0:00,4/2/2026 0:00,,11,149.11
,329,28,1,100,3/27/2026 0:00,3/27/2026 0:00,,74,143.48
,329,28,2,100,3/27/2026 0:00,3/31/2026 0:00,,74,143.48
,329,28,4,100,3/27/2026 0:00,4/2/2026 0:00,,74,143.48
,277,85,1,250,3/29/2026 0:00,3/29/2026 0:00,,93,36.8
,277,85,2,250,3/29/2026 0:00,4/1/2026 0:00,,93,36.8
,277,85,4,250,3/29/2026 0:00,4/2/2026 0:00,,93,36.8
,325,22,1,500,3/29/2026 0:00,3/29/2026 0:00,,81,98.43
,325,22,2,500,3/29/2026 0:00,3/31/2026 0:00,,81,98.43
,325,22,4,500,3/29/2026 0:00,4/2/2026 0:00,,81,98.43
,203,21,1,50,3/29/2026 0:00,3/29/2026 0:00,,44,1636.72
,203,21,2,50,3/29/2026 0:00,4/1/2026 0:00,,44,1636.72
,203,21,4,50,3/29/2026 0:00,4/2/2026 0:00,,44,1636.72
,57,30,1,500,3/29/2026 0:00,3/29/2026 0:00,,28,42.62
,57,30,2,500,3/29/2026 0:00,4/1/2026 0:00,,28,42.62
,57,30,4,500,3/29/2026 0:00,4/2/2026 0:00,,28,42.62
,324,64,1,50,3/27/2026 0:00,3/27/2026 0:00,,47,853.63
,324,64,2,50,3/27/2026 0:00,3/31/2026 0:00,,47,853.63
,324,64,4,50,3/27/2026 0:00,4/2/2026 0:00,,47,853.63
,211,95,1,100,3/27/2026 0:00,3/27/2026 0:00,,7,48.7
,211,95,2,100,3/27/2026 0:00,3/31/2026 0:00,,7,48.7
,211,95,4,100,3/27/2026 0:00,4/2/2026 0:00,,7,48.7
,20,56,1,100,3/29/2026 0:00,3/29/2026 0:00,,77,71.66
,20,56,2,100,3/29/2026 0:00,3/31/2026 0:00,,77,71.66
,20,56,4,100,3/29/2026 0:00,4/2/2026 0:00,,77,71.66
,267,47,1,250,3/28/2026 0:00,3/28/2026 0:00,,57,4395.12
,267,47,2,250,3/28/2026 0:00,4/1/2026 0:00,,57,4395.12
,267,47,4,250,3/28/2026 0:00,4/2/2026 0:00,,57,4395.12
,253,85,1,100,3/27/2026 0:00,3/27/2026 0:00,,93,36.8
,253,85,2,100,3/27/2026 0:00,3/31/2026 0:00,,93,36.8
,253,85,4,100,3/27/2026 0:00,4/2/2026 0:00,,93,36.8
,208,31,1,500,3/29/2026 0:00,3/29/2026 0:00,,36,24.6
,208,31,2,500,3/29/2026 0:00,3/31/2026 0:00,,36,24.6
,208,31,4,500,3/29/2026 0:00,4/2/2026 0:00,,36,24.6
,118,94,1,100,3/29/2026 0:00,3/29/2026 0:00,,76,135.2
,118,94,2,100,3/29/2026 0:00,3/31/2026 0:00,,76,135.2
,118,94,4,100,3/29/2026 0:00,4/2/2026 0:00,,76,135.2
,320,39,1,50,3/30/2026 0:00,3/30/2026 0:00,,38,61.9
,320,39,2,50,3/30/2026 0:00,4/1/2026 0:00,,38,61.9
,320,39,4,50,3/30/2026 0:00,4/2/2026 0:00,,38,61.9
,130,95,1,50,3/29/2026 0:00,3/29/2026 0:00,,49,761.44
,130,95,2,50,3/29/2026 0:00,3/31/2026 0:00,,49,761.44
,130,95,4,50,3/29/2026 0:00,4/2/2026 0:00,,49,761.44
,251,52,1,100,3/27/2026 0:00,3/27/2026 0:00,,61,119.97
,251,52,2,100,3/27/2026 0:00,3/31/2026 0:00,,61,119.97
,251,52,4,100,3/27/2026 0:00,4/2/2026 0:00,,61,119.97
,76,52,1,250,3/28/2026 0:00,3/28/2026 0:00,,78,147.23
,76,52,2,250,3/28/2026 0:00,4/1/2026 0:00,,78,147.23
,76,52,4,250,3/28/2026 0:00,4/2/2026 0:00,,78,147.23
,49,74,1,100,3/29/2026 0:00,3/29/2026 0:00,,74,131.26
,49,74,2,100,3/29/2026 0:00,4/1/2026 0:00,,74,131.26
,49,74,4,100,3/29/2026 0:00,4/2/2026 0:00,,74,131.26
,159,6,1,250,3/27/2026 0:00,3/27/2026 0:00,,55,81.79
,159,6,2,250,3/27/2026 0:00,3/31/2026 0:00,,55,81.79
,159,6,4,250,3/27/2026 0:00,4/2/2026 0:00,,55,81.79
,141,51,1,50,3/28/2026 0:00,3/28/2026 0:00,,80,92.87
,141,51,2,50,3/28/2026 0:00,3/31/2026 0:00,,80,92.87
,141,51,4,50,3/28/2026 0:00,4/2/2026 0:00,,80,92.87
,252,57,1,500,3/27/2026 0:00,3/27/2026 0:00,,28,41.49
,252,57,2,500,3/27/2026 0:00,3/31/2026 0:00,,28,41.49
,252,57,4,500,3/27/2026 0:00,4/2/2026 0:00,,28,41.49
,106,60,1,50,3/28/2026 0:00,3/28/2026 0:00,,13,273.17
,106,60,2,50,3/28/2026 0:00,4/1/2026 0:00,,13,273.17
,106,60,4,50,3/28/2026 0:00,4/2/2026 0:00,,13,273.17
,217,68,1,50,3/29/2026 0:00,3/29/2026 0:00,,53,786.55
,217,68,2,50,3/29/2026 0:00,3/31/2026 0:00,,53,786.55
,217,68,4,50,3/29/2026 0:00,4/2/2026 0:00,,53,786.55
,24,43,1,100,3/27/2026 0:00,3/27/2026 0:00,,69,89.54
,24,43,2,100,3/27/2026 0:00,3/31/2026 0:00,,69,89.54
,24,43,4,100,3/27/2026 0:00,4/2/2026 0:00,,69,89.54
,309,5,1,500,3/28/2026 0:00,3/28/2026 0:00,,59,1591.34
,309,5,2,500,3/28/2026 0:00,4/1/2026 0:00,,59,1591.34
,309,5,4,500,3/28/2026 0:00,4/2/2026 0:00,,59,1591.34
,197,16,1,50,3/29/2026 0:00,3/29/2026 0:00,,9,89.83
,197,16,2,50,3/29/2026 0:00,4/1/2026 0:00,,9,89.83
,197,16,4,50,3/29/2026 0:00,4/2/2026 0:00,,9,89.83
,126,22,1,500,3/28/2026 0:00,3/28/2026 0:00,,65,179.01
,126,22,2,500,3/28/2026 0:00,3/31/2026 0:00,,65,179.01
,126,22,4,500,3/28/2026 0:00,4/2/2026 0:00,,65,179.01
,302,24,1,100,3/28/2026 0:00,3/28/2026 0:00,,94,90.1
,302,24,2,100,3/28/2026 0:00,4/1/2026 0:00,,94,90.1
,302,24,4,100,3/28/2026 0:00,4/2/2026 0:00,,94,90.1
,35,86,1,250,3/29/2026 0:00,3/29/2026 0:00,,71,63.81
,35,86,2,250,3/29/2026 0:00,3/31/2026 0:00,,71,63.81
,35,86,4,250,3/29/2026 0:00,4/2/2026 0:00,,71,63.81
,325,57,1,100,3/28/2026 0:00,3/28/2026 0:00,,28,41.49
,325,57,2,100,3/28/2026 0:00,3/31/2026 0:00,,28,41.49
,325,57,4,100,3/28/2026 0:00,4/2/2026 0:00,,28,41.49
,210,37,1,500,3/28/2026 0:00,3/28/2026 0:00,,70,155.52
,210,37,2,500,3/28/2026 0:00,3/31/2026 0:00,,70,155.52
,210,37,4,500,3/28/2026 0:00,4/2/2026 0:00,,70,155.52
,229,5,1,500,3/28/2026 0:00,3/28/2026 0:00,,59,1591.34
,229,5,2,500,3/28/2026 0:00,3/31/2026 0:00,,59,1591.34
,229,5,4,500,3/28/2026 0:00,4/2/2026 0:00,,59,1591.34
,118,90,1,500,3/27/2026 0:00,3/27/2026 0:00,,15,206.12
,118,90,2,500,3/27/2026 0:00,3/31/2026 0:00,,15,206.12
,118,90,4,500,3/27/2026 0:00,4/2/2026 0:00,,15,206.12
,296,31,1,50,3/28/2026 0:00,3/28/2026 0:00,,36,24.6
,296,31,2,50,3/28/2026 0:00,3/31/2026 0:00,,36,24.6
,296,31,4,50,3/28/2026 0:00,4/2/2026 0:00,,36,24.6
,147,93,1,250,3/28/2026 0:00,3/28/2026 0:00,,100,174.19
,147,93,2,250,3/28/2026 0:00,3/31/2026 0:00,,100,174.19
,147,93,4,250,3/28/2026 0:00,4/2/2026 0:00,,100,174.19
,83,77,1,500,3/30/2026 0:00,3/30/2026 0:00,,83,698.58
,83,77,2,500,3/30/2026 0:00,4/1/2026 0:00,,83,698.58
,83,77,4,500,3/30/2026 0:00,4/2/2026 0:00,,83,698.58
,332,45,1,50,3/29/2026 0:00,3/29/2026 0:00,,48,1144.91
,332,45,2,50,3/29/2026 0:00,4/1/2026 0:00,,48,1144.91
,332,45,4,50,3/29/2026 0:00,4/2/2026 0:00,,48,1144.91
,52,69,1,100,3/30/2026 0:00,3/30/2026 0:00,,5,99.82
,52,69,2,100,3/30/2026 0:00,4/1/2026 0:00,,5,99.82
,52,69,4,100,3/30/2026 0:00,4/2/2026 0:00,,5,99.82
,54,37,1,50,3/29/2026 0:00,3/29/2026 0:00,,70,155.52
,54,37,2,50,3/29/2026 0:00,4/1/2026 0:00,,70,155.52
,54,37,4,50,3/29/2026 0:00,4/2/2026 0:00,,70,155.52
,331,58,1,500,3/29/2026 0:00,3/29/2026 0:00,,42,8823.23
,331,58,2,500,3/29/2026 0:00,4/1/2026 0:00,,42,8823.23
,331,58,4,500,3/29/2026 0:00,4/2/2026 0:00,,42,8823.23
,334,46,1,250,3/27/2026 0:00,3/27/2026 0:00,,35,34.55
,334,46,2,250,3/27/2026 0:00,3/31/2026 0:00,,35,34.55
,334,46,4,250,3/27/2026 0:00,4/2/2026 0:00,,35,34.55
,95,82,1,500,3/30/2026 0:00,3/30/2026 0:00,,56,80.14
,95,82,2,500,3/30/2026 0:00,4/1/2026 0:00,,56,80.14
,95,82,4,500,3/30/2026 0:00,4/2/2026 0:00,,56,80.14
,75,55,1,250,3/28/2026 0:00,3/28/2026 0:00,,15,196.93
,75,55,2,250,3/28/2026 0:00,4/1/2026 0:00,,15,196.93
,75,55,4,250,3/28/2026 0:00,4/2/2026 0:00,,15,196.93
,85,71,1,50,3/29/2026 0:00,3/29/2026 0:00,,39,87.99
,85,71,2,50,3/29/2026 0:00,3/31/2026 0:00,,39,87.99
,85,71,4,50,3/29/2026 0:00,4/2/2026 0:00,,39,87.99
,74,58,1,500,3/27/2026 0:00,3/27/2026 0:00,,61,116.27
,74,58,2,500,3/27/2026 0:00,3/31/2026 0:00,,61,116.27
,74,58,4,500,3/27/2026 0:00,4/2/2026 0:00,,61,116.27
,206,95,1,500,3/29/2026 0:00,3/29/2026 0:00,,7,48.7
,206,95,2,500,3/29/2026 0:00,4/1/2026 0:00,,7,48.7
,206,95,4,500,3/29/2026 0:00,4/2/2026 0:00,,7,48.7
,108,9,1,250,3/28/2026 0:00,3/28/2026 0:00,,19,98.6
,108,9,2,250,3/28/2026 0:00,3/31/2026 0:00,,19,98.6
,108,9,4,250,3/28/2026 0:00,4/2/2026 0:00,,19,98.6
,168,4,1,100,3/27/2026 0:00,3/27/2026 0:00,,22,159.99
,168,4,2,100,3/27/2026 0:00,3/31/2026 0:00,,22,159.99
,168,4,4,100,3/27/2026 0:00,4/2/2026 0:00,,22,159.99
,143,6,1,50,3/29/2026 0:00,3/29/2026 0:00,,55,81.79
,143,6,2,50,3/29/2026 0:00,3/31/2026 0:00,,55,81.79
,143,6,4,50,3/29/2026 0:00,4/2/2026 0:00,,55,81.79
,277,90,1,50,3/28/2026 0:00,3/28/2026 0:00,,15,206.12
,277,90,2,50,3/28/2026 0:00,3/31/2026 0:00,,15,206.12
,277,90,4,50,3/28/2026 0:00,4/2/2026 0:00,,15,206.12
,288,59,1,50,3/29/2026 0:00,3/29/2026 0:00,,10,423.83
,288,59,2,50,3/29/2026 0:00,3/31/2026 0:00,,10,423.83
,288,59,4,50,3/29/2026 0:00,4/2/2026 0:00,,10,423.83
,29,95,1,500,3/30/2026 0:00,3/30/2026 0:00,,49,761.44
,29,95,2,500,3/30/2026 0:00,4/1/2026 0:00,,49,761.44
,29,95,4,500,3/30/2026 0:00,4/2/2026 0:00,,49,761.44
,305,47,1,100,3/28/2026 0:00,3/28/2026 0:00,,57,4395.12
,305,47,2,100,3/28/2026 0:00,3/31/2026 0:00,,57,4395.12
,305,47,4,100,3/28/2026 0:00,4/2/2026 0:00,,57,4395.12
,28,24,1,100,3/27/2026 0:00,3/27/2026 0:00,,94,90.1
,28,24,2,100,3/27/2026 0:00,3/31/2026 0:00,,94,90.1
,28,24,4,100,3/27/2026 0:00,4/2/2026 0:00,,94,90.1
,290,10,1,250,3/27/2026 0:00,3/27/2026 0:00,,46,580.1
,290,10,2,250,3/27/2026 0:00,3/31/2026 0:00,,46,580.1
,290,10,4,250,3/27/2026 0:00,4/2/2026 0:00,,46,580.1
,239,47,1,500,3/30/2026 0:00,3/30/2026 0:00,,83,660.04
,239,47,2,500,3/30/2026 0:00,4/1/2026 0:00,,83,660.04
,239,47,4,500,3/30/2026 0:00,4/2/2026 0:00,,83,660.04
,188,4,1,100,3/27/2026 0:00,3/27/2026 0:00,,22,159.99
,188,4,2,100,3/27/2026 0:00,3/31/2026 0:00,,22,159.99
,188,4,4,100,3/27/2026 0:00,4/2/2026 0:00,,22,159.99
,100,60,1,500,3/30/2026 0:00,3/30/2026 0:00,,13,273.17
,100,60,2,500,3/30/2026 0:00,4/1/2026 0:00,,13,273.17
,100,60,4,500,3/30/2026 0:00,4/2/2026 0:00,,13,273.17
,178,13,1,500,3/29/2026 0:00,3/29/2026 0:00,,27,88.9
,178,13,2,500,3/29/2026 0:00,4/1/2026 0:00,,27,88.9
,178,13,4,500,3/29/2026 0:00,4/2/2026 0:00,,27,88.9
,264,26,1,250,3/28/2026 0:00,3/28/2026 0:00,,21,109.24
,264,26,2,250,3/28/2026 0:00,4/1/2026 0:00,,21,109.24
,264,26,4,250,3/28/2026 0:00,4/2/2026 0:00,,21,109.24
,286,90,1,250,3/29/2026 0:00,3/29/2026 0:00,,15,206.12
,286,90,2,250,3/29/2026 0:00,3/31/2026 0:00,,15,206.12
,286,90,4,250,3/29/2026 0:00,4/2/2026 0:00,,15,206.12
,110,74,1,50,3/29/2026 0:00,3/29/2026 0:00,,74,131.26
,110,74,2,50,3/29/2026 0:00,3/31/2026 0:00,,74,131.26
,110,74,4,50,3/29/2026 0:00,4/2/2026 0:00,,74,131.26
,142,9,1,500,3/29/2026 0:00,3/29/2026 0:00,,19,98.6
,142,9,2,500,3/29/2026 0:00,4/1/2026 0:00,,19,98.6
,142,9,4,500,3/29/2026 0:00,4/2/2026 0:00,,19,98.6
,160,95,1,500,3/27/2026 0:00,3/27/2026 0:00,,49,761.44
,160,95,2,500,3/27/2026 0:00,3/31/2026 0:00,,49,761.44
,160,95,4,500,3/27/2026 0:00,4/2/2026 0:00,,49,761.44
,196,80,1,100,3/29/2026 0:00,3/29/2026 0:00,,1,177.23
,196,80,2,100,3/29/2026 0:00,4/1/2026 0:00,,1,177.23
,196,80,4,100,3/29/2026 0:00,4/2/2026 0:00,,1,177.23
,257,90,1,100,3/29/2026 0:00,3/29/2026 0:00,,15,206.12
,257,90,2,100,3/29/2026 0:00,3/31/2026 0:00,,15,206.12
,257,90,4,100,3/29/2026 0:00,4/2/2026 0:00,,15,206.12
,248,46,1,50,3/30/2026 0:00,3/30/2026 0:00,,1,169.82
,248,46,2,50,3/30/2026 0:00,4/1/2026 0:00,,1,169.82
,248,46,4,50,3/30/2026 0:00,4/2/2026 0:00,,1,169.82
,25,28,1,50,3/29/2026 0:00,3/29/2026 0:00,,41,8473.52
,25,28,2,50,3/29/2026 0:00,4/1/2026 0:00,,41,8473.52
,25,28,4,50,3/29/2026 0:00,4/2/2026 0:00,,41,8473.52
,198,13,1,500,3/28/2026 0:00,3/28/2026 0:00,,27,88.9
,198,13,2,500,3/28/2026 0:00,4/1/2026 0:00,,27,88.9
,198,13,4,500,3/28/2026 0:00,4/2/2026 0:00,,27,88.9
,143,28,1,500,3/29/2026 0:00,3/29/2026 0:00,,30,48.05
,143,28,2,500,3/29/2026 0:00,4/1/2026 0:00,,30,48.05
,143,28,4,500,3/29/2026 0:00,4/2/2026 0:00,,30,48.05
,46,69,1,250,3/29/2026 0:00,3/29/2026 0:00,,14,370.64
,46,69,2,250,3/29/2026 0:00,4/1/2026 0:00,,14,370.64
,46,69,4,250,3/29/2026 0:00,4/2/2026 0:00,,14,370.64
,3,11,1,250,3/29/2026 0:00,3/29/2026 0:00,,71,66.48
,3,11,2,250,3/29/2026 0:00,3/31/2026 0:00,,71,66.48
,3,11,4,250,3/29/2026 0:00,4/2/2026 0:00,,71,66.48
,211,38,1,500,3/27/2026 0:00,3/27/2026 0:00,,16,81.87
,211,38,2,500,3/27/2026 0:00,3/31/2026 0:00,,16,81.87
,211,38,4,500,3/27/2026 0:00,4/2/2026 0:00,,16,81.87
,237,27,1,100,3/28/2026 0:00,3/28/2026 0:00,,90,70.74
,237,27,2,100,3/28/2026 0:00,3/31/2026 0:00,,90,70.74
,237,27,4,100,3/28/2026 0:00,4/2/2026 0:00,,90,70.74
,245,98,1,500,3/28/2026 0:00,3/28/2026 0:00,,29,121.32
,245,98,2,500,3/28/2026 0:00,4/1/2026 0:00,,29,121.32
,245,98,4,500,3/28/2026 0:00,4/2/2026 0:00,,29,121.32
,121,63,1,250,3/28/2026 0:00,3/28/2026 0:00,,99,75.61
,121,63,2,250,3/28/2026 0:00,3/31/2026 0:00,,99,75.61
,121,63,4,250,3/28/2026 0:00,4/2/2026 0:00,,99,75.61
,333,20,1,250,3/29/2026 0:00,3/29/2026 0:00,,17,133.95
,333,20,2,250,3/29/2026 0:00,4/1/2026 0:00,,17,133.95
,333,20,4,250,3/29/2026 0:00,4/2/2026 0:00,,17,133.95
,30,63,1,500,3/29/2026 0:00,3/29/2026 0:00,,99,75.61
,30,63,2,500,3/29/2026 0:00,3/31/2026 0:00,,99,75.61
,30,63,4,500,3/29/2026 0:00,4/2/2026 0:00,,99,75.61
,209,47,1,250,3/29/2026 0:00,3/29/2026 0:00,,86,89.9
,209,47,2,250,3/29/2026 0:00,4/1/2026 0:00,,86,89.9
,209,47,4,250,3/29/2026 0:00,4/2/2026 0:00,,86,89.9
,108,43,1,500,3/28/2026 0:00,3/28/2026 0:00,,67,160.71
,108,43,2,500,3/28/2026 0:00,4/1/2026 0:00,,67,160.71
,108,43,4,500,3/28/2026 0:00,4/2/2026 0:00,,67,160.71
,55,31,1,50,3/30/2026 0:00,3/30/2026 0:00,,36,24.6
,55,31,2,50,3/30/2026 0:00,4/1/2026 0:00,,36,24.6
,55,31,4,50,3/30/2026 0:00,4/2/2026 0:00,,36,24.6
,201,50,1,250,3/27/2026 0:00,3/27/2026 0:00,,88,48.05
,201,50,2,250,3/27/2026 0:00,3/31/2026 0:00,,88,48.05
,201,50,4,250,3/27/2026 0:00,4/2/2026 0:00,,88,48.05
,37,38,1,50,3/28/2026 0:00,3/28/2026 0:00,,16,81.87
,37,38,2,50,3/28/2026 0:00,3/31/2026 0:00,,16,81.87
,37,38,4,50,3/28/2026 0:00,4/2/2026 0:00,,16,81.87
,294,75,1,500,3/29/2026 0:00,3/29/2026 0:00,,58,1773.51
,294,75,2,500,3/29/2026 0:00,4/1/2026 0:00,,58,1773.51
,294,75,4,500,3/29/2026 0:00,4/2/2026 0:00,,58,1773.51
,251,13,1,250,3/28/2026 0:00,3/28/2026 0:00,,8,148.41
,251,13,2,250,3/28/2026 0:00,4/1/2026 0:00,,8,148.41
,251,13,4,250,3/28/2026 0:00,4/2/2026 0:00,,8,148.41
,40,43,1,50,3/30/2026 0:00,3/30/2026 0:00,,67,160.71
,40,43,2,50,3/30/2026 0:00,4/1/2026 0:00,,67,160.71
,40,43,4,50,3/30/2026 0:00,4/2/2026 0:00,,67,160.71
,248,77,1,50,3/27/2026 0:00,3/27/2026 0:00,,23,43.57
,248,77,2,50,3/27/2026 0:00,3/31/2026 0:00,,23,43.57
,248,77,4,50,3/27/2026 0:00,4/2/2026 0:00,,23,43.57
,77,98,1,50,3/27/2026 0:00,3/27/2026 0:00,,11,159.32
,77,98,2,50,3/27/2026 0:00,3/31/2026 0:00,,11,159.32
,77,98,4,50,3/27/2026 0:00,4/2/2026 0:00,,11,159.32
,102,50,1,500,3/27/2026 0:00,3/27/2026 0:00,,88,48.05
,102,50,2,500,3/27/2026 0:00,3/31/2026 0:00,,88,48.05
,102,50,4,500,3/27/2026 0:00,4/2/2026 0:00,,88,48.05
,119,11,1,100,3/28/2026 0:00,3/28/2026 0:00,,95,213.26
,119,11,2,100,3/28/2026 0:00,4/1/2026 0:00,,95,213.26
,119,11,4,100,3/28/2026 0:00,4/2/2026 0:00,,95,213.26
,300,82,1,50,3/29/2026 0:00,3/29/2026 0:00,,4,35.14
,300,82,2,50,3/29/2026 0:00,3/31/2026 0:00,,4,35.14
,300,82,4,50,3/29/2026 0:00,4/2/2026 0:00,,4,35.14
,275,1,1,500,3/29/2026 0:00,3/29/2026 0:00,,82,42.5
,275,1,2,500,3/29/2026 0:00,4/2/2026 0:00,,82,42.5
,275,1,4,500,3/29/2026 0:00,4/3/2026 0:00,,82,42.5
,187,85,1,100,3/29/2026 0:00,3/29/2026 0:00,,33,27.55
,187,85,2,100,3/29/2026 0:00,4/2/2026 0:00,,33,27.55
,187,85,4,100,3/29/2026 0:00,4/3/2026 0:00,,33,27.55
,17,59,1,250,3/30/2026 0:00,3/30/2026 0:00,,88,46.23
,17,59,2,250,3/30/2026 0:00,4/1/2026 0:00,,88,46.23
,17,59,4,250,3/30/2026 0:00,4/3/2026 0:00,,88,46.23
,188,69,1,100,3/31/2026 0:00,3/31/2026 0:00,,14,370.64
,188,69,2,100,3/31/2026 0:00,4/2/2026 0:00,,14,370.64
,188,69,4,100,3/31/2026 0:00,4/3/2026 0:00,,14,370.64
,133,52,1,250,3/29/2026 0:00,3/29/2026 0:00,,12,172.18
,133,52,2,250,3/29/2026 0:00,4/2/2026 0:00,,12,172.18
,133,52,4,250,3/29/2026 0:00,4/3/2026 0:00,,12,172.18
,101,52,1,250,3/28/2026 0:00,3/28/2026 0:00,,12,172.18
,101,52,2,250,3/28/2026 0:00,4/1/2026 0:00,,12,172.18
,101,52,4,250,3/28/2026 0:00,4/3/2026 0:00,,12,172.18
,57,64,1,500,3/29/2026 0:00,3/29/2026 0:00,,47,853.63
,57,64,2,500,3/29/2026 0:00,4/1/2026 0:00,,47,853.63
,57,64,4,500,3/29/2026 0:00,4/3/2026 0:00,,47,853.63
,265,53,1,50,3/28/2026 0:00,3/28/2026 0:00,,97,277.46
,265,53,2,50,3/28/2026 0:00,4/1/2026 0:00,,97,277.46
,265,53,4,50,3/28/2026 0:00,4/3/2026 0:00,,97,277.46
,243,60,1,100,3/29/2026 0:00,3/29/2026 0:00,,77,66.28
,243,60,2,100,3/29/2026 0:00,4/2/2026 0:00,,77,66.28
,243,60,4,100,3/29/2026 0:00,4/3/2026 0:00,,77,66.28
,150,47,1,100,3/30/2026 0:00,3/30/2026 0:00,,83,660.04
,150,47,2,100,3/30/2026 0:00,4/1/2026 0:00,,83,660.04
,150,47,4,100,3/30/2026 0:00,4/3/2026 0:00,,83,660.04
,250,45,1,500,3/30/2026 0:00,3/30/2026 0:00,,25,277.09
,250,45,2,500,3/30/2026 0:00,4/2/2026 0:00,,25,277.09
,250,45,4,500,3/30/2026 0:00,4/3/2026 0:00,,25,277.09
,290,26,1,250,3/28/2026 0:00,3/28/2026 0:00,,21,109.24
,290,26,2,250,3/28/2026 0:00,4/1/2026 0:00,,21,109.24
,290,26,4,250,3/28/2026 0:00,4/3/2026 0:00,,21,109.24
,319,85,1,50,3/29/2026 0:00,3/29/2026 0:00,,93,36.8
,319,85,2,50,3/29/2026 0:00,4/2/2026 0:00,,93,36.8
,319,85,4,50,3/29/2026 0:00,4/3/2026 0:00,,93,36.8
,2,26,1,100,3/29/2026 0:00,3/29/2026 0:00,,21,109.24
,2,26,2,100,3/29/2026 0:00,4/2/2026 0:00,,21,109.24
,2,26,4,100,3/29/2026 0:00,4/3/2026 0:00,,21,109.24
,312,30,1,250,3/29/2026 0:00,3/29/2026 0:00,,28,42.62
,312,30,2,250,3/29/2026 0:00,4/1/2026 0:00,,28,42.62
,312,30,4,250,3/29/2026 0:00,4/3/2026 0:00,,28,42.62
,247,85,1,50,3/30/2026 0:00,3/30/2026 0:00,,93,36.8
,247,85,2,50,3/30/2026 0:00,4/2/2026 0:00,,93,36.8
,247,85,4,50,3/30/2026 0:00,4/3/2026 0:00,,93,36.8
,104,37,1,250,3/31/2026 0:00,3/31/2026 0:00,,70,155.52
,104,37,2,250,3/31/2026 0:00,4/2/2026 0:00,,70,155.52
,104,37,4,250,3/31/2026 0:00,4/3/2026 0:00,,70,155.52
,117,32,1,500,3/28/2026 0:00,3/28/2026 0:00,,34,90.56
,117,32,2,500,3/28/2026 0:00,4/1/2026 0:00,,34,90.56
,117,32,4,500,3/28/2026 0:00,4/3/2026 0:00,,34,90.56
,311,30,1,500,3/29/2026 0:00,3/29/2026 0:00,,43,1646.21
,311,30,2,500,3/29/2026 0:00,4/1/2026 0:00,,43,1646.21
,311,30,4,500,3/29/2026 0:00,4/3/2026 0:00,,43,1646.21
,96,7,1,500,3/28/2026 0:00,3/28/2026 0:00,,32,20.6
,96,7,2,500,3/28/2026 0:00,4/1/2026 0:00,,32,20.6
,96,7,4,500,3/28/2026 0:00,4/3/2026 0:00,,32,20.6
,253,66,1,250,3/30/2026 0:00,3/30/2026 0:00,,86,97.17
,253,66,2,250,3/30/2026 0:00,4/2/2026 0:00,,86,97.17
,253,66,4,250,3/30/2026 0:00,4/3/2026 0:00,,86,97.17
,78,17,1,50,3/29/2026 0:00,3/29/2026 0:00,,15,209.96
,78,17,2,50,3/29/2026 0:00,4/2/2026 0:00,,15,209.96
,78,17,4,50,3/29/2026 0:00,4/3/2026 0:00,,15,209.96
,140,28,1,50,3/29/2026 0:00,3/29/2026 0:00,,41,8473.52
,140,28,2,50,3/29/2026 0:00,4/2/2026 0:00,,41,8473.52
,140,28,4,50,3/29/2026 0:00,4/3/2026 0:00,,41,8473.52
,266,30,1,50,3/30/2026 0:00,3/30/2026 0:00,,28,42.62
,266,30,2,50,3/30/2026 0:00,4/2/2026 0:00,,28,42.62
,266,30,4,50,3/30/2026 0:00,4/3/2026 0:00,,28,42.62
,83,24,1,250,3/31/2026 0:00,3/31/2026 0:00,,94,90.1
,83,24,2,250,3/31/2026 0:00,4/2/2026 0:00,,94,90.1
,83,24,4,250,3/31/2026 0:00,4/3/2026 0:00,,94,90.1
,83,60,1,100,3/29/2026 0:00,3/29/2026 0:00,,77,66.28
,83,60,2,100,3/29/2026 0:00,4/2/2026 0:00,,77,66.28
,83,60,4,100,3/29/2026 0:00,4/3/2026 0:00,,77,66.28
,1,100,1,50,3/29/2026 0:00,3/29/2026 0:00,,29,127.69
,1,100,2,50,3/29/2026 0:00,4/1/2026 0:00,,29,127.69
,1,100,4,50,3/29/2026 0:00,4/3/2026 0:00,,29,127.69
,164,98,1,100,3/31/2026 0:00,3/31/2026 0:00,,29,121.32
,164,98,2,100,3/31/2026 0:00,4/2/2026 0:00,,29,121.32
,164,98,4,100,3/31/2026 0:00,4/3/2026 0:00,,29,121.32
,205,4,1,250,3/30/2026 0:00,3/30/2026 0:00,,22,159.99
,205,4,2,250,3/30/2026 0:00,4/2/2026 0:00,,22,159.99
,205,4,4,250,3/30/2026 0:00,4/3/2026 0:00,,22,159.99
,114,78,1,50,3/30/2026 0:00,3/30/2026 0:00,,54,44.31
,114,78,2,50,3/30/2026 0:00,4/2/2026 0:00,,54,44.31
,114,78,4,50,3/30/2026 0:00,4/3/2026 0:00,,54,44.31
,285,55,1,50,3/29/2026 0:00,3/29/2026 0:00,,56,76.09
,285,55,2,50,3/29/2026 0:00,4/2/2026 0:00,,56,76.09
,285,55,4,50,3/29/2026 0:00,4/3/2026 0:00,,56,76.09
,293,64,1,100,3/29/2026 0:00,3/29/2026 0:00,,47,853.63
,293,64,2,100,3/29/2026 0:00,4/2/2026 0:00,,47,853.63
,293,64,4,100,3/29/2026 0:00,4/3/2026 0:00,,47,853.63
,114,97,1,500,3/30/2026 0:00,3/30/2026 0:00,,85,23.12
,114,97,2,500,3/30/2026 0:00,4/1/2026 0:00,,85,23.12
,114,97,4,500,3/30/2026 0:00,4/3/2026 0:00,,85,23.12
,64,8,1,250,3/30/2026 0:00,3/30/2026 0:00,,59,1744.36
,64,8,2,250,3/30/2026 0:00,4/1/2026 0:00,,59,1744.36
,64,8,4,250,3/30/2026 0:00,4/3/2026 0:00,,59,1744.36
,215,4,1,250,3/29/2026 0:00,3/29/2026 0:00,,22,159.99
,215,4,2,250,3/29/2026 0:00,4/2/2026 0:00,,22,159.99
,215,4,4,250,3/29/2026 0:00,4/3/2026 0:00,,22,159.99
,190,32,1,100,3/29/2026 0:00,3/29/2026 0:00,,34,90.56
,190,32,2,100,3/29/2026 0:00,4/1/2026 0:00,,34,90.56
,190,32,4,100,3/29/2026 0:00,4/3/2026 0:00,,34,90.56
,27,2,1,50,3/31/2026 0:00,3/31/2026 0:00,,41,7354.99
,27,2,2,50,3/31/2026 0:00,4/2/2026 0:00,,41,7354.99
,27,2,4,50,3/31/2026 0:00,4/3/2026 0:00,,41,7354.99
,150,94,1,50,3/28/2026 0:00,3/28/2026 0:00,,76,135.2
,150,94,2,50,3/28/2026 0:00,4/1/2026 0:00,,76,135.2
,150,94,4,50,3/28/2026 0:00,4/3/2026 0:00,,76,135.2
,23,70,1,250,3/28/2026 0:00,3/28/2026 0:00,,96,81.71
,23,70,2,250,3/28/2026 0:00,4/1/2026 0:00,,96,81.71
,23,70,4,250,3/28/2026 0:00,4/3/2026 0:00,,96,81.71
,67,45,1,250,3/31/2026 0:00,3/31/2026 0:00,,25,277.09
,67,45,2,250,3/31/2026 0:00,4/2/2026 0:00,,25,277.09
,67,45,4,250,3/31/2026 0:00,4/3/2026 0:00,,25,277.09
,82,6,1,500,3/30/2026 0:00,3/30/2026 0:00,,55,81.79
,82,6,2,500,3/30/2026 0:00,4/2/2026 0:00,,55,81.79
,82,6,4,500,3/30/2026 0:00,4/3/2026 0:00,,55,81.79
,226,32,1,50,3/29/2026 0:00,3/29/2026 0:00,,34,90.56
,226,32,2,50,3/29/2026 0:00,4/2/2026 0:00,,34,90.56
,226,32,4,50,3/29/2026 0:00,4/3/2026 0:00,,34,90.56
,159,5,1,250,3/28/2026 0:00,3/28/2026 0:00,,52,3660.8
,159,5,2,250,3/28/2026 0:00,4/1/2026 0:00,,52,3660.8
,159,5,4,250,3/28/2026 0:00,4/3/2026 0:00,,52,3660.8
,201,52,1,50,3/31/2026 0:00,3/31/2026 0:00,,56,82.11
,201,52,2,50,3/31/2026 0:00,4/2/2026 0:00,,56,82.11
,201,52,4,50,3/31/2026 0:00,4/3/2026 0:00,,56,82.11
,152,94,1,100,3/30/2026 0:00,3/30/2026 0:00,,76,135.2
,152,94,2,100,3/30/2026 0:00,4/1/2026 0:00,,76,135.2
,152,94,4,100,3/30/2026 0:00,4/3/2026 0:00,,76,135.2
,182,68,1,500,3/30/2026 0:00,3/30/2026 0:00,,35,38.12
,182,68,2,500,3/30/2026 0:00,4/2/2026 0:00,,35,38.12
,182,68,4,500,3/30/2026 0:00,4/3/2026 0:00,,35,38.12
,245,16,1,250,3/30/2026 0:00,3/30/2026 0:00,,9,89.83
,245,16,2,250,3/30/2026 0:00,4/1/2026 0:00,,9,89.83
,245,16,4,250,3/30/2026 0:00,4/3/2026 0:00,,9,89.83
,237,16,1,50,3/31/2026 0:00,3/31/2026 0:00,,9,89.83
,237,16,2,50,3/31/2026 0:00,4/2/2026 0:00,,9,89.83
,237,16,4,50,3/31/2026 0:00,4/3/2026 0:00,,9,89.83
,121,38,1,50,3/30/2026 0:00,3/30/2026 0:00,,75,74.9
,121,38,2,50,3/30/2026 0:00,4/1/2026 0:00,,75,74.9
,121,38,4,50,3/30/2026 0:00,4/3/2026 0:00,,75,74.9
,289,47,1,250,3/30/2026 0:00,3/30/2026 0:00,,57,4395.12
,289,47,2,250,3/30/2026 0:00,4/2/2026 0:00,,57,4395.12
,289,47,4,250,3/30/2026 0:00,4/3/2026 0:00,,57,4395.12
,156,1,1,100,3/28/2026 0:00,3/28/2026 0:00,,96,78
,156,1,2,100,3/28/2026 0:00,4/1/2026 0:00,,96,78
,156,1,4,100,3/28/2026 0:00,4/3/2026 0:00,,96,78
,280,98,1,500,3/31/2026 0:00,3/31/2026 0:00,,11,159.32
,280,98,2,500,3/31/2026 0:00,4/2/2026 0:00,,11,159.32
,280,98,4,500,3/31/2026 0:00,4/3/2026 0:00,,11,159.32
,203,13,1,100,3/30/2026 0:00,3/30/2026 0:00,,73,200.64
,203,13,2,100,3/30/2026 0:00,4/2/2026 0:00,,73,200.64
,203,13,4,100,3/30/2026 0:00,4/3/2026 0:00,,73,200.64
,69,32,1,250,3/29/2026 0:00,3/29/2026 0:00,,34,90.56
,69,32,2,250,3/29/2026 0:00,4/1/2026 0:00,,34,90.56
,69,32,4,250,3/29/2026 0:00,4/3/2026 0:00,,34,90.56
,312,87,1,500,3/30/2026 0:00,3/30/2026 0:00,,92,105.26
,312,87,2,500,3/30/2026 0:00,4/1/2026 0:00,,92,105.26
,312,87,4,500,3/30/2026 0:00,4/3/2026 0:00,,92,105.26
,231,82,1,100,3/31/2026 0:00,3/31/2026 0:00,,4,35.14
,231,82,2,100,3/31/2026 0:00,4/2/2026 0:00,,4,35.14
,231,82,4,100,3/31/2026 0:00,4/3/2026 0:00,,4,35.14
,310,37,1,250,3/30/2026 0:00,3/30/2026 0:00,,70,155.52
,310,37,2,250,3/30/2026 0:00,4/1/2026 0:00,,70,155.52
,310,37,4,250,3/30/2026 0:00,4/3/2026 0:00,,70,155.52
,192,37,1,500,3/29/2026 0:00,3/29/2026 0:00,,70,155.52
,192,37,2,500,3/29/2026 0:00,4/1/2026 0:00,,70,155.52
,192,37,4,500,3/29/2026 0:00,4/3/2026 0:00,,70,155.52
,162,55,1,50,3/31/2026 0:00,3/31/2026 0:00,,56,76.09
,162,55,2,50,3/31/2026 0:00,4/2/2026 0:00,,56,76.09
,162,55,4,50,3/31/2026 0:00,4/3/2026 0:00,,56,76.09
,149,57,1,50,3/30/2026 0:00,3/30/2026 0:00,,28,41.49
,149,57,2,50,3/30/2026 0:00,4/2/2026 0:00,,28,41.49
,149,57,4,50,3/30/2026 0:00,4/3/2026 0:00,,28,41.49
,93,4,1,50,3/30/2026 0:00,3/30/2026 0:00,,22,159.99
,93,4,2,50,3/30/2026 0:00,4/2/2026 0:00,,22,159.99
,93,4,4,50,3/30/2026 0:00,4/3/2026 0:00,,22,159.99
,319,96,1,500,3/31/2026 0:00,3/31/2026 0:00,,69,76.89
,319,96,2,500,3/31/2026 0:00,4/2/2026 0:00,,69,76.89
,319,96,4,500,3/31/2026 0:00,4/3/2026 0:00,,69,76.89
,274,13,1,250,3/28/2026 0:00,3/28/2026 0:00,,73,200.64
,274,13,2,250,3/28/2026 0:00,4/1/2026 0:00,,73,200.64
,274,13,4,250,3/28/2026 0:00,4/3/2026 0:00,,73,200.64
,122,60,1,50,3/31/2026 0:00,3/31/2026 0:00,,13,273.17
,122,60,2,50,3/31/2026 0:00,4/2/2026 0:00,,13,273.17
,122,60,4,50,3/31/2026 0:00,4/3/2026 0:00,,13,273.17
,241,24,1,500,3/29/2026 0:00,3/29/2026 0:00,,31,61.69
,241,24,2,500,3/29/2026 0:00,4/1/2026 0:00,,31,61.69
,241,24,4,500,3/29/2026 0:00,4/3/2026 0:00,,31,61.69
,329,11,1,500,3/30/2026 0:00,3/30/2026 0:00,,71,66.48
,329,11,2,500,3/30/2026 0:00,4/2/2026 0:00,,71,66.48
,329,11,4,500,3/30/2026 0:00,4/3/2026 0:00,,71,66.48
,187,27,1,50,3/29/2026 0:00,3/29/2026 0:00,,90,70.74
,187,27,2,50,3/29/2026 0:00,4/1/2026 0:00,,90,70.74
,187,27,4,50,3/29/2026 0:00,4/3/2026 0:00,,90,70.74
,146,47,1,100,3/29/2026 0:00,3/29/2026 0:00,,83,660.04
,146,47,2,100,3/29/2026 0:00,4/2/2026 0:00,,83,660.04
,146,47,4,100,3/29/2026 0:00,4/3/2026 0:00,,83,660.04
,271,53,1,250,3/31/2026 0:00,3/31/2026 0:00,,77,66.24
,271,53,2,250,3/31/2026 0:00,4/2/2026 0:00,,77,66.24
,271,53,4,250,3/31/2026 0:00,4/3/2026 0:00,,77,66.24
,59,7,1,250,3/30/2026 0:00,3/30/2026 0:00,,32,20.6
,59,7,2,250,3/30/2026 0:00,4/2/2026 0:00,,32,20.6
,59,7,4,250,3/30/2026 0:00,4/3/2026 0:00,,32,20.6
,223,13,1,500,3/30/2026 0:00,3/30/2026 0:00,,73,200.64
,223,13,2,500,3/30/2026 0:00,4/1/2026 0:00,,73,200.64
,223,13,4,500,3/30/2026 0:00,4/3/2026 0:00,,73,200.64
,1,57,1,250,3/29/2026 0:00,3/29/2026 0:00,,28,41.49
,1,57,2,250,3/29/2026 0:00,4/1/2026 0:00,,28,41.49
,1,57,4,250,3/29/2026 0:00,4/3/2026 0:00,,28,41.49
,184,51,1,100,3/30/2026 0:00,3/30/2026 0:00,,80,92.87
,184,51,2,100,3/30/2026 0:00,4/1/2026 0:00,,80,92.87
,184,51,4,100,3/30/2026 0:00,4/3/2026 0:00,,80,92.87
,143,54,1,500,3/31/2026 0:00,3/31/2026 0:00,,11,157.65
,143,54,2,500,3/31/2026 0:00,4/2/2026 0:00,,11,157.65
,143,54,4,500,3/31/2026 0:00,4/3/2026 0:00,,11,157.65
,231,7,1,250,3/31/2026 0:00,3/31/2026 0:00,,32,20.6
,231,7,2,250,3/31/2026 0:00,4/2/2026 0:00,,32,20.6
,231,7,4,250,3/31/2026 0:00,4/3/2026 0:00,,32,20.6
,175,24,1,500,3/29/2026 0:00,3/29/2026 0:00,,31,61.69
,175,24,2,500,3/29/2026 0:00,4/2/2026 0:00,,31,61.69
,175,24,4,500,3/29/2026 0:00,4/3/2026 0:00,,31,61.69
,31,97,1,250,3/29/2026 0:00,3/29/2026 0:00,,85,23.12
,31,97,2,250,3/29/2026 0:00,4/1/2026 0:00,,85,23.12
,31,97,4,250,3/29/2026 0:00,4/3/2026 0:00,,85,23.12
,47,96,1,50,3/29/2026 0:00,3/29/2026 0:00,,84,71.52
,47,96,2,50,3/29/2026 0:00,4/2/2026 0:00,,84,71.52
,47,96,4,50,3/29/2026 0:00,4/3/2026 0:00,,84,71.52
,144,85,1,100,3/31/2026 0:00,3/31/2026 0:00,,93,36.8
,144,85,2,100,3/31/2026 0:00,4/2/2026 0:00,,93,36.8
,144,85,4,100,3/31/2026 0:00,4/3/2026 0:00,,93,36.8
,96,39,1,250,3/30/2026 0:00,3/30/2026 0:00,,38,61.9
,96,39,2,250,3/30/2026 0:00,4/2/2026 0:00,,38,61.9
,96,39,4,250,3/30/2026 0:00,4/3/2026 0:00,,38,61.9
,158,38,1,250,3/30/2026 0:00,3/30/2026 0:00,,16,81.87
,158,38,2,250,3/30/2026 0:00,4/1/2026 0:00,,16,81.87
,158,38,4,250,3/30/2026 0:00,4/3/2026 0:00,,16,81.87
,154,70,1,250,3/29/2026 0:00,3/29/2026 0:00,,60,43.65
,154,70,2,250,3/29/2026 0:00,4/1/2026 0:00,,60,43.65
,154,70,4,250,3/29/2026 0:00,4/3/2026 0:00,,60,43.65
,272,28,1,100,3/29/2026 0:00,3/29/2026 0:00,,30,48.05
,272,28,2,100,3/29/2026 0:00,4/1/2026 0:00,,30,48.05
,272,28,4,100,3/29/2026 0:00,4/3/2026 0:00,,30,48.05
,309,64,1,250,3/31/2026 0:00,3/31/2026 0:00,,47,853.63
,309,64,2,250,3/31/2026 0:00,4/2/2026 0:00,,47,853.63
,309,64,4,250,3/31/2026 0:00,4/3/2026 0:00,,47,853.63
,332,53,1,100,3/29/2026 0:00,3/29/2026 0:00,,97,277.46
,332,53,2,100,3/29/2026 0:00,4/1/2026 0:00,,97,277.46
,332,53,4,100,3/29/2026 0:00,4/3/2026 0:00,,97,277.46
,18,45,1,50,3/30/2026 0:00,3/30/2026 0:00,,25,277.09
,18,45,2,50,3/30/2026 0:00,4/1/2026 0:00,,25,277.09
,18,45,4,50,3/30/2026 0:00,4/3/2026 0:00,,25,277.09
,30,37,1,50,3/30/2026 0:00,3/30/2026 0:00,,70,155.52
,30,37,2,50,3/30/2026 0:00,4/1/2026 0:00,,70,155.52
,30,37,4,50,3/30/2026 0:00,4/3/2026 0:00,,70,155.52
,282,47,1,500,3/29/2026 0:00,3/29/2026 0:00,,57,4395.12
,282,47,2,500,3/29/2026 0:00,4/1/2026 0:00,,57,4395.12
,282,47,4,500,3/29/2026 0:00,4/3/2026 0:00,,57,4395.12
,73,31,1,100,3/28/2026 0:00,3/28/2026 0:00,,91,69.12
,73,31,2,100,3/28/2026 0:00,4/1/2026 0:00,,91,69.12
,73,31,4,100,3/28/2026 0:00,4/3/2026 0:00,,91,69.12
,82,13,1,50,3/29/2026 0:00,3/29/2026 0:00,,8,148.41
,82,13,2,50,3/29/2026 0:00,4/2/2026 0:00,,8,148.41
,82,13,4,50,3/29/2026 0:00,4/3/2026 0:00,,8,148.41
,271,52,1,500,3/29/2026 0:00,3/29/2026 0:00,,12,172.18
,271,52,2,500,3/29/2026 0:00,4/2/2026 0:00,,12,172.18
,271,52,4,500,3/29/2026 0:00,4/3/2026 0:00,,12,172.18
,214,81,1,250,3/29/2026 0:00,3/29/2026 0:00,,82,42.54
,214,81,2,250,3/29/2026 0:00,4/1/2026 0:00,,82,42.54
,214,81,4,250,3/29/2026 0:00,4/3/2026 0:00,,82,42.54
,138,73,1,500,3/30/2026 0:00,3/30/2026 0:00,,93,35.02
,138,73,2,500,3/30/2026 0:00,4/1/2026 0:00,,93,35.02
,138,73,4,500,3/30/2026 0:00,4/3/2026 0:00,,93,35.02
,40,66,1,100,3/30/2026 0:00,3/30/2026 0:00,,79,116.24
,40,66,2,100,3/30/2026 0:00,4/2/2026 0:00,,79,116.24
,40,66,4,100,3/30/2026 0:00,4/3/2026 0:00,,79,116.24
,238,52,1,50,3/30/2026 0:00,3/30/2026 0:00,,37,57.83
,238,52,2,50,3/30/2026 0:00,4/1/2026 0:00,,37,57.83
,238,52,4,50,3/30/2026 0:00,4/3/2026 0:00,,37,57.83
,113,20,1,50,3/31/2026 0:00,3/31/2026 0:00,,17,133.95
,113,20,2,50,3/31/2026 0:00,4/4/2026 0:00,,17,133.95
,113,20,4,50,3/31/2026 0:00,4/6/2026 0:00,,17,133.95
,334,96,1,50,4/1/2026 0:00,4/1/2026 0:00,,84,71.52
,334,96,2,50,4/1/2026 0:00,4/4/2026 0:00,,84,71.52
,334,96,4,50,4/1/2026 0:00,4/6/2026 0:00,,84,71.52
,327,53,1,100,4/1/2026 0:00,4/1/2026 0:00,,98,24.98
,327,53,2,100,4/1/2026 0:00,4/4/2026 0:00,,98,24.98
,327,53,4,100,4/1/2026 0:00,4/6/2026 0:00,,98,24.98
,329,69,1,100,3/31/2026 0:00,3/31/2026 0:00,,5,99.82
,329,69,2,100,3/31/2026 0:00,4/4/2026 0:00,,5,99.82
,329,69,4,100,3/31/2026 0:00,4/6/2026 0:00,,5,99.82
,211,52,1,250,4/2/2026 0:00,4/2/2026 0:00,,12,172.18
,211,52,2,250,4/2/2026 0:00,4/4/2026 0:00,,12,172.18
,211,52,4,250,4/2/2026 0:00,4/6/2026 0:00,,12,172.18
,191,26,1,500,4/1/2026 0:00,4/1/2026 0:00,,21,109.24
,191,26,2,500,4/1/2026 0:00,4/5/2026 0:00,,21,109.24
,191,26,4,500,4/1/2026 0:00,4/6/2026 0:00,,21,109.24
,169,32,1,50,4/3/2026 0:00,4/3/2026 0:00,,34,90.56
,169,32,2,50,4/3/2026 0:00,4/5/2026 0:00,,34,90.56
,169,32,4,50,4/3/2026 0:00,4/6/2026 0:00,,34,90.56
,128,98,1,50,3/31/2026 0:00,3/31/2026 0:00,,29,121.32
,128,98,2,50,3/31/2026 0:00,4/4/2026 0:00,,29,121.32
,128,98,4,50,3/31/2026 0:00,4/6/2026 0:00,,29,121.32
,304,30,1,250,3/31/2026 0:00,3/31/2026 0:00,,43,1646.21
,304,30,2,250,3/31/2026 0:00,4/4/2026 0:00,,43,1646.21
,304,30,4,250,3/31/2026 0:00,4/6/2026 0:00,,43,1646.21
,163,47,1,500,4/1/2026 0:00,4/1/2026 0:00,,89,20.53
,163,47,2,500,4/1/2026 0:00,4/4/2026 0:00,,89,20.53
,163,47,4,500,4/1/2026 0:00,4/6/2026 0:00,,89,20.53
,311,30,1,100,3/31/2026 0:00,3/31/2026 0:00,,28,42.62
,311,30,2,100,3/31/2026 0:00,4/4/2026 0:00,,28,42.62
,311,30,4,100,3/31/2026 0:00,4/6/2026 0:00,,28,42.62
,282,41,1,500,4/3/2026 0:00,4/3/2026 0:00,,60,43.32
,282,41,2,500,4/3/2026 0:00,4/5/2026 0:00,,60,43.32
,282,41,4,500,4/3/2026 0:00,4/6/2026 0:00,,60,43.32
,71,47,1,500,4/1/2026 0:00,4/1/2026 0:00,,83,660.04
,71,47,2,500,4/1/2026 0:00,4/4/2026 0:00,,83,660.04
,71,47,4,500,4/1/2026 0:00,4/6/2026 0:00,,83,660.04
,276,38,1,500,4/3/2026 0:00,4/3/2026 0:00,,63,100.36
,276,38,2,500,4/3/2026 0:00,4/5/2026 0:00,,63,100.36
,276,38,4,500,4/3/2026 0:00,4/6/2026 0:00,,63,100.36
,102,38,1,50,4/1/2026 0:00,4/1/2026 0:00,,75,74.9
,102,38,2,50,4/1/2026 0:00,4/5/2026 0:00,,75,74.9
,102,38,4,50,4/1/2026 0:00,4/6/2026 0:00,,75,74.9
,312,43,1,100,4/2/2026 0:00,4/2/2026 0:00,,46,676.33
,312,43,2,100,4/2/2026 0:00,4/4/2026 0:00,,46,676.33
,312,43,4,100,4/2/2026 0:00,4/6/2026 0:00,,46,676.33
,189,79,1,100,4/1/2026 0:00,4/1/2026 0:00,,45,3824.21
,189,79,2,100,4/1/2026 0:00,4/5/2026 0:00,,45,3824.21
,189,79,4,100,4/1/2026 0:00,4/6/2026 0:00,,45,3824.21
,136,81,1,500,4/1/2026 0:00,4/1/2026 0:00,,35,34.71
,136,81,2,500,4/1/2026 0:00,4/5/2026 0:00,,35,34.71
,136,81,4,500,4/1/2026 0:00,4/6/2026 0:00,,35,34.71
,132,74,1,50,4/3/2026 0:00,4/3/2026 0:00,,74,131.26
,132,74,2,50,4/3/2026 0:00,4/5/2026 0:00,,74,131.26
,132,74,4,50,4/3/2026 0:00,4/6/2026 0:00,,74,131.26
,189,98,1,500,4/1/2026 0:00,4/1/2026 0:00,,29,121.32
,189,98,2,500,4/1/2026 0:00,4/4/2026 0:00,,29,121.32
,189,98,4,500,4/1/2026 0:00,4/6/2026 0:00,,29,121.32
,74,45,1,500,4/2/2026 0:00,4/2/2026 0:00,,48,1144.91
,74,45,2,500,4/2/2026 0:00,4/5/2026 0:00,,48,1144.91
,74,45,4,500,4/2/2026 0:00,4/6/2026 0:00,,48,1144.91
,135,24,1,250,4/3/2026 0:00,4/3/2026 0:00,,94,90.1
,135,24,2,250,4/3/2026 0:00,4/5/2026 0:00,,94,90.1
,135,24,4,250,4/3/2026 0:00,4/6/2026 0:00,,94,90.1
,166,11,1,100,4/2/2026 0:00,4/2/2026 0:00,,95,213.26
,166,11,2,100,4/2/2026 0:00,4/4/2026 0:00,,95,213.26
,166,11,4,100,4/2/2026 0:00,4/6/2026 0:00,,95,213.26
,96,50,1,100,4/1/2026 0:00,4/1/2026 0:00,,52,3961.01
,96,50,2,100,4/1/2026 0:00,4/5/2026 0:00,,52,3961.01
,96,50,4,100,4/1/2026 0:00,4/6/2026 0:00,,52,3961.01
,13,52,1,100,3/31/2026 0:00,3/31/2026 0:00,,78,147.23
,13,52,2,100,3/31/2026 0:00,4/4/2026 0:00,,78,147.23
,13,52,4,100,3/31/2026 0:00,4/6/2026 0:00,,78,147.23
,177,31,1,250,3/31/2026 0:00,3/31/2026 0:00,,36,24.6
,177,31,2,250,3/31/2026 0:00,4/4/2026 0:00,,36,24.6
,177,31,4,250,3/31/2026 0:00,4/6/2026 0:00,,36,24.6
,29,54,1,250,4/2/2026 0:00,4/2/2026 0:00,,11,157.65
,29,54,2,250,4/2/2026 0:00,4/4/2026 0:00,,11,157.65
,29,54,4,250,4/2/2026 0:00,4/6/2026 0:00,,11,157.65
,31,80,1,250,4/2/2026 0:00,4/2/2026 0:00,,1,177.23
,31,80,2,250,4/2/2026 0:00,4/4/2026 0:00,,1,177.23
,31,80,4,250,4/2/2026 0:00,4/6/2026 0:00,,1,177.23
,199,85,1,500,4/3/2026 0:00,4/3/2026 0:00,,93,36.8
,199,85,2,500,4/3/2026 0:00,4/5/2026 0:00,,93,36.8
,199,85,4,500,4/3/2026 0:00,4/6/2026 0:00,,93,36.8
,98,9,1,50,4/1/2026 0:00,4/1/2026 0:00,,19,98.6
,98,9,2,50,4/1/2026 0:00,4/4/2026 0:00,,19,98.6
,98,9,4,50,4/1/2026 0:00,4/6/2026 0:00,,19,98.6
,243,7,1,250,4/3/2026 0:00,4/3/2026 0:00,,32,20.6
,243,7,2,250,4/3/2026 0:00,4/5/2026 0:00,,32,20.6
,243,7,4,250,4/3/2026 0:00,4/6/2026 0:00,,32,20.6
,267,97,1,50,3/31/2026 0:00,3/31/2026 0:00,,98,26.74
,267,97,2,50,3/31/2026 0:00,4/4/2026 0:00,,98,26.74
,267,97,4,50,3/31/2026 0:00,4/6/2026 0:00,,98,26.74
,34,81,1,250,4/2/2026 0:00,4/2/2026 0:00,,38,61.21
,34,81,2,250,4/2/2026 0:00,4/4/2026 0:00,,38,61.21
,34,81,4,250,4/2/2026 0:00,4/6/2026 0:00,,38,61.21
,147,70,1,500,4/1/2026 0:00,4/1/2026 0:00,,96,81.71
,147,70,2,500,4/1/2026 0:00,4/4/2026 0:00,,96,81.71
,147,70,4,500,4/1/2026 0:00,4/6/2026 0:00,,96,81.71
,321,11,1,50,3/31/2026 0:00,3/31/2026 0:00,,87,93.67
,321,11,2,50,3/31/2026 0:00,4/4/2026 0:00,,87,93.67
,321,11,4,50,3/31/2026 0:00,4/6/2026 0:00,,87,93.67
,23,47,1,100,3/31/2026 0:00,3/31/2026 0:00,,86,89.9
,23,47,2,100,3/31/2026 0:00,4/4/2026 0:00,,86,89.9
,23,47,4,100,3/31/2026 0:00,4/6/2026 0:00,,86,89.9
,149,14,1,250,4/1/2026 0:00,4/1/2026 0:00,,53,825.38
,149,14,2,250,4/1/2026 0:00,4/4/2026 0:00,,53,825.38
,149,14,4,250,4/1/2026 0:00,4/6/2026 0:00,,53,825.38
,138,81,1,100,4/2/2026 0:00,4/2/2026 0:00,,26,352.24
,138,81,2,100,4/2/2026 0:00,4/4/2026 0:00,,26,352.24
,138,81,4,100,4/2/2026 0:00,4/6/2026 0:00,,26,352.24
,259,100,1,500,4/3/2026 0:00,4/3/2026 0:00,,29,127.69
,259,100,2,500,4/3/2026 0:00,4/5/2026 0:00,,29,127.69
,259,100,4,500,4/3/2026 0:00,4/6/2026 0:00,,29,127.69
,167,78,1,50,4/2/2026 0:00,4/2/2026 0:00,,54,44.31
,167,78,2,50,4/2/2026 0:00,4/4/2026 0:00,,54,44.31
,167,78,4,50,4/2/2026 0:00,4/6/2026 0:00,,54,44.31
,154,85,1,500,4/2/2026 0:00,4/2/2026 0:00,,33,27.55
,154,85,2,500,4/2/2026 0:00,4/5/2026 0:00,,33,27.55
,154,85,4,500,4/2/2026 0:00,4/6/2026 0:00,,33,27.55
,64,77,1,500,4/2/2026 0:00,4/2/2026 0:00,,83,698.58
,64,77,2,500,4/2/2026 0:00,4/4/2026 0:00,,83,698.58
,64,77,4,500,4/2/2026 0:00,4/6/2026 0:00,,83,698.58
,97,45,1,50,4/2/2026 0:00,4/2/2026 0:00,,48,1144.91
,97,45,2,50,4/2/2026 0:00,4/4/2026 0:00,,48,1144.91
,97,45,4,50,4/2/2026 0:00,4/6/2026 0:00,,48,1144.91
,334,98,1,250,4/1/2026 0:00,4/1/2026 0:00,,11,159.32
,334,98,2,250,4/1/2026 0:00,4/5/2026 0:00,,11,159.32
,334,98,4,250,4/1/2026 0:00,4/6/2026 0:00,,11,159.32
,290,66,1,500,4/1/2026 0:00,4/1/2026 0:00,,12,190.6
,290,66,2,500,4/1/2026 0:00,4/5/2026 0:00,,12,190.6
,290,66,4,500,4/1/2026 0:00,4/6/2026 0:00,,12,190.6
,299,24,1,100,3/31/2026 0:00,3/31/2026 0:00,,58,1860.15
,299,24,2,100,3/31/2026 0:00,4/4/2026 0:00,,58,1860.15
,299,24,4,100,3/31/2026 0:00,4/6/2026 0:00,,58,1860.15
,190,74,1,500,4/2/2026 0:00,4/2/2026 0:00,,74,131.26
,190,74,2,500,4/2/2026 0:00,4/5/2026 0:00,,74,131.26
,190,74,4,500,4/2/2026 0:00,4/6/2026 0:00,,74,131.26
,297,74,1,250,4/2/2026 0:00,4/2/2026 0:00,,87,95.16
,297,74,2,250,4/2/2026 0:00,4/5/2026 0:00,,87,95.16
,297,74,4,250,4/2/2026 0:00,4/6/2026 0:00,,87,95.16
,175,50,1,50,4/2/2026 0:00,4/2/2026 0:00,,52,3961.01
,175,50,2,50,4/2/2026 0:00,4/4/2026 0:00,,52,3961.01
,175,50,4,50,4/2/2026 0:00,4/6/2026 0:00,,52,3961.01
,112,13,1,250,4/2/2026 0:00,4/2/2026 0:00,,66,151.29
,112,13,2,250,4/2/2026 0:00,4/5/2026 0:00,,66,151.29
,112,13,4,250,4/2/2026 0:00,4/6/2026 0:00,,66,151.29
,126,56,1,100,4/1/2026 0:00,4/1/2026 0:00,,38,55.64
,126,56,2,100,4/1/2026 0:00,4/5/2026 0:00,,38,55.64
,126,56,4,100,4/1/2026 0:00,4/6/2026 0:00,,38,55.64
,97,2,1,100,3/31/2026 0:00,3/31/2026 0:00,,18,139.24
,97,2,2,100,3/31/2026 0:00,4/4/2026 0:00,,18,139.24
,97,2,4,100,3/31/2026 0:00,4/6/2026 0:00,,18,139.24
,136,70,1,50,4/1/2026 0:00,4/1/2026 0:00,,60,43.65
,136,70,2,50,4/1/2026 0:00,4/5/2026 0:00,,60,43.65
,136,70,4,50,4/1/2026 0:00,4/6/2026 0:00,,60,43.65
,26,57,1,500,4/2/2026 0:00,4/2/2026 0:00,,28,41.49
,26,57,2,500,4/2/2026 0:00,4/4/2026 0:00,,28,41.49
,26,57,4,500,4/2/2026 0:00,4/6/2026 0:00,,28,41.49
,268,100,1,50,4/3/2026 0:00,4/3/2026 0:00,,29,127.69
,268,100,2,50,4/3/2026 0:00,4/5/2026 0:00,,29,127.69
,268,100,4,50,4/3/2026 0:00,4/6/2026 0:00,,29,127.69
,225,27,1,250,4/1/2026 0:00,4/1/2026 0:00,,90,70.74
,225,27,2,250,4/1/2026 0:00,4/5/2026 0:00,,90,70.74
,225,27,4,250,4/1/2026 0:00,4/6/2026 0:00,,90,70.74
,188,52,1,500,4/2/2026 0:00,4/2/2026 0:00,,37,57.83
,188,52,2,500,4/2/2026 0:00,4/5/2026 0:00,,37,57.83
,188,52,4,500,4/2/2026 0:00,4/6/2026 0:00,,37,57.83
,294,26,1,250,4/2/2026 0:00,4/2/2026 0:00,,21,109.24
,294,26,2,250,4/2/2026 0:00,4/5/2026 0:00,,21,109.24
,294,26,4,250,4/2/2026 0:00,4/6/2026 0:00,,21,109.24
,307,38,1,100,4/1/2026 0:00,4/1/2026 0:00,,63,100.36
,307,38,2,100,4/1/2026 0:00,4/4/2026 0:00,,63,100.36
,307,38,4,100,4/1/2026 0:00,4/6/2026 0:00,,63,100.36
,109,58,1,250,4/1/2026 0:00,4/1/2026 0:00,,6,72.27
,109,58,2,250,4/1/2026 0:00,4/5/2026 0:00,,6,72.27
,109,58,4,250,4/1/2026 0:00,4/6/2026 0:00,,6,72.27
,155,43,1,50,4/1/2026 0:00,4/1/2026 0:00,,69,89.54
,155,43,2,50,4/1/2026 0:00,4/5/2026 0:00,,69,89.54
,155,43,4,50,4/1/2026 0:00,4/6/2026 0:00,,69,89.54
,206,94,1,250,4/1/2026 0:00,4/1/2026 0:00,,76,135.2
,206,94,2,250,4/1/2026 0:00,4/5/2026 0:00,,76,135.2
,206,94,4,250,4/1/2026 0:00,4/6/2026 0:00,,76,135.2
,272,98,1,50,3/31/2026 0:00,3/31/2026 0:00,,29,121.32
,272,98,2,50,3/31/2026 0:00,4/4/2026 0:00,,29,121.32
,272,98,4,50,3/31/2026 0:00,4/6/2026 0:00,,29,121.32
,166,26,1,500,3/31/2026 0:00,3/31/2026 0:00,,100,202.83
,166,26,2,500,3/31/2026 0:00,4/4/2026 0:00,,100,202.83
,166,26,4,500,3/31/2026 0:00,4/6/2026 0:00,,100,202.83
,188,45,1,500,4/2/2026 0:00,4/2/2026 0:00,,25,277.09
,188,45,2,500,4/2/2026 0:00,4/5/2026 0:00,,25,277.09
,188,45,4,500,4/2/2026 0:00,4/6/2026 0:00,,25,277.09
,218,69,1,500,4/3/2026 0:00,4/3/2026 0:00,,5,99.82
,218,69,2,500,4/3/2026 0:00,4/5/2026 0:00,,5,99.82
,218,69,4,500,4/3/2026 0:00,4/6/2026 0:00,,5,99.82
,245,33,1,500,4/1/2026 0:00,4/1/2026 0:00,,30,54.15
,245,33,2,500,4/1/2026 0:00,4/4/2026 0:00,,30,54.15
,245,33,4,500,4/1/2026 0:00,4/6/2026 0:00,,30,54.15
,241,30,1,50,4/3/2026 0:00,4/3/2026 0:00,,28,42.62
,241,30,2,50,4/3/2026 0:00,4/5/2026 0:00,,28,42.62
,241,30,4,50,4/3/2026 0:00,4/6/2026 0:00,,28,42.62
,10,38,1,250,4/1/2026 0:00,4/1/2026 0:00,,16,81.87
,10,38,2,250,4/1/2026 0:00,4/4/2026 0:00,,16,81.87
,10,38,4,250,4/1/2026 0:00,4/6/2026 0:00,,16,81.87
,5,22,1,100,4/2/2026 0:00,4/2/2026 0:00,,61,133.79
,5,22,2,100,4/2/2026 0:00,4/5/2026 0:00,,61,133.79
,5,22,4,100,4/2/2026 0:00,4/6/2026 0:00,,61,133.79
,241,90,1,50,4/1/2026 0:00,4/1/2026 0:00,,15,206.12
,241,90,2,50,4/1/2026 0:00,4/5/2026 0:00,,15,206.12
,241,90,4,50,4/1/2026 0:00,4/6/2026 0:00,,15,206.12
,220,11,1,100,4/2/2026 0:00,4/2/2026 0:00,,95,213.26
,220,11,2,100,4/2/2026 0:00,4/5/2026 0:00,,95,213.26
,220,11,4,100,4/2/2026 0:00,4/6/2026 0:00,,95,213.26
,145,11,1,100,4/3/2026 0:00,4/3/2026 0:00,,71,66.48
,145,11,2,100,4/3/2026 0:00,4/5/2026 0:00,,71,66.48
,145,11,4,100,4/3/2026 0:00,4/6/2026 0:00,,71,66.48
,164,58,1,500,3/31/2026 0:00,3/31/2026 0:00,,42,8823.23
,164,58,2,500,3/31/2026 0:00,4/4/2026 0:00,,42,8823.23
,164,58,4,500,3/31/2026 0:00,4/6/2026 0:00,,42,8823.23
,177,64,1,50,4/1/2026 0:00,4/1/2026 0:00,,39,88.28
,177,64,2,50,4/1/2026 0:00,4/4/2026 0:00,,39,88.28
,177,64,4,50,4/1/2026 0:00,4/6/2026 0:00,,39,88.28
,188,33,1,500,4/1/2026 0:00,4/1/2026 0:00,,83,645.4
,188,33,2,500,4/1/2026 0:00,4/4/2026 0:00,,83,645.4
,188,33,4,500,4/1/2026 0:00,4/6/2026 0:00,,83,645.4
,3,53,1,500,4/2/2026 0:00,4/2/2026 0:00,,97,277.46
,3,53,2,500,4/2/2026 0:00,4/5/2026 0:00,,97,277.46
,3,53,4,500,4/2/2026 0:00,4/6/2026 0:00,,97,277.46
,7,16,1,100,4/3/2026 0:00,4/3/2026 0:00,,9,89.83
,7,16,2,100,4/3/2026 0:00,4/5/2026 0:00,,9,89.83
,7,16,4,100,4/3/2026 0:00,4/6/2026 0:00,,9,89.83
,320,74,1,50,4/3/2026 0:00,4/3/2026 0:00,,74,131.26
,320,74,2,50,4/3/2026 0:00,4/5/2026 0:00,,74,131.26
,320,74,4,50,4/3/2026 0:00,4/6/2026 0:00,,74,131.26
,277,69,1,250,4/3/2026 0:00,4/3/2026 0:00,,5,99.82
,277,69,2,250,4/3/2026 0:00,4/5/2026 0:00,,5,99.82
,277,69,4,250,4/3/2026 0:00,4/6/2026 0:00,,5,99.82
,108,94,1,100,4/1/2026 0:00,4/1/2026 0:00,,76,135.2
,108,94,2,100,4/1/2026 0:00,4/5/2026 0:00,,76,135.2
,108,94,4,100,4/1/2026 0:00,4/6/2026 0:00,,76,135.2
,197,32,1,500,4/1/2026 0:00,4/1/2026 0:00,,34,90.56
,197,32,2,500,4/1/2026 0:00,4/4/2026 0:00,,34,90.56
,197,32,4,500,4/1/2026 0:00,4/6/2026 0:00,,34,90.56
,160,57,1,500,4/1/2026 0:00,4/1/2026 0:00,,28,41.49
,160,57,2,500,4/1/2026 0:00,4/5/2026 0:00,,28,41.49
,160,57,4,500,4/1/2026 0:00,4/6/2026 0:00,,28,41.49
,301,84,1,100,4/1/2026 0:00,4/1/2026 0:00,,52,3584.62
,301,84,2,100,4/1/2026 0:00,4/5/2026 0:00,,52,3584.62
,301,84,4,100,4/1/2026 0:00,4/6/2026 0:00,,52,3584.62
,15,11,1,500,4/2/2026 0:00,4/2/2026 0:00,,95,213.26
,15,11,2,500,4/2/2026 0:00,4/4/2026 0:00,,95,213.26
,15,11,4,500,4/2/2026 0:00,4/6/2026 0:00,,95,213.26
,193,22,1,100,4/1/2026 0:00,4/1/2026 0:00,,65,179.01
,193,22,2,100,4/1/2026 0:00,4/4/2026 0:00,,65,179.01
,193,22,4,100,4/1/2026 0:00,4/6/2026 0:00,,65,179.01
,280,11,1,250,4/1/2026 0:00,4/1/2026 0:00,,95,213.26
,280,11,2,250,4/1/2026 0:00,4/4/2026 0:00,,95,213.26
,280,11,4,250,4/1/2026 0:00,4/6/2026 0:00,,95,213.26
,58,60,1,250,4/2/2026 0:00,4/2/2026 0:00,,13,273.17
,58,60,2,250,4/2/2026 0:00,4/4/2026 0:00,,13,273.17
,58,60,4,250,4/2/2026 0:00,4/6/2026 0:00,,13,273.17
,49,82,1,500,4/2/2026 0:00,4/2/2026 0:00,,64,66.81
,49,82,2,500,4/2/2026 0:00,4/4/2026 0:00,,64,66.81
,49,82,4,500,4/2/2026 0:00,4/6/2026 0:00,,64,66.81
,216,45,1,100,4/1/2026 0:00,4/1/2026 0:00,,36,24.39
,216,45,2,100,4/1/2026 0:00,4/4/2026 0:00,,36,24.39
,216,45,4,100,4/1/2026 0:00,4/6/2026 0:00,,36,24.39
,222,2,1,250,3/31/2026 0:00,3/31/2026 0:00,,20,158.64
,222,2,2,250,3/31/2026 0:00,4/4/2026 0:00,,20,158.64
,222,2,4,250,3/31/2026 0:00,4/6/2026 0:00,,20,158.64
,130,52,1,250,4/1/2026 0:00,4/1/2026 0:00,,56,82.11
,130,52,2,250,4/1/2026 0:00,4/5/2026 0:00,,56,82.11
,130,52,4,250,4/1/2026 0:00,4/6/2026 0:00,,56,82.11
,234,60,1,500,4/2/2026 0:00,4/2/2026 0:00,,13,273.17
,234,60,2,500,4/2/2026 0:00,4/4/2026 0:00,,13,273.17
,234,60,4,500,4/2/2026 0:00,4/6/2026 0:00,,13,273.17
,66,1,1,500,4/1/2026 0:00,4/1/2026 0:00,,96,78
,66,1,2,500,4/1/2026 0:00,4/4/2026 0:00,,96,78
,66,1,4,500,4/1/2026 0:00,4/6/2026 0:00,,96,78
,202,81,1,100,3/31/2026 0:00,3/31/2026 0:00,,82,42.54
,202,81,2,100,3/31/2026 0:00,4/4/2026 0:00,,82,42.54
,202,81,4,100,3/31/2026 0:00,4/6/2026 0:00,,82,42.54
,27,20,1,250,4/3/2026 0:00,4/3/2026 0:00,,17,133.95
,27,20,2,250,4/3/2026 0:00,4/5/2026 0:00,,17,133.95
,27,20,4,250,4/3/2026 0:00,4/6/2026 0:00,,17,133.95
,35,47,1,100,4/2/2026 0:00,4/2/2026 0:00,,86,89.9
,35,47,2,100,4/2/2026 0:00,4/4/2026 0:00,,86,89.9
,35,47,4,100,4/2/2026 0:00,4/6/2026 0:00,,86,89.9
,256,90,1,100,4/3/2026 0:00,4/3/2026 0:00,,71,67.05
,256,90,2,100,4/3/2026 0:00,4/5/2026 0:00,,71,67.05
,256,90,4,100,4/3/2026 0:00,4/6/2026 0:00,,71,67.05
,275,97,1,500,4/2/2026 0:00,4/2/2026 0:00,,85,23.12
,275,97,2,500,4/2/2026 0:00,4/5/2026 0:00,,85,23.12
,275,97,4,500,4/2/2026 0:00,4/6/2026 0:00,,85,23.12
,234,82,1,50,4/3/2026 0:00,4/3/2026 0:00,,4,35.14
,234,82,2,50,4/3/2026 0:00,4/5/2026 0:00,,4,35.14
,234,82,4,50,4/3/2026 0:00,4/6/2026 0:00,,4,35.14
