InventoryItemID,ProductID,LocationID,OrderID,ExpirationDate,AddedAt,LotNumber
1,193,87,1,12/25/2027,1/2/2026 5:14,LOT-395-C2132
2,131,88,2,1/1/2027,2/14/2026 11:31,LOT-867-A3220
3,78,71,3,3/18/2026,1/24/2026 18:57,LOT-523-A1398
4,374,22,4,3/20/2026,2/17/2026 18:39,LOT-722-B5136
5,190,47,5,11/2/2026,3/25/2026 23:57,LOT-602-D6456
6,19,10,6,11/6/2026,1/26/2026 14:32,LOT-454-B1074
7,292,104,7,8/4/2027,3/18/2026 8:49,LOT-330-D9455
8,111,60,8,1/20/2028,1/28/2026 13:28,LOT-218-D1363
9,340,74,9,4/23/2026,1/26/2026 20:53,LOT-128-C9969
10,197,59,10,3/17/2027,3/3/2026 10:43,LOT-607-D2456
11,372,61,11,5/10/2027,2/15/2026 12:54,LOT-726-D8588
12,83,76,12,9/17/2027,4/4/2026 7:21,LOT-105-A7980
13,394,74,13,4/14/2027,3/22/2026 7:46,LOT-614-C6156
14,480,111,14,4/7/2027,2/24/2026 15:58,LOT-163-B1542
15,461,38,15,9/22/2027,1/30/2026 19:45,LOT-189-D4254
16,33,77,16,10/3/2026,4/4/2026 22:17,LOT-806-B6300
17,494,73,17,6/27/2026,3/10/2026 17:05,LOT-241-A4687
18,482,16,18,3/18/2026,3/14/2026 9:52,LOT-590-B9921
19,206,55,19,3/24/2027,2/8/2026 10:38,LOT-772-C2386
20,251,59,20,6/13/2026,1/12/2026 10:46,LOT-370-C5056
21,155,76,21,8/17/2026,4/2/2026 0:21,LOT-697-A7339
22,114,86,22,12/24/2026,2/17/2026 2:35,LOT-989-A4925
23,87,8,23,8/13/2027,1/3/2026 19:13,LOT-901-A8495
24,341,6,24,8/3/2026,1/15/2026 17:04,LOT-181-C2076
25,453,110,25,3/18/2026,2/26/2026 19:29,LOT-985-C6735
26,469,20,26,8/25/2027,3/19/2026 13:54,LOT-103-B3620
27,117,32,27,4/27/2026,2/28/2026 0:33,LOT-667-B4078
28,387,59,28,1/14/2028,4/1/2026 16:40,LOT-200-D4669
29,392,23,29,5/25/2026,1/4/2026 23:22,LOT-792-C7806
30,350,109,30,9/13/2026,2/22/2026 2:51,LOT-240-C4493
31,234,109,31,7/4/2027,1/15/2026 5:06,LOT-866-D6879
32,125,110,32,10/29/2026,1/3/2026 6:20,LOT-884-B1305
33,55,65,33,9/18/2026,2/9/2026 12:33,LOT-911-B8660
34,56,30,34,3/2/2027,3/29/2026 15:54,LOT-309-D1142
35,485,112,35,2/22/2026,1/25/2026 11:59,LOT-813-A8826
36,349,55,36,12/31/2027,1/19/2026 20:26,LOT-688-C2241
37,464,98,37,3/24/2026,2/15/2026 19:58,LOT-933-B2389
38,295,36,38,4/27/2027,3/18/2026 19:28,LOT-760-A3836
39,193,22,39,5/24/2026,2/21/2026 8:44,LOT-367-B3890
40,439,34,40,4/20/2026,3/26/2026 23:57,LOT-732-A5716
41,51,27,41,4/25/2026,1/14/2026 16:42,LOT-206-A3987
42,428,69,42,8/13/2027,1/25/2026 21:57,LOT-395-B6189
43,135,62,43,10/28/2026,3/18/2026 10:29,LOT-959-A6571
44,87,92,44,3/20/2027,2/25/2026 5:10,LOT-259-C9782
45,244,86,45,8/14/2026,2/22/2026 0:39,LOT-436-D8388
46,382,33,46,1/7/2027,3/17/2026 5:57,LOT-811-C8409
47,312,52,47,10/6/2027,4/1/2026 9:08,LOT-721-C6158
48,28,79,48,2/10/2027,2/9/2026 3:28,LOT-381-A9599
49,490,17,49,9/18/2026,1/30/2026 12:34,LOT-103-B3042
50,182,28,50,2/25/2026,2/19/2026 21:09,LOT-771-A2058
51,25,96,51,12/23/2027,2/18/2026 8:00,LOT-807-A4227
52,486,19,52,4/19/2026,3/9/2026 11:15,LOT-720-C5010
53,171,32,53,7/26/2026,2/12/2026 20:12,LOT-815-D3626
54,156,6,54,6/22/2026,3/22/2026 17:51,LOT-894-B9529
55,156,20,55,9/17/2027,1/7/2026 2:57,LOT-674-B7186
56,489,95,56,10/24/2027,3/11/2026 6:32,LOT-570-A4895
57,46,75,57,9/9/2027,2/22/2026 7:38,LOT-876-A9586
58,155,4,58,9/9/2026,3/8/2026 16:21,LOT-868-A5167
59,121,62,59,8/29/2027,2/2/2026 6:44,LOT-875-C9059
60,290,102,60,9/5/2026,4/6/2026 2:22,LOT-610-A2280
61,378,65,61,11/2/2027,3/14/2026 2:13,LOT-875-B3073
62,131,43,62,11/22/2026,2/26/2026 21:34,LOT-873-B9076
63,316,99,63,1/19/2028,3/5/2026 23:03,LOT-540-D1697
64,148,110,64,4/12/2027,3/24/2026 8:57,LOT-214-C1807
65,447,107,65,6/29/2026,1/20/2026 6:42,LOT-582-D6561
66,132,5,66,5/25/2027,1/15/2026 3:37,LOT-320-D1757
67,303,74,67,5/5/2026,3/22/2026 14:34,LOT-237-A2150
68,374,54,68,3/28/2026,2/9/2026 17:44,LOT-374-C5420
69,449,52,69,5/14/2027,2/15/2026 2:40,LOT-206-A6461
70,110,50,70,1/1/2028,2/16/2026 2:54,LOT-637-C1968
71,213,32,71,9/13/2027,3/13/2026 12:37,LOT-838-C4827
72,50,59,72,3/28/2026,3/18/2026 22:39,LOT-867-B1430
73,173,92,73,3/22/2027,2/10/2026 20:10,LOT-467-C8467
74,16,105,74,2/23/2026,1/6/2026 20:45,LOT-344-B6467
75,282,34,75,8/24/2026,4/3/2026 23:38,LOT-105-C8638
76,69,69,76,4/1/2026,2/12/2026 20:02,LOT-582-D6779
77,20,20,77,7/25/2026,3/22/2026 22:31,LOT-338-B1319
78,496,43,78,2/1/2026,1/11/2026 0:56,LOT-836-A7561
79,132,33,79,5/16/2027,4/5/2026 23:18,LOT-183-B9901
80,184,45,80,1/17/2027,3/1/2026 18:41,LOT-883-A6110
81,65,110,81,12/21/2027,1/7/2026 13:05,LOT-762-A1317
82,89,36,82,9/10/2026,3/22/2026 5:22,LOT-346-A3935
83,494,11,83,12/7/2027,3/25/2026 5:20,LOT-436-B1148
84,144,3,84,12/10/2026,1/23/2026 13:42,LOT-159-C5657
85,342,25,85,8/21/2026,3/11/2026 5:36,LOT-489-B1867
86,378,19,86,7/18/2027,3/31/2026 15:36,LOT-845-D1384
87,111,67,87,4/17/2026,3/3/2026 10:47,LOT-652-C9243
88,151,41,88,5/12/2027,4/5/2026 4:51,LOT-692-C8178
89,347,113,89,10/5/2026,2/18/2026 2:12,LOT-749-C5656
90,128,48,90,8/21/2026,4/1/2026 6:59,LOT-846-A4130
91,21,98,91,3/23/2026,1/22/2026 14:06,LOT-754-A9717
92,225,52,92,12/15/2025,2/22/2026 18:45,LOT-587-B2254
93,262,6,93,5/21/2027,1/8/2026 11:48,LOT-832-C5845
94,25,58,94,10/12/2027,3/3/2026 6:59,LOT-428-C5584
95,253,104,95,3/6/2026,2/7/2026 0:02,LOT-127-A8934
96,436,87,96,1/31/2028,3/11/2026 23:19,LOT-475-C8921
97,367,21,97,1/5/2027,1/15/2026 21:48,LOT-573-A6841
98,335,68,98,8/11/2027,1/29/2026 21:48,LOT-639-C8723
99,386,102,99,10/3/2026,2/18/2026 15:52,LOT-386-D7954
100,273,61,100,8/1/2027,1/25/2026 2:40,LOT-630-B6148
101,55,75,101,11/21/2026,1/28/2026 9:01,LOT-632-B5641
102,284,64,102,8/14/2026,3/19/2026 16:55,LOT-507-D3626
103,18,103,103,1/20/2027,3/8/2026 0:51,LOT-176-A9109
104,94,48,104,1/19/2028,3/17/2026 15:41,LOT-859-A2993
105,281,93,105,7/7/2027,1/20/2026 14:07,LOT-303-C1610
106,354,67,106,8/1/2027,1/17/2026 6:13,LOT-555-D6626
107,385,63,107,11/27/2027,2/8/2026 21:10,LOT-902-C1618
108,275,69,108,2/12/2027,3/24/2026 3:04,LOT-432-B8018
109,162,49,109,5/21/2027,1/31/2026 14:52,LOT-105-A9789
110,432,8,110,11/2/2026,3/18/2026 4:45,LOT-192-B1233
111,495,95,111,5/11/2026,3/31/2026 8:16,LOT-794-A1887
112,379,50,112,7/7/2026,1/27/2026 9:50,LOT-477-D9787
113,201,28,113,7/29/2027,2/28/2026 5:06,LOT-453-B6524
114,415,24,114,5/27/2027,3/11/2026 0:00,LOT-969-C6109
115,483,45,115,4/2/2026,1/20/2026 23:12,LOT-880-C8151
116,347,61,116,10/22/2027,2/16/2026 19:00,LOT-485-A6968
117,270,13,117,11/20/2026,4/8/2026 21:06,LOT-906-C6675
118,150,3,118,5/16/2027,1/2/2026 19:57,LOT-536-D9660
119,350,62,119,3/21/2026,1/23/2026 2:06,LOT-504-B1497
120,123,103,120,6/21/2027,2/24/2026 4:10,LOT-128-A8347
121,279,76,121,8/16/2026,1/18/2026 1:20,LOT-931-C8840
122,284,113,122,4/20/2027,2/18/2026 17:01,LOT-482-A3561
123,36,38,123,4/26/2026,3/5/2026 5:13,LOT-284-D1451
124,409,12,124,2/15/2027,4/3/2026 6:35,LOT-361-A8567
125,406,45,125,12/17/2027,3/31/2026 16:34,LOT-976-A7632
126,313,113,126,8/16/2026,1/14/2026 3:48,LOT-460-C2508
127,488,69,127,9/6/2026,2/13/2026 5:40,LOT-902-D2793
128,64,1,128,9/29/2027,4/5/2026 23:15,LOT-868-B8991
129,166,59,129,10/10/2026,3/14/2026 10:29,LOT-602-C8485
130,369,75,130,2/19/2027,3/27/2026 8:38,LOT-205-A3487
131,454,99,131,1/31/2027,1/17/2026 22:21,LOT-972-C2601
132,286,98,132,8/25/2027,2/28/2026 11:33,LOT-143-B5309
133,23,111,133,6/10/2026,4/7/2026 20:55,LOT-146-C8930
134,454,64,134,4/25/2027,1/5/2026 1:33,LOT-496-B9156
135,459,112,135,8/27/2026,1/6/2026 6:06,LOT-787-D3408
136,387,3,136,2/22/2026,1/6/2026 18:30,LOT-407-B8637
137,336,66,137,11/11/2026,2/19/2026 0:54,LOT-149-A8671
138,472,13,138,5/12/2026,1/9/2026 19:46,LOT-280-D2057
139,177,15,139,2/20/2026,1/9/2026 14:21,LOT-112-A4581
140,20,88,140,11/29/2027,1/5/2026 9:57,LOT-645-A1036
141,58,102,141,7/23/2027,1/9/2026 2:03,LOT-230-B9152
142,433,91,142,7/26/2027,3/18/2026 12:52,LOT-481-C2602
143,34,65,143,6/14/2027,4/8/2026 5:50,LOT-475-B1114
144,415,59,144,7/20/2027,2/21/2026 12:18,LOT-855-C1883
145,302,17,145,7/17/2027,1/27/2026 17:11,LOT-833-D1510
146,404,9,146,12/9/2026,2/4/2026 15:32,LOT-155-D6805
147,161,16,147,8/9/2027,2/17/2026 3:17,LOT-437-B4164
148,149,108,148,6/16/2026,2/12/2026 5:19,LOT-751-A9599
149,147,31,149,7/30/2027,3/7/2026 20:32,LOT-936-D6363
150,461,32,150,8/5/2026,1/7/2026 16:32,LOT-519-C5654
151,432,71,151,5/8/2026,3/11/2026 13:56,LOT-327-B1366
152,342,103,152,11/10/2027,3/15/2026 9:58,LOT-407-D1135
153,290,92,153,11/27/2026,3/24/2026 10:18,LOT-796-D1621
154,364,20,154,3/8/2027,3/20/2026 20:43,LOT-537-A5088
155,61,24,155,8/7/2027,1/18/2026 19:35,LOT-278-B3530
156,182,80,156,10/11/2027,2/7/2026 18:42,LOT-713-C4063
157,278,100,157,1/3/2028,1/28/2026 19:13,LOT-327-A5955
158,290,71,158,4/7/2026,2/18/2026 16:06,LOT-176-C8355
159,473,5,159,1/29/2027,1/11/2026 0:34,LOT-783-A8033
160,291,28,160,12/4/2027,1/28/2026 7:29,LOT-191-B4517
161,478,77,161,8/31/2026,1/8/2026 12:49,LOT-338-A2738
162,284,56,162,4/25/2027,3/27/2026 20:56,LOT-449-B7045
163,282,96,163,1/20/2026,1/8/2026 3:48,LOT-598-A9717
164,295,33,164,3/24/2028,4/6/2026 5:23,LOT-185-C7782
165,124,44,165,7/20/2026,1/24/2026 14:06,LOT-705-B4198
166,208,52,166,4/10/2027,2/3/2026 18:23,LOT-379-B4159
167,19,58,167,6/22/2026,2/1/2026 6:37,LOT-481-A5138
168,310,12,168,10/28/2027,4/2/2026 18:36,LOT-326-D6674
169,320,56,169,9/8/2027,3/27/2026 5:23,LOT-625-D5158
170,232,1,170,2/6/2028,3/5/2026 12:00,LOT-559-D9318
171,254,88,171,12/26/2027,1/21/2026 0:03,LOT-664-A1270
172,221,34,172,9/28/2027,1/21/2026 22:11,LOT-869-A6582
173,318,97,173,11/13/2027,4/2/2026 22:11,LOT-874-B6764
174,317,55,174,9/16/2026,3/12/2026 10:42,LOT-366-A5684
175,370,23,175,2/25/2028,3/5/2026 17:31,LOT-935-C9267
176,287,86,176,2/11/2026,2/8/2026 7:18,LOT-657-A1976
177,133,42,177,9/12/2026,3/22/2026 6:17,LOT-158-B2824
178,7,109,178,4/15/2027,2/5/2026 4:14,LOT-459-B8986
179,420,75,179,12/8/2026,3/13/2026 6:45,LOT-450-B7996
180,3,18,180,2/28/2026,2/4/2026 13:41,LOT-911-B8896
181,182,113,181,7/14/2026,3/22/2026 13:43,LOT-101-C5368
182,193,44,182,8/2/2027,1/10/2026 3:19,LOT-976-D9951
183,233,60,183,10/21/2026,2/4/2026 5:50,LOT-396-D7492
184,428,27,184,8/14/2026,1/18/2026 13:43,LOT-377-B6139
185,108,32,185,7/7/2027,4/1/2026 4:26,LOT-608-D9613
186,150,25,186,7/20/2027,2/18/2026 22:46,LOT-763-C5419
187,14,108,187,10/4/2027,2/2/2026 10:41,LOT-141-A4132
188,161,71,188,2/1/2027,3/6/2026 20:09,LOT-822-C9410
189,72,67,189,9/2/2027,2/19/2026 8:29,LOT-824-B4271
190,317,6,190,6/8/2026,1/9/2026 14:53,LOT-510-D6006
191,109,19,191,8/7/2027,2/9/2026 15:03,LOT-221-C9806
192,12,65,192,10/16/2027,4/2/2026 1:49,LOT-367-C6232
193,211,65,193,11/2/2026,1/31/2026 19:35,LOT-374-B3397
194,52,66,194,3/10/2026,1/9/2026 2:03,LOT-227-B2710
195,165,104,195,2/4/2028,3/26/2026 14:03,LOT-144-C5341
196,247,84,196,10/27/2027,2/1/2026 9:02,LOT-447-A7109
197,73,101,197,7/27/2027,2/10/2026 10:55,LOT-355-C5561
198,237,19,198,9/30/2027,2/10/2026 8:13,LOT-184-A1352
199,100,104,199,6/1/2027,3/25/2026 12:15,LOT-378-A3066
200,107,84,200,12/15/2026,2/8/2026 20:15,LOT-809-A1322
201,110,42,201,2/16/2026,1/26/2026 3:39,LOT-256-A1465
202,455,100,202,6/1/2026,1/18/2026 23:36,LOT-397-D8006
203,121,112,203,6/29/2027,1/21/2026 21:04,LOT-130-D3489
204,415,41,204,5/9/2027,4/2/2026 5:27,LOT-424-B3178
205,327,54,205,12/21/2027,1/26/2026 14:50,LOT-629-C3291
206,48,41,206,2/11/2027,3/2/2026 6:03,LOT-812-B7382
207,108,55,207,6/21/2026,3/9/2026 7:36,LOT-896-B3955
208,200,71,208,12/26/2027,3/15/2026 1:38,LOT-349-C8789
209,95,34,209,7/4/2026,1/9/2026 15:30,LOT-115-B4372
210,198,79,210,8/21/2027,3/13/2026 20:03,LOT-560-D9369
211,270,11,211,2/5/2027,3/27/2026 12:03,LOT-771-A5430
212,434,53,212,11/4/2026,3/6/2026 22:32,LOT-826-D4714
213,126,33,213,3/25/2026,1/14/2026 23:06,LOT-384-C6717
214,3,56,214,1/24/2027,3/10/2026 9:10,LOT-470-C7768
215,59,32,215,2/19/2026,1/11/2026 12:21,LOT-703-A1161
216,381,47,216,11/26/2026,3/2/2026 18:13,LOT-675-A7365
217,183,81,217,10/3/2027,3/22/2026 6:21,LOT-230-B9766
218,377,91,218,11/7/2026,3/12/2026 12:22,LOT-617-B2252
219,386,60,219,9/13/2026,3/18/2026 20:18,LOT-593-A1735
220,373,31,220,4/19/2026,1/21/2026 6:21,LOT-291-C4235
221,447,112,221,3/31/2026,2/22/2026 5:46,LOT-165-D4466
222,321,22,222,1/18/2027,2/27/2026 5:27,LOT-336-B7902
223,484,83,223,5/7/2026,2/24/2026 8:58,LOT-881-D2970
224,74,11,224,3/19/2026,3/16/2026 18:43,LOT-670-B6698
225,114,49,225,1/5/2028,1/5/2026 7:34,LOT-848-B6015
226,176,19,226,7/2/2027,1/3/2026 10:54,LOT-714-C7156
227,110,20,227,6/24/2027,2/27/2026 15:51,LOT-563-A5861
228,17,3,228,12/4/2026,1/26/2026 10:39,LOT-759-D8056
229,491,101,229,10/15/2027,1/4/2026 3:16,LOT-831-D9990
230,257,20,230,5/7/2026,3/4/2026 5:08,LOT-265-C3496
231,298,5,231,5/21/2026,4/2/2026 11:29,LOT-794-C4675
232,220,70,232,2/2/2026,1/24/2026 19:40,LOT-783-C9422
233,304,92,233,3/12/2026,2/6/2026 19:21,LOT-719-D3720
234,211,34,234,3/9/2026,2/25/2026 0:50,LOT-335-C7832
235,101,16,235,6/25/2027,3/23/2026 23:49,LOT-570-C6868
236,232,33,236,4/11/2027,4/1/2026 22:43,LOT-863-B7908
237,21,94,237,3/5/2027,3/10/2026 6:39,LOT-342-D1782
238,136,43,238,1/9/2028,1/20/2026 3:11,LOT-682-D1861
239,130,54,239,9/19/2026,3/4/2026 3:10,LOT-575-B4186
240,427,38,240,6/10/2026,3/10/2026 7:47,LOT-323-C6022
241,156,84,241,3/11/2027,2/17/2026 1:05,LOT-832-D9227
242,149,13,242,5/28/2026,4/6/2026 9:49,LOT-486-B2872
243,304,9,243,1/17/2027,1/13/2026 9:58,LOT-442-B6610
244,62,27,244,6/6/2027,1/28/2026 5:55,LOT-640-A9808
245,333,5,245,3/27/2026,3/11/2026 13:36,LOT-456-C9961
246,361,77,246,12/12/2026,3/19/2026 21:50,LOT-464-B5058
247,395,56,247,4/17/2027,3/30/2026 20:51,LOT-448-B2086
248,132,100,248,9/6/2026,3/14/2026 1:45,LOT-154-B9749
249,231,60,249,2/9/2028,3/16/2026 20:43,LOT-866-C8161
250,395,66,250,4/8/2026,3/1/2026 10:15,LOT-598-D2709
251,177,101,251,12/4/2026,3/19/2026 20:03,LOT-148-D6010
252,398,44,252,5/4/2027,3/18/2026 2:38,LOT-503-A5181
253,415,26,253,11/30/2026,3/18/2026 23:39,LOT-926-D4262
254,88,1,254,8/1/2027,2/11/2026 14:34,LOT-938-A4689
255,113,104,255,1/3/2027,3/27/2026 10:54,LOT-998-A7714
256,325,72,256,12/29/2026,4/6/2026 13:19,LOT-511-B2850
257,57,73,257,11/12/2027,3/15/2026 6:42,LOT-559-C3915
258,491,68,258,4/15/2026,4/2/2026 12:35,LOT-275-D7518
259,33,26,259,8/27/2027,1/22/2026 12:47,LOT-131-D5154
260,237,63,260,10/10/2027,1/8/2026 12:30,LOT-335-B8689
261,108,31,261,2/17/2026,2/13/2026 0:20,LOT-590-A8722
262,159,102,262,3/4/2027,3/12/2026 14:29,LOT-771-D2113
263,181,88,263,1/9/2027,2/6/2026 0:32,LOT-909-D9048
264,13,9,264,11/30/2027,2/3/2026 9:21,LOT-466-A4923
265,27,82,265,2/21/2026,1/13/2026 7:40,LOT-342-D3463
266,454,32,266,6/8/2027,3/10/2026 21:33,LOT-358-A1989
267,326,35,267,8/1/2027,3/26/2026 9:06,LOT-798-A8145
268,128,113,268,2/17/2027,1/30/2026 1:17,LOT-683-C7370
269,190,47,269,11/13/2027,2/13/2026 5:45,LOT-567-D5661
270,57,53,270,4/1/2026,1/11/2026 23:51,LOT-500-A4530
271,500,101,271,10/9/2027,2/17/2026 23:00,LOT-676-C4764
272,136,32,272,3/14/2026,1/30/2026 7:38,LOT-185-D5228
273,384,47,273,5/10/2026,1/19/2026 22:00,LOT-885-B1729
274,421,2,274,7/11/2027,2/25/2026 2:04,LOT-530-D4524
275,259,60,275,11/15/2027,2/14/2026 10:57,LOT-746-C4206
276,440,37,276,4/20/2027,2/24/2026 5:01,LOT-650-D5134
277,366,83,277,1/24/2027,1/16/2026 19:48,LOT-780-C9696
278,107,56,278,2/23/2028,2/26/2026 21:29,LOT-469-A6903
279,256,68,279,7/9/2027,3/1/2026 10:22,LOT-644-A3404
280,496,5,280,9/24/2027,1/9/2026 23:06,LOT-891-B4480
281,485,74,281,9/18/2027,3/22/2026 4:09,LOT-748-B6743
282,112,60,282,3/5/2026,2/16/2026 18:24,LOT-204-C3395
283,120,39,283,2/11/2027,4/6/2026 9:41,LOT-794-A2387
284,164,14,284,12/29/2026,2/22/2026 16:34,LOT-507-D7251
285,334,81,285,3/27/2026,1/2/2026 10:29,LOT-363-D5225
286,330,51,286,11/23/2026,2/24/2026 10:09,LOT-886-B8865
287,478,33,287,4/26/2026,3/27/2026 1:20,LOT-688-D5159
288,14,1,288,3/23/2027,1/14/2026 16:40,LOT-867-D2173
289,447,99,289,12/24/2027,1/28/2026 11:37,LOT-885-B2351
290,323,22,290,5/28/2027,3/20/2026 8:39,LOT-424-B8578
291,363,110,291,1/3/2027,1/13/2026 8:31,LOT-419-A5301
292,340,31,292,10/17/2026,2/2/2026 11:06,LOT-643-D4712
293,49,93,293,2/15/2026,3/13/2026 20:41,LOT-950-A5398
294,311,2,294,3/12/2026,2/10/2026 4:59,LOT-824-C6704
295,431,93,295,10/25/2027,1/4/2026 17:38,LOT-564-C7606
296,438,6,296,10/10/2027,1/10/2026 7:03,LOT-439-A2223
297,358,63,297,3/20/2028,3/29/2026 0:44,LOT-837-A5283
298,417,112,298,5/7/2026,3/23/2026 1:31,LOT-940-D8874
299,309,69,299,6/11/2027,3/26/2026 10:46,LOT-623-A8224
300,240,86,300,11/29/2027,4/1/2026 0:32,LOT-186-C5394
301,15,46,301,4/6/2026,2/5/2026 5:47,LOT-905-C5677
302,321,70,302,10/1/2026,3/5/2026 4:20,LOT-912-B1420
303,40,89,303,6/13/2026,1/28/2026 3:08,LOT-691-D9947
304,288,15,304,4/29/2026,3/1/2026 0:09,LOT-579-C4341
305,344,18,305,9/18/2027,2/17/2026 16:31,LOT-958-B8485
306,294,73,306,5/31/2027,2/6/2026 20:31,LOT-704-C9614
307,468,4,307,4/30/2026,2/3/2026 3:40,LOT-578-B8352
308,413,110,308,12/11/2027,3/26/2026 5:48,LOT-585-B6330
309,122,69,309,1/11/2026,1/1/2026 6:28,LOT-296-A6612
310,393,43,310,11/4/2026,1/23/2026 11:00,LOT-816-A1025
311,489,80,311,10/6/2026,1/16/2026 10:11,LOT-780-A3097
312,219,70,312,6/7/2027,3/18/2026 21:11,LOT-505-B6539
313,426,83,313,7/18/2027,1/15/2026 15:16,LOT-388-B1415
314,223,100,314,11/2/2026,3/21/2026 0:45,LOT-769-C6818
315,304,88,315,7/31/2026,3/1/2026 13:09,LOT-788-D3481
316,55,61,316,4/27/2026,1/13/2026 4:06,LOT-785-B3560
317,178,77,317,4/17/2026,3/8/2026 7:21,LOT-368-B5504
318,334,96,318,3/27/2027,1/30/2026 6:42,LOT-601-D1501
319,120,27,319,5/15/2026,1/13/2026 6:01,LOT-982-A9123
320,417,61,320,5/6/2026,3/9/2026 14:51,LOT-725-B7017
321,296,68,321,11/10/2027,1/5/2026 20:25,LOT-691-A5874
322,234,109,322,8/8/2027,2/5/2026 17:09,LOT-477-A3491
323,329,93,323,12/7/2027,2/7/2026 12:12,LOT-275-D3127
324,42,32,324,6/6/2027,2/11/2026 5:21,LOT-569-D7861
325,338,65,325,10/29/2026,2/27/2026 22:08,LOT-534-B8974
326,72,35,326,8/16/2027,1/22/2026 15:46,LOT-557-C7484
327,392,54,327,9/19/2027,3/10/2026 8:54,LOT-612-B7424
328,379,32,328,11/17/2026,2/5/2026 13:28,LOT-325-B9697
329,116,34,329,1/9/2027,1/25/2026 23:23,LOT-574-C8314
330,142,103,330,2/5/2026,1/11/2026 4:30,LOT-292-A4459
331,500,94,331,12/19/2027,2/22/2026 2:37,LOT-326-D2683
332,340,23,332,3/1/2027,1/29/2026 12:23,LOT-286-A8312
333,370,29,333,5/10/2026,3/13/2026 10:44,LOT-167-D3544
334,467,97,334,12/3/2027,1/2/2026 7:35,LOT-254-A1928
335,93,90,335,4/25/2027,1/17/2026 23:40,LOT-495-B3854
336,235,109,336,7/3/2026,2/13/2026 5:58,LOT-120-D3985
337,17,24,337,9/28/2026,4/8/2026 17:06,LOT-761-D8177
338,499,113,338,11/2/2027,1/9/2026 14:37,LOT-661-D7976
339,393,90,339,7/18/2027,1/18/2026 9:27,LOT-759-D2641
340,390,15,340,11/23/2026,1/6/2026 4:44,LOT-429-A8989
341,137,99,341,4/22/2026,2/24/2026 12:47,LOT-745-B1402
342,368,3,342,5/28/2027,3/11/2026 3:58,LOT-342-A5596
343,331,112,343,1/7/2028,2/8/2026 22:25,LOT-377-D1667
344,412,102,344,12/1/2026,1/14/2026 14:25,LOT-887-B5762
345,70,18,345,2/7/2026,1/28/2026 18:56,LOT-850-C3363
346,158,76,346,9/10/2026,3/3/2026 6:17,LOT-488-D3289
347,326,23,347,1/23/2028,1/27/2026 23:44,LOT-291-A6259
348,240,98,348,2/1/2028,3/14/2026 18:40,LOT-440-C3487
349,444,101,349,7/3/2026,4/6/2026 21:15,LOT-922-D8235
350,271,78,350,12/21/2026,1/12/2026 6:30,LOT-566-C3199
351,438,28,351,1/15/2028,3/15/2026 15:13,LOT-120-B7527
352,192,20,352,8/23/2026,2/7/2026 17:01,LOT-887-C9698
353,151,5,353,4/2/2026,1/15/2026 14:19,LOT-610-B3628
354,43,24,354,12/12/2026,2/21/2026 5:26,LOT-787-D6672
355,55,43,355,8/26/2026,3/14/2026 13:16,LOT-355-D9737
356,463,8,356,5/8/2026,3/26/2026 7:36,LOT-868-C1833
357,271,66,357,10/4/2027,1/4/2026 23:40,LOT-785-B6134
358,310,67,358,8/10/2026,3/2/2026 8:26,LOT-522-B9407
359,493,71,359,7/21/2026,4/8/2026 0:53,LOT-578-C5899
360,322,32,360,3/14/2026,2/19/2026 17:51,LOT-683-C5976
361,144,50,361,6/3/2026,1/5/2026 18:27,LOT-576-A8412
362,408,92,362,3/4/2026,2/27/2026 21:03,LOT-293-D6994
363,107,64,363,12/9/2027,4/1/2026 4:44,LOT-307-A2720
364,405,95,364,11/5/2027,3/20/2026 22:49,LOT-149-B6849
365,338,27,365,7/14/2027,2/27/2026 15:43,LOT-148-B4130
366,217,113,366,5/8/2026,4/6/2026 12:27,LOT-895-C5441
367,241,109,367,2/1/2028,4/2/2026 13:45,LOT-507-C9252
368,392,18,368,8/19/2026,3/30/2026 23:30,LOT-868-B6496
369,255,81,369,8/4/2027,1/19/2026 4:47,LOT-405-B4941
370,133,102,370,3/16/2026,2/22/2026 22:15,LOT-454-C4431
371,164,11,371,10/26/2026,1/13/2026 2:52,LOT-324-C4328
372,353,49,372,7/18/2026,3/6/2026 13:42,LOT-242-C9437
373,216,92,373,5/14/2026,2/9/2026 0:06,LOT-909-D1979
374,32,25,374,2/16/2028,3/25/2026 21:09,LOT-952-B7693
375,237,43,375,3/17/2027,2/7/2026 6:02,LOT-136-C6440
376,159,108,376,7/31/2027,2/13/2026 3:17,LOT-561-B6033
377,209,41,377,5/16/2027,2/9/2026 6:11,LOT-117-A5685
378,304,112,378,1/25/2026,1/11/2026 10:49,LOT-665-A4942
379,408,73,379,7/1/2027,2/15/2026 18:45,LOT-144-A8405
380,179,3,380,9/2/2026,2/11/2026 15:40,LOT-768-D6381
381,476,8,381,3/30/2026,1/22/2026 7:35,LOT-496-D1946
382,75,14,382,4/4/2026,2/17/2026 2:57,LOT-293-D2683
383,28,86,383,8/18/2027,1/27/2026 5:17,LOT-803-B3006
384,165,2,384,4/27/2027,1/5/2026 16:05,LOT-740-A3826
385,295,69,385,10/1/2026,1/5/2026 10:47,LOT-617-C3981
386,130,4,386,7/23/2026,2/22/2026 15:07,LOT-412-B9546
387,73,47,387,12/31/2026,2/28/2026 2:48,LOT-503-A1532
388,220,41,388,12/6/2027,1/4/2026 9:09,LOT-990-B8426
389,27,97,389,8/29/2026,1/16/2026 14:36,LOT-340-D5840
390,484,108,390,4/1/2027,2/9/2026 17:30,LOT-629-D3814
391,125,78,391,12/18/2025,1/6/2026 3:54,LOT-759-A3906
392,443,90,392,4/18/2026,3/22/2026 14:23,LOT-863-B6686
393,439,30,393,11/17/2026,2/27/2026 12:36,LOT-666-B9922
394,362,55,394,6/13/2027,1/11/2026 2:27,LOT-780-A3231
395,28,113,395,5/15/2026,3/9/2026 2:48,LOT-334-D2198
396,91,62,396,11/18/2025,1/15/2026 18:43,LOT-778-A1568
397,231,86,397,7/2/2027,1/25/2026 21:48,LOT-366-B9499
398,244,72,398,1/20/2026,1/5/2026 1:01,LOT-484-A1046
399,13,71,399,4/20/2026,3/29/2026 15:01,LOT-942-C5758
400,356,75,400,3/16/2026,2/20/2026 23:56,LOT-634-D3085
401,65,84,401,1/14/2026,3/19/2026 18:27,LOT-481-C2222
402,379,5,402,8/11/2027,2/3/2026 19:48,LOT-471-D3218
403,80,7,403,11/4/2027,2/20/2026 8:55,LOT-181-B9116
404,424,8,404,2/6/2026,1/30/2026 11:26,LOT-312-B6978
405,450,15,405,8/4/2027,3/12/2026 13:56,LOT-904-A4191
406,237,72,406,3/20/2028,4/2/2026 20:23,LOT-617-D8720
407,332,85,407,8/17/2026,2/4/2026 10:42,LOT-199-A9159
408,33,106,408,4/23/2026,1/5/2026 0:20,LOT-595-A7697
409,436,33,409,2/15/2026,1/9/2026 1:14,LOT-958-D5037
410,408,14,410,3/17/2026,3/10/2026 6:00,LOT-452-D6502
411,254,106,411,12/26/2026,2/5/2026 1:45,LOT-672-A4918
412,308,51,412,7/6/2027,1/3/2026 17:24,LOT-381-C2672
413,171,71,413,1/30/2026,1/9/2026 21:29,LOT-455-B3020
414,47,18,414,5/20/2027,3/3/2026 0:21,LOT-636-C9092
415,401,87,415,11/11/2027,3/26/2026 11:11,LOT-883-D1381
416,166,59,416,7/22/2027,1/8/2026 4:37,LOT-111-A9249
417,157,111,417,5/5/2026,3/27/2026 20:35,LOT-860-A9981
418,393,53,418,7/29/2026,2/27/2026 5:53,LOT-159-C5884
419,446,97,419,9/12/2027,3/23/2026 1:31,LOT-447-B4613
420,447,61,420,3/18/2026,1/18/2026 5:43,LOT-873-C7292
421,46,45,421,4/21/2026,2/25/2026 8:46,LOT-398-C5516
422,194,14,422,12/21/2025,1/26/2026 15:58,LOT-636-D6320
423,103,62,423,11/4/2027,3/20/2026 5:26,LOT-617-D7026
424,372,15,424,10/21/2026,3/12/2026 12:59,LOT-901-D1107
425,465,9,425,2/6/2027,2/16/2026 7:10,LOT-908-B6373
426,376,15,426,7/9/2026,3/2/2026 19:04,LOT-393-C6762
427,181,68,427,2/26/2026,2/15/2026 3:58,LOT-323-A4152
428,172,91,428,7/31/2026,3/26/2026 4:25,LOT-397-D6843
429,124,9,429,6/28/2027,3/31/2026 9:41,LOT-213-B1122
430,49,38,430,10/9/2026,1/23/2026 14:56,LOT-593-B7119
431,43,112,431,5/27/2026,1/6/2026 6:42,LOT-200-A2163
432,462,107,432,1/29/2028,2/2/2026 13:26,LOT-431-A6985
433,93,10,433,11/14/2027,3/14/2026 12:38,LOT-953-C3684
434,124,13,434,3/27/2026,3/25/2026 12:37,LOT-853-D2230
435,53,90,435,3/30/2026,3/5/2026 21:53,LOT-349-A4672
436,465,73,436,4/17/2027,3/4/2026 13:43,LOT-442-B8522
437,399,91,437,5/1/2026,3/15/2026 7:19,LOT-430-C4446
438,132,26,438,1/30/2028,2/28/2026 3:20,LOT-596-C8348
439,259,47,439,9/16/2027,2/7/2026 15:45,LOT-493-C9996
440,324,15,440,7/10/2027,1/8/2026 12:33,LOT-584-A2376
441,198,80,441,10/6/2026,3/16/2026 3:49,LOT-443-A3519
442,218,91,442,1/9/2027,1/1/2026 17:55,LOT-460-A4322
443,390,16,443,5/11/2026,2/20/2026 15:39,LOT-848-C2500
444,96,106,444,1/5/2027,2/8/2026 7:45,LOT-656-D1811
445,305,24,445,2/28/2027,2/9/2026 14:19,LOT-539-C8289
446,312,103,446,3/12/2026,1/22/2026 3:30,LOT-324-D7056
447,72,7,447,1/23/2026,1/20/2026 3:16,LOT-847-B7074
448,279,80,448,1/21/2027,1/31/2026 18:28,LOT-237-B3176
449,25,73,449,1/11/2028,3/20/2026 6:53,LOT-183-D2678
450,135,51,450,10/31/2026,1/21/2026 6:04,LOT-598-A6180
451,458,42,451,6/23/2027,1/8/2026 5:38,LOT-726-A7437
452,121,55,452,3/17/2026,2/24/2026 16:59,LOT-868-D8774
453,347,15,453,7/7/2026,2/9/2026 17:45,LOT-248-A7248
454,422,100,454,10/6/2026,2/8/2026 15:10,LOT-709-B4357
455,442,61,455,4/6/2026,2/13/2026 16:50,LOT-142-A2356
456,255,93,456,11/23/2027,3/22/2026 15:11,LOT-539-C1325
457,433,109,457,11/2/2026,4/5/2026 13:52,LOT-570-D5095
458,132,11,458,4/23/2026,3/25/2026 15:10,LOT-754-A9949
459,124,75,459,8/14/2026,3/23/2026 15:35,LOT-338-C8695
460,323,55,460,4/15/2026,3/3/2026 5:19,LOT-998-D7760
461,228,49,461,3/2/2027,3/10/2026 12:06,LOT-160-D1199
462,452,26,462,10/10/2026,1/22/2026 21:27,LOT-776-B2546
463,364,57,463,8/24/2027,3/11/2026 20:31,LOT-850-D1621
464,37,8,464,7/3/2027,2/4/2026 16:39,LOT-973-B6132
465,25,101,465,8/4/2027,2/12/2026 8:39,LOT-231-B8771
466,470,55,466,11/13/2027,2/21/2026 13:42,LOT-842-A4349
467,443,86,467,2/6/2026,1/12/2026 12:33,LOT-191-D7143
468,5,64,468,6/13/2027,1/30/2026 13:29,LOT-313-B7671
469,24,104,469,10/11/2027,3/11/2026 18:24,LOT-765-A2396
470,46,49,470,2/17/2026,1/12/2026 16:24,LOT-948-C8043
471,256,49,471,3/31/2027,2/2/2026 4:06,LOT-300-C4076
472,185,64,472,9/23/2026,4/1/2026 19:41,LOT-452-D2493
473,92,64,473,7/8/2027,1/9/2026 4:32,LOT-345-B6934
474,178,10,474,8/8/2026,3/3/2026 20:20,LOT-314-A5756
475,328,38,475,3/10/2026,2/2/2026 16:21,LOT-377-A3044
476,468,1,476,11/30/2027,2/12/2026 18:01,LOT-920-A6477
477,417,106,477,4/14/2026,2/28/2026 5:17,LOT-429-C8394
478,476,109,478,7/9/2027,3/11/2026 6:06,LOT-788-B3340
479,448,15,479,7/18/2027,1/21/2026 2:14,LOT-687-A1950
480,496,79,480,10/7/2027,2/7/2026 14:22,LOT-822-D7534
481,52,82,481,5/27/2027,1/27/2026 7:45,LOT-522-A8737
482,392,54,482,8/13/2027,3/18/2026 17:34,LOT-345-B5411
483,224,8,483,1/24/2027,2/28/2026 4:13,LOT-902-D9646
484,384,74,484,4/3/2026,3/25/2026 11:05,LOT-436-D8815
485,470,77,485,5/21/2026,1/1/2026 22:13,LOT-636-B9265
486,366,23,486,3/16/2027,1/8/2026 16:23,LOT-801-B2323
487,115,29,487,9/7/2026,1/25/2026 18:40,LOT-365-A2098
488,434,51,488,1/19/2027,2/20/2026 10:18,LOT-513-C8622
489,406,47,489,6/3/2026,4/4/2026 16:03,LOT-931-D8383
490,111,72,490,9/17/2027,1/31/2026 17:54,LOT-791-D4536
491,57,24,491,1/2/2026,1/1/2026 14:49,LOT-321-A5573
492,216,82,492,12/10/2026,3/8/2026 3:02,LOT-657-A3447
493,367,54,493,3/21/2026,2/13/2026 14:57,LOT-685-B9935
494,323,3,494,1/15/2027,2/9/2026 20:29,LOT-931-C2391
495,255,92,495,4/28/2026,3/16/2026 9:53,LOT-624-D3280
496,151,87,496,10/15/2026,1/25/2026 6:15,LOT-751-A3286
497,488,98,497,7/28/2026,4/3/2026 20:05,LOT-955-C9831
498,22,2,498,12/8/2026,4/8/2026 18:03,LOT-573-A9710
499,481,60,499,5/7/2026,3/6/2026 21:53,LOT-433-A3146
500,3,54,500,3/26/2027,1/10/2026 0:10,LOT-940-B3564
501,476,65,501,11/18/2027,2/4/2026 21:45,LOT-791-B4437
502,308,95,502,12/3/2026,3/24/2026 9:32,LOT-429-C4338
503,22,76,503,3/15/2026,2/25/2026 5:11,LOT-163-C9886
504,376,19,504,7/17/2027,2/8/2026 16:26,LOT-522-B3438
505,185,70,505,11/23/2025,1/25/2026 5:57,LOT-942-C3717
506,263,112,506,10/4/2026,3/12/2026 23:30,LOT-929-D9724
507,194,76,507,4/28/2027,4/1/2026 23:08,LOT-887-D5776
508,314,87,508,3/27/2026,1/25/2026 4:06,LOT-167-C4821
509,370,66,509,8/20/2026,1/5/2026 11:17,LOT-781-B3369
510,431,1,510,5/15/2026,1/14/2026 23:23,LOT-140-A2206
511,480,50,511,3/4/2026,2/24/2026 6:20,LOT-536-B6963
512,312,73,512,4/18/2027,3/8/2026 9:21,LOT-574-B5538
513,362,50,513,11/3/2026,2/5/2026 14:18,LOT-741-C4069
514,353,60,514,8/14/2026,2/19/2026 21:52,LOT-364-D4814
515,172,92,515,4/22/2026,2/16/2026 21:45,LOT-999-B5674
516,138,18,516,6/29/2027,3/17/2026 8:55,LOT-931-A4581
517,122,40,517,4/7/2026,3/17/2026 0:00,LOT-404-B2851
518,60,20,518,3/14/2026,1/9/2026 13:48,LOT-292-D5573
519,441,45,519,9/9/2026,1/20/2026 1:42,LOT-401-D8965
520,236,60,520,10/2/2027,3/18/2026 5:34,LOT-645-B2057
521,27,14,521,7/25/2027,1/12/2026 22:01,LOT-680-C6364
522,226,29,522,1/3/2027,1/9/2026 16:27,LOT-119-C2189
523,424,111,523,5/19/2026,3/24/2026 7:16,LOT-628-B3482
524,82,94,524,7/11/2027,2/25/2026 0:54,LOT-152-A8336
525,434,15,525,10/16/2026,4/3/2026 7:37,LOT-677-B4743
526,185,16,526,12/25/2027,3/15/2026 17:51,LOT-231-D1436
527,99,106,527,11/26/2026,2/9/2026 21:26,LOT-874-D8825
528,266,93,528,6/18/2027,1/21/2026 8:21,LOT-526-C3304
529,494,34,529,2/22/2027,1/18/2026 10:05,LOT-991-C5060
530,100,32,530,9/7/2027,1/25/2026 13:31,LOT-618-A2911
531,340,3,531,7/1/2026,4/4/2026 2:01,LOT-328-C7988
532,4,100,532,1/29/2028,3/17/2026 9:59,LOT-143-A7836
533,21,85,533,3/2/2026,1/14/2026 5:24,LOT-519-B2991
534,141,34,534,8/13/2026,1/21/2026 11:43,LOT-547-D4424
535,258,13,535,1/6/2028,1/15/2026 9:57,LOT-458-D3156
536,364,31,536,7/10/2026,2/22/2026 19:39,LOT-916-A8761
537,10,29,537,3/15/2026,2/21/2026 7:13,LOT-923-B5417
538,364,45,538,12/18/2027,3/8/2026 2:37,LOT-826-D6465
539,456,20,539,1/5/2028,2/12/2026 3:33,LOT-194-D1477
540,393,71,540,1/22/2028,2/9/2026 4:31,LOT-527-C9450
541,307,10,541,3/16/2026,1/6/2026 17:47,LOT-738-B6850
542,148,42,542,5/5/2027,2/28/2026 5:52,LOT-290-D9747
543,301,45,543,5/23/2026,2/2/2026 23:40,LOT-504-A8381
544,286,14,544,3/31/2027,2/12/2026 11:31,LOT-973-C6678
545,229,47,545,5/30/2026,1/3/2026 10:10,LOT-322-B6338
546,375,3,546,5/1/2027,3/19/2026 3:22,LOT-517-D6081
547,462,11,547,10/23/2026,2/3/2026 16:29,LOT-113-C6407
548,384,70,548,9/13/2026,2/24/2026 13:14,LOT-127-D8673
549,187,17,549,4/30/2026,1/18/2026 15:27,LOT-341-D6959
550,260,87,550,6/19/2026,2/19/2026 20:47,LOT-816-B1661
551,296,100,551,11/9/2027,1/3/2026 0:16,LOT-658-D4636
552,125,40,552,3/29/2026,3/4/2026 1:08,LOT-460-A3216
553,234,17,553,4/18/2026,1/5/2026 11:06,LOT-158-A8774
554,6,40,554,3/16/2027,2/22/2026 14:55,LOT-680-C9756
555,379,83,555,1/30/2028,3/31/2026 16:31,LOT-521-C7227
556,259,103,556,2/4/2026,2/3/2026 17:52,LOT-899-B2830
557,308,47,557,5/23/2026,2/20/2026 10:40,LOT-188-B5374
558,179,22,558,2/2/2026,1/12/2026 17:13,LOT-475-B5901
559,440,99,559,5/19/2026,3/23/2026 0:03,LOT-830-A4926
560,383,35,560,10/5/2026,2/18/2026 20:16,LOT-680-D4081
561,68,36,561,1/19/2028,2/19/2026 5:54,LOT-417-A6139
562,329,30,562,11/9/2027,1/11/2026 8:04,LOT-327-D3702
563,266,50,563,3/13/2026,2/25/2026 13:36,LOT-952-A6926
564,71,13,564,12/2/2025,2/6/2026 17:06,LOT-124-B1261
565,177,22,565,8/30/2027,2/24/2026 14:35,LOT-338-B9683
566,38,72,566,5/23/2027,4/7/2026 5:55,LOT-230-A7811
567,137,52,567,9/30/2026,1/14/2026 23:45,LOT-837-B9976
568,500,32,568,5/9/2027,2/6/2026 3:34,LOT-313-B3694
569,400,35,569,10/12/2027,2/3/2026 10:36,LOT-670-A1449
570,60,47,570,5/5/2026,3/13/2026 3:04,LOT-199-D5994
571,463,71,571,4/23/2027,3/24/2026 23:03,LOT-512-C8842
572,56,93,572,3/23/2027,3/30/2026 21:16,LOT-348-C7798
573,82,111,573,7/17/2026,1/14/2026 2:13,LOT-958-B8169
574,263,32,574,12/20/2026,1/26/2026 18:45,LOT-957-D1830
575,207,94,575,9/5/2026,3/31/2026 6:50,LOT-264-A4009
576,396,6,576,7/21/2026,3/20/2026 22:09,LOT-750-A7291
577,268,85,577,4/23/2026,4/8/2026 18:51,LOT-717-C6809
578,185,76,578,6/12/2026,2/24/2026 2:00,LOT-696-B8420
579,496,101,579,5/8/2026,3/27/2026 23:29,LOT-896-B2906
580,21,54,580,4/24/2027,1/15/2026 5:45,LOT-387-D6372
581,136,55,581,3/11/2026,2/11/2026 15:00,LOT-334-C3325
582,475,29,582,3/28/2026,3/8/2026 13:46,LOT-662-C3809
583,215,26,583,12/9/2027,2/20/2026 21:24,LOT-935-A9722
584,429,66,584,6/11/2027,3/23/2026 5:17,LOT-454-D8438
585,79,41,585,3/14/2026,2/8/2026 8:06,LOT-262-A5003
586,105,28,586,4/18/2026,2/25/2026 13:59,LOT-654-B6616
587,229,16,587,2/17/2027,2/24/2026 5:50,LOT-945-C7897
588,259,19,588,5/2/2026,4/1/2026 10:00,LOT-893-A3942
589,302,106,589,6/20/2026,2/15/2026 12:48,LOT-388-A7735
590,132,54,590,3/14/2026,1/31/2026 11:07,LOT-543-B7056
591,380,97,591,3/17/2026,1/28/2026 11:47,LOT-278-B8332
592,448,76,592,5/2/2026,2/13/2026 20:22,LOT-718-C3360
593,276,75,593,9/14/2026,3/26/2026 3:20,LOT-814-B8899
594,42,98,594,4/25/2026,3/24/2026 6:14,LOT-919-D2406
595,246,108,595,9/29/2027,3/23/2026 11:23,LOT-563-D9828
596,179,19,596,4/8/2026,3/22/2026 6:40,LOT-246-D6948
597,279,71,597,11/9/2026,2/25/2026 8:21,LOT-716-A2320
598,53,52,598,6/9/2026,2/9/2026 11:12,LOT-840-B1971
599,441,90,599,2/8/2026,1/30/2026 0:05,LOT-173-A9698
600,282,52,600,10/27/2027,3/20/2026 4:09,LOT-453-A2260
601,368,64,601,1/29/2027,3/11/2026 9:29,LOT-314-C4678
602,434,45,602,10/21/2026,2/18/2026 11:42,LOT-780-D9117
603,389,26,603,6/1/2027,4/3/2026 14:00,LOT-280-D9658
604,154,10,604,12/12/2026,4/2/2026 15:54,LOT-444-D9132
605,314,51,605,5/6/2026,1/3/2026 20:31,LOT-886-B1137
606,58,37,606,8/17/2027,2/20/2026 22:06,LOT-732-C5297
607,491,1,607,1/23/2027,1/15/2026 8:34,LOT-198-B5512
608,469,87,608,2/29/2028,3/17/2026 11:51,LOT-463-D8585
609,328,37,609,3/2/2026,2/10/2026 19:46,LOT-476-A8784
610,60,87,610,3/25/2026,2/26/2026 10:05,LOT-551-D1765
611,293,52,611,9/5/2026,1/6/2026 20:07,LOT-415-A3116
612,386,109,612,9/26/2027,1/15/2026 6:51,LOT-125-C4455
613,305,44,613,8/8/2027,2/13/2026 21:42,LOT-819-D6311
614,146,79,614,8/5/2026,3/28/2026 13:14,LOT-788-B1695
615,374,51,615,6/19/2026,1/26/2026 19:58,LOT-777-D8411
616,398,39,616,7/13/2027,1/2/2026 21:25,LOT-245-D5612
617,141,87,617,6/19/2026,2/2/2026 18:35,LOT-319-D7852
618,449,78,618,5/14/2026,3/27/2026 21:50,LOT-790-A2606
619,104,110,619,7/21/2027,1/12/2026 9:45,LOT-147-A6179
620,100,88,620,11/1/2027,4/7/2026 0:28,LOT-389-C9126
621,460,2,621,8/29/2026,1/15/2026 14:28,LOT-803-C4707
622,371,99,622,11/7/2027,2/13/2026 22:41,LOT-294-D6220
623,14,86,623,4/23/2027,3/13/2026 7:15,LOT-745-B3948
624,253,70,624,4/19/2026,2/11/2026 4:17,LOT-475-B7837
625,470,88,625,2/19/2027,1/4/2026 4:13,LOT-439-B4901
626,251,39,626,8/31/2026,1/30/2026 21:32,LOT-906-A2026
627,435,92,627,3/21/2026,3/19/2026 1:50,LOT-211-D4242
628,398,55,628,10/21/2027,3/24/2026 1:01,LOT-808-A7918
629,350,14,629,1/3/2028,3/7/2026 2:09,LOT-634-A6619
630,210,80,630,5/27/2027,1/26/2026 19:14,LOT-937-C1824
631,423,81,631,3/9/2026,2/25/2026 20:17,LOT-175-C2632
632,155,42,632,7/16/2027,1/31/2026 14:47,LOT-785-C9763
633,4,65,633,4/19/2026,3/5/2026 4:34,LOT-175-B2141
634,198,7,634,9/17/2027,1/21/2026 8:32,LOT-619-C4459
635,65,14,635,12/14/2027,2/21/2026 9:31,LOT-297-B9016
636,404,47,636,7/22/2026,3/11/2026 14:31,LOT-285-A4246
637,156,14,637,8/8/2026,1/2/2026 5:00,LOT-370-A8005
638,33,102,638,10/14/2027,1/17/2026 10:58,LOT-417-D6595
639,89,25,639,10/17/2025,1/14/2026 10:45,LOT-175-D6933
640,252,110,640,2/13/2026,1/23/2026 20:00,LOT-996-A2243
641,240,52,641,8/23/2027,1/18/2026 5:58,LOT-627-B1215
642,494,50,642,3/18/2026,2/6/2026 18:02,LOT-540-D3799
643,91,19,643,4/7/2026,4/5/2026 0:39,LOT-552-B6531
644,319,57,644,10/13/2027,2/24/2026 11:19,LOT-308-C4502
645,492,36,645,7/11/2026,2/16/2026 11:23,LOT-426-C6741
646,105,22,646,1/24/2026,3/10/2026 23:26,LOT-819-C9678
647,319,110,647,10/13/2027,3/11/2026 9:38,LOT-627-D6291
648,356,61,648,1/30/2027,3/7/2026 15:26,LOT-391-D7089
649,8,98,649,11/28/2026,3/22/2026 21:44,LOT-952-B2277
650,413,29,650,9/19/2026,1/31/2026 17:30,LOT-726-C4006
651,53,85,651,9/29/2026,4/5/2026 5:39,LOT-448-C1400
652,475,29,652,2/20/2026,1/13/2026 16:33,LOT-418-C7756
653,426,103,653,12/8/2027,1/27/2026 11:00,LOT-770-B1361
654,87,42,654,4/15/2027,1/5/2026 10:14,LOT-542-D6934
655,332,26,655,3/25/2026,2/27/2026 13:02,LOT-366-B3600
656,37,112,656,9/8/2026,4/4/2026 8:31,LOT-249-D7061
657,22,56,657,1/15/2027,3/3/2026 0:18,LOT-880-A9370
658,443,86,658,11/15/2027,3/28/2026 8:29,LOT-574-D4196
659,35,80,659,5/4/2026,4/5/2026 12:37,LOT-299-C5902
660,249,2,660,9/6/2026,2/25/2026 19:18,LOT-172-A6653
661,218,104,661,6/19/2027,3/29/2026 22:53,LOT-989-A6589
662,181,40,662,6/10/2026,1/25/2026 7:21,LOT-533-B1607
663,474,66,663,3/18/2026,3/14/2026 18:50,LOT-877-C9989
664,59,22,664,1/30/2027,4/5/2026 9:51,LOT-713-C6745
665,178,61,665,11/14/2026,3/11/2026 13:29,LOT-952-C5564
666,347,67,666,8/11/2026,4/5/2026 9:58,LOT-419-B7798
667,183,84,667,8/28/2027,3/27/2026 20:07,LOT-336-A6299
668,332,91,668,9/13/2026,2/10/2026 9:48,LOT-896-B6964
669,207,80,669,8/9/2026,3/18/2026 4:45,LOT-756-B9964
670,107,22,670,12/1/2027,2/6/2026 12:34,LOT-993-A8576
671,217,107,671,5/15/2026,1/12/2026 10:15,LOT-130-A1543
672,328,17,672,6/24/2026,1/14/2026 14:22,LOT-811-B3113
673,450,76,673,9/8/2027,4/7/2026 6:15,LOT-464-C1521
674,33,71,674,6/20/2027,3/22/2026 9:50,LOT-305-D9931
675,370,10,675,4/8/2026,3/13/2026 10:22,LOT-581-D5604
676,192,90,676,1/18/2027,2/17/2026 3:47,LOT-998-D5813
677,56,52,677,5/19/2026,1/25/2026 18:30,LOT-764-D3666
678,194,60,678,8/5/2027,3/2/2026 6:27,LOT-587-A6738
679,402,34,679,4/29/2027,1/23/2026 11:36,LOT-440-B3887
680,104,42,680,11/26/2026,3/3/2026 16:06,LOT-243-B8661
681,174,68,681,2/6/2026,1/25/2026 16:15,LOT-797-B8303
682,316,100,682,11/20/2027,3/7/2026 19:14,LOT-627-C7021
683,278,67,683,12/2/2026,2/19/2026 4:44,LOT-412-C8226
684,10,40,684,5/18/2026,3/20/2026 8:22,LOT-926-C2724
685,30,89,685,6/25/2026,2/7/2026 12:46,LOT-206-D5190
686,113,13,686,11/28/2027,3/2/2026 5:39,LOT-139-A1489
687,333,16,687,10/6/2027,1/19/2026 20:55,LOT-805-A5673
688,363,41,688,4/5/2027,2/26/2026 20:35,LOT-517-D7290
689,416,78,689,1/30/2027,2/25/2026 6:30,LOT-429-B8202
690,105,104,690,2/23/2026,2/16/2026 5:30,LOT-997-A3790
691,349,2,691,10/12/2027,1/14/2026 17:29,LOT-978-B3836
692,252,24,692,8/8/2026,3/6/2026 4:05,LOT-351-B5868
693,203,26,693,3/22/2026,3/29/2026 20:14,LOT-376-A1987
694,496,62,694,3/25/2026,3/7/2026 23:11,LOT-340-C5636
695,367,68,695,3/26/2027,3/4/2026 18:19,LOT-546-C2644
696,78,5,696,4/15/2026,3/14/2026 0:33,LOT-964-D6410
697,344,13,697,5/9/2026,2/3/2026 4:08,LOT-924-A7512
698,104,47,698,11/16/2026,4/2/2026 23:06,LOT-512-A4984
699,9,5,699,4/6/2026,3/9/2026 13:56,LOT-385-C9163
700,403,4,700,11/19/2027,1/28/2026 7:45,LOT-521-D8933
701,494,48,701,9/6/2027,3/11/2026 12:25,LOT-956-B7108
702,458,31,702,8/26/2026,1/26/2026 12:52,LOT-763-B7920
703,373,107,703,5/31/2026,3/22/2026 20:52,LOT-362-A4708
704,479,57,704,1/18/2028,2/22/2026 11:38,LOT-752-A1462
705,287,84,705,10/10/2026,1/20/2026 23:58,LOT-135-A7193
706,408,87,706,10/7/2026,2/12/2026 8:58,LOT-395-B9403
707,284,56,707,11/26/2026,3/4/2026 9:28,LOT-459-B3953
708,174,33,708,10/31/2026,3/9/2026 19:01,LOT-997-C2786
709,386,106,709,2/23/2028,3/23/2026 8:49,LOT-797-A4610
710,324,63,710,1/3/2027,1/11/2026 21:12,LOT-200-B9853
711,393,55,711,8/28/2026,3/27/2026 2:17,LOT-984-D2532
712,406,18,712,6/13/2027,2/17/2026 4:17,LOT-770-B1039
713,298,88,713,6/8/2026,3/28/2026 23:01,LOT-811-D9721
714,418,113,714,4/4/2026,2/7/2026 18:01,LOT-420-C9786
715,199,25,715,12/24/2027,3/23/2026 17:02,LOT-707-B2022
716,267,19,716,3/1/2026,1/21/2026 19:03,LOT-506-B3484
717,159,32,717,5/2/2027,3/12/2026 1:57,LOT-195-C1502
718,157,73,718,12/14/2027,1/12/2026 13:57,LOT-895-C2874
719,31,32,719,4/29/2026,1/30/2026 13:22,LOT-307-C6385
720,265,78,720,7/27/2027,1/18/2026 21:24,LOT-226-D8068
721,131,46,721,3/29/2026,3/11/2026 18:35,LOT-768-D4069
722,77,74,722,3/25/2026,3/11/2026 5:47,LOT-651-C1592
723,480,77,723,2/19/2027,2/17/2026 13:36,LOT-202-C6513
724,414,47,724,12/5/2026,2/14/2026 19:15,LOT-866-C1451
725,327,66,725,10/4/2027,1/12/2026 13:21,LOT-602-C8713
726,112,73,726,11/7/2027,3/24/2026 11:00,LOT-849-C8582
727,21,10,727,12/13/2027,1/4/2026 3:50,LOT-872-C9415
728,52,40,728,9/7/2027,1/21/2026 6:16,LOT-412-B8895
729,63,44,729,10/8/2026,1/2/2026 0:20,LOT-554-B4185
730,135,66,730,3/15/2026,2/18/2026 12:35,LOT-413-C7119
731,220,40,731,12/29/2026,2/18/2026 12:12,LOT-732-D1850
732,397,37,732,3/12/2026,1/17/2026 18:07,LOT-808-D4657
733,297,108,733,10/18/2027,3/13/2026 14:20,LOT-856-D7777
734,9,66,734,3/31/2027,3/6/2026 11:32,LOT-812-C8866
735,323,64,735,2/28/2026,1/6/2026 22:44,LOT-770-B5368
736,290,75,736,12/30/2026,2/6/2026 21:52,LOT-360-C9553
737,52,103,737,3/7/2028,3/18/2026 13:37,LOT-670-D7841
738,193,60,738,4/1/2026,3/24/2026 10:26,LOT-482-D4843
739,349,111,739,2/4/2028,3/9/2026 1:00,LOT-319-D9335
740,306,20,740,3/1/2027,1/24/2026 18:04,LOT-779-B6767
741,350,21,741,4/18/2026,2/22/2026 7:14,LOT-949-A5030
742,415,59,742,9/8/2026,2/19/2026 3:36,LOT-858-C1821
743,265,17,743,3/27/2027,1/11/2026 19:26,LOT-906-D3445
744,225,71,744,4/23/2026,1/14/2026 4:43,LOT-417-A6895
745,375,11,745,4/16/2027,2/12/2026 17:32,LOT-218-A4137
746,190,63,746,12/10/2027,4/6/2026 8:07,LOT-894-B3292
747,152,32,747,10/18/2027,3/25/2026 11:24,LOT-429-D5910
748,312,107,748,5/21/2027,4/6/2026 20:30,LOT-137-A5085
749,435,74,749,4/3/2026,1/27/2026 9:00,LOT-906-D8922
750,263,59,750,4/28/2027,4/3/2026 5:23,LOT-872-C6610
751,383,75,751,2/15/2026,1/26/2026 6:03,LOT-416-C8089
752,445,29,752,4/23/2026,1/23/2026 14:25,LOT-552-A2642
753,469,93,753,3/6/2026,1/5/2026 13:49,LOT-725-D8804
754,397,55,754,1/9/2027,1/13/2026 14:20,LOT-738-D8808
755,242,29,755,3/16/2026,2/28/2026 23:08,LOT-715-D8281
756,146,83,756,1/4/2028,1/27/2026 14:34,LOT-746-B4896
757,143,27,757,4/12/2026,4/5/2026 10:22,LOT-251-C9499
758,352,79,758,3/26/2026,1/28/2026 23:41,LOT-897-A8309
759,104,82,759,9/6/2027,2/21/2026 8:47,LOT-374-A2361
760,380,78,760,2/13/2026,3/19/2026 12:43,LOT-578-A4318
761,43,99,761,3/12/2026,2/23/2026 11:42,LOT-716-A1790
762,284,84,762,6/21/2027,1/4/2026 18:05,LOT-661-D8615
763,41,42,763,6/27/2026,3/8/2026 17:24,LOT-114-A5390
764,359,2,764,3/12/2026,2/2/2026 11:37,LOT-378-B4590
765,221,24,765,4/21/2027,1/25/2026 23:36,LOT-501-C4002
766,398,78,766,2/25/2026,1/24/2026 17:36,LOT-521-A9948
767,85,61,767,1/15/2026,1/22/2026 22:24,LOT-413-D6066
768,408,79,768,12/13/2027,1/31/2026 17:47,LOT-659-B6092
769,395,24,769,10/19/2027,3/29/2026 22:08,LOT-874-D4954
770,210,79,770,4/30/2027,2/26/2026 10:18,LOT-189-C7595
771,480,77,771,6/20/2027,3/22/2026 7:23,LOT-932-A3041
772,119,2,772,12/20/2026,3/30/2026 0:17,LOT-598-B1724
773,306,16,773,4/12/2026,1/25/2026 21:44,LOT-738-A9297
774,95,56,774,11/27/2026,1/15/2026 16:47,LOT-516-B8399
775,392,105,775,3/29/2026,2/27/2026 9:48,LOT-385-B3068
776,266,3,776,4/2/2027,1/13/2026 19:13,LOT-435-A5904
777,246,17,777,9/24/2026,3/21/2026 8:47,LOT-240-C9379
778,48,110,778,4/24/2026,2/10/2026 8:14,LOT-349-C2219
779,465,101,779,9/27/2026,1/10/2026 5:11,LOT-653-C8339
780,411,4,780,2/8/2027,3/12/2026 0:18,LOT-159-A7013
781,169,82,781,3/16/2027,1/9/2026 22:53,LOT-478-D1020
782,214,1,782,3/13/2026,2/3/2026 12:37,LOT-667-A7206
783,437,53,783,4/19/2026,2/18/2026 12:20,LOT-321-D7953
784,493,81,784,2/3/2028,2/22/2026 19:31,LOT-942-A6966
785,464,85,785,5/12/2026,3/22/2026 14:11,LOT-846-A9065
786,85,38,786,12/20/2026,3/4/2026 1:02,LOT-702-D8791
787,393,84,787,6/7/2027,1/3/2026 5:57,LOT-377-B5981
788,6,79,788,1/14/2028,3/20/2026 3:08,LOT-848-D5701
789,428,80,789,5/17/2026,3/5/2026 3:51,LOT-711-D7003
790,319,100,790,4/10/2026,1/31/2026 21:05,LOT-292-A2497
791,222,113,791,6/17/2027,3/10/2026 3:52,LOT-790-D4972
792,345,42,792,5/12/2027,2/17/2026 22:23,LOT-397-A7404
793,78,39,793,7/21/2026,1/11/2026 18:16,LOT-198-A1168
794,382,48,794,9/25/2026,4/8/2026 8:38,LOT-272-B6565
795,205,47,795,9/15/2026,1/20/2026 23:38,LOT-491-C7767
796,500,41,796,1/2/2027,1/28/2026 8:03,LOT-137-B2910
797,189,30,797,5/26/2026,2/24/2026 16:57,LOT-819-D2799
798,65,16,798,10/18/2027,1/5/2026 9:35,LOT-204-C1657
799,357,53,799,2/11/2027,3/27/2026 5:39,LOT-284-C6751
800,397,39,800,10/11/2026,3/29/2026 10:58,LOT-529-B1322
801,418,112,801,8/17/2026,4/2/2026 12:36,LOT-147-D7859
802,428,36,802,1/8/2028,3/29/2026 2:39,LOT-678-D9642
803,66,44,803,12/28/2026,1/8/2026 9:38,LOT-502-D1899
804,145,92,804,1/15/2027,1/24/2026 16:50,LOT-634-D8149
805,298,23,805,8/11/2027,3/25/2026 17:43,LOT-279-C7062
806,433,60,806,4/24/2026,3/23/2026 8:29,LOT-395-C3076
807,413,46,807,12/25/2027,3/16/2026 12:51,LOT-339-C9532
808,59,29,808,3/25/2026,3/10/2026 12:40,LOT-310-D9108
809,177,25,809,3/24/2026,1/24/2026 13:41,LOT-222-D5701
810,17,55,810,2/17/2027,2/24/2026 4:41,LOT-969-C1439
811,443,65,811,12/10/2026,3/14/2026 4:46,LOT-494-D1622
812,58,48,812,7/7/2027,3/22/2026 12:22,LOT-940-D8311
813,381,109,813,9/2/2027,4/3/2026 16:08,LOT-988-A2039
814,334,2,814,12/15/2026,2/2/2026 19:20,LOT-179-C7511
815,196,86,815,1/13/2027,3/19/2026 12:50,LOT-691-C9228
816,377,84,816,11/1/2027,3/3/2026 17:49,LOT-794-C6617
817,346,94,817,9/1/2026,1/14/2026 7:57,LOT-343-D3864
818,91,84,818,2/26/2028,4/2/2026 1:42,LOT-923-B9462
819,79,66,819,5/18/2026,3/21/2026 13:55,LOT-358-D1901
820,24,89,820,4/9/2026,3/22/2026 22:55,LOT-375-C2008
821,261,52,821,9/11/2027,2/19/2026 19:18,LOT-203-A2200
822,368,86,822,1/8/2028,2/20/2026 0:58,LOT-593-A4867
823,145,30,823,1/11/2028,4/5/2026 11:37,LOT-397-A3786
824,465,71,824,3/21/2028,3/26/2026 9:38,LOT-436-A1921
825,108,87,825,2/5/2028,4/5/2026 23:33,LOT-475-D3205
826,15,93,826,2/15/2026,1/23/2026 15:07,LOT-799-B9446
827,443,91,827,12/12/2027,2/23/2026 10:56,LOT-381-B2716
828,177,21,828,8/14/2027,1/8/2026 13:57,LOT-393-A5436
829,447,12,829,6/21/2026,3/8/2026 18:59,LOT-305-B9674
830,229,39,830,12/28/2026,3/12/2026 0:07,LOT-619-B4694
831,7,6,831,5/14/2026,2/11/2026 0:04,LOT-271-B6338
832,30,2,832,10/31/2026,4/4/2026 7:02,LOT-916-C7900
833,144,107,833,5/12/2027,2/7/2026 8:10,LOT-990-D2899
834,361,2,834,7/3/2026,2/9/2026 7:54,LOT-359-B6763
835,98,15,835,6/25/2027,3/29/2026 14:58,LOT-694-C2273
836,289,79,836,6/20/2026,1/11/2026 12:33,LOT-260-D8744
837,57,113,837,1/19/2027,3/1/2026 22:10,LOT-669-B5444
838,31,9,838,5/30/2027,1/28/2026 17:24,LOT-496-D8344
839,305,17,839,7/13/2027,3/11/2026 23:09,LOT-591-D6057
840,240,17,840,10/11/2026,3/2/2026 19:01,LOT-752-B3540
841,342,3,841,10/2/2026,3/7/2026 11:55,LOT-383-B8562
842,138,61,842,2/16/2026,1/12/2026 8:32,LOT-180-C9116
843,291,103,843,8/29/2027,3/20/2026 8:59,LOT-922-A2041
844,185,91,844,11/3/2026,1/2/2026 15:48,LOT-679-A9979
845,378,39,845,8/16/2027,3/30/2026 2:13,LOT-292-D3238
846,320,7,846,7/1/2027,1/6/2026 16:20,LOT-939-D7202
847,307,67,847,2/24/2026,2/12/2026 8:04,LOT-449-A2487
848,9,74,848,12/29/2027,2/10/2026 12:19,LOT-190-C7479
849,265,9,849,5/9/2027,1/15/2026 4:05,LOT-799-D7805
850,117,75,850,6/3/2026,1/19/2026 0:47,LOT-596-B1904
851,404,35,851,7/18/2027,1/21/2026 21:50,LOT-531-D9572
852,434,99,852,1/11/2027,3/23/2026 7:10,LOT-688-D2177
853,438,75,853,6/12/2026,3/3/2026 15:34,LOT-974-B5791
854,283,1,854,11/8/2027,1/8/2026 7:11,LOT-688-A8183
855,87,98,855,4/25/2027,3/31/2026 2:35,LOT-636-C8469
856,53,43,856,4/5/2027,3/31/2026 17:31,LOT-428-C4824
857,197,98,857,6/22/2027,1/17/2026 13:29,LOT-740-A8064
858,254,90,858,9/19/2026,2/26/2026 5:48,LOT-907-B6805
859,169,91,859,8/30/2026,1/15/2026 16:10,LOT-683-D2314
860,488,91,860,7/26/2026,1/26/2026 14:12,LOT-367-B6444
861,303,49,861,6/8/2026,1/3/2026 2:06,LOT-334-A6081
862,479,10,862,2/7/2028,3/9/2026 0:27,LOT-562-D9087
863,328,10,863,4/16/2027,3/18/2026 12:41,LOT-393-C4001
864,173,44,864,3/15/2027,3/17/2026 7:16,LOT-609-B7299
865,311,15,865,7/4/2026,2/20/2026 1:11,LOT-501-D2769
866,462,46,866,12/11/2026,3/25/2026 4:46,LOT-270-A7392
867,500,13,867,5/15/2026,3/25/2026 15:58,LOT-481-A7497
868,418,111,868,6/16/2027,1/28/2026 13:14,LOT-863-D1784
869,427,106,869,8/22/2026,1/7/2026 2:52,LOT-975-D3467
870,334,40,870,7/19/2027,1/3/2026 1:30,LOT-393-C3281
871,244,25,871,8/14/2026,3/29/2026 17:33,LOT-754-B1683
872,312,107,872,3/11/2026,2/12/2026 21:15,LOT-584-D7381
873,398,7,873,4/27/2027,1/22/2026 21:30,LOT-430-B9597
874,82,52,874,11/12/2027,3/30/2026 20:20,LOT-474-A2137
875,385,55,875,4/10/2026,2/27/2026 5:53,LOT-838-B3028
876,10,50,876,2/17/2027,1/9/2026 16:10,LOT-658-C4759
877,221,87,877,7/30/2027,4/4/2026 0:21,LOT-955-A7944
878,128,87,878,3/1/2026,1/31/2026 6:07,LOT-459-D9597
879,369,96,879,4/18/2026,1/26/2026 4:59,LOT-109-B3607
880,4,64,880,4/18/2026,3/30/2026 12:34,LOT-965-C2413
881,430,10,881,9/7/2026,2/17/2026 4:09,LOT-475-B1606
882,110,27,882,11/12/2027,4/8/2026 9:17,LOT-812-C5432
883,92,107,883,1/22/2026,1/29/2026 6:35,LOT-485-B1988
884,375,8,884,2/3/2026,2/16/2026 14:39,LOT-514-D3524
885,185,80,885,5/30/2027,3/30/2026 16:15,LOT-867-D5247
886,323,47,886,10/9/2026,3/22/2026 9:08,LOT-888-C9322
887,384,22,887,1/6/2027,1/25/2026 18:46,LOT-252-A6890
888,396,111,888,7/13/2027,1/31/2026 18:24,LOT-723-C4101
889,11,41,889,2/12/2027,1/4/2026 8:21,LOT-388-A9710
890,249,76,890,3/2/2028,3/7/2026 12:49,LOT-993-B6040
891,108,88,891,11/1/2027,2/9/2026 14:41,LOT-698-C2685
892,462,34,892,10/7/2026,2/5/2026 22:48,LOT-399-A6324
893,92,7,893,9/26/2026,1/3/2026 18:58,LOT-761-C8951
894,108,51,894,5/11/2027,2/1/2026 18:22,LOT-644-D2345
895,364,29,895,8/7/2026,3/14/2026 7:13,LOT-497-C8748
896,129,83,896,11/25/2026,1/16/2026 20:40,LOT-710-C8617
897,107,68,897,3/6/2026,1/25/2026 14:52,LOT-724-B1860
898,84,55,898,4/8/2027,1/26/2026 7:40,LOT-616-C2244
899,362,7,899,7/4/2027,3/15/2026 20:04,LOT-292-D9988
900,381,76,900,12/7/2027,2/3/2026 4:04,LOT-263-B5756
901,63,23,901,1/9/2026,1/4/2026 21:17,LOT-611-C6487
902,21,90,902,9/17/2026,3/4/2026 2:40,LOT-761-B7736
903,62,62,903,5/4/2027,3/1/2026 10:02,LOT-931-C9547
904,281,32,904,6/2/2027,3/21/2026 12:27,LOT-581-A4594
905,330,103,905,2/9/2027,2/12/2026 18:47,LOT-745-A9584
906,107,19,906,7/29/2026,1/6/2026 0:20,LOT-601-A3544
907,94,9,907,5/28/2026,3/18/2026 15:46,LOT-550-C3164
908,439,47,908,12/14/2027,2/28/2026 13:24,LOT-637-C3358
909,195,94,909,11/2/2027,1/3/2026 21:45,LOT-446-A2894
910,82,82,910,8/31/2027,1/17/2026 12:23,LOT-165-A3071
911,248,33,911,8/7/2027,1/8/2026 0:43,LOT-171-C5287
912,302,68,912,1/12/2027,1/12/2026 2:37,LOT-436-B6240
913,316,54,913,8/19/2026,3/9/2026 21:41,LOT-165-A5650
914,439,3,914,6/14/2027,1/26/2026 21:23,LOT-188-B8716
915,138,13,915,10/17/2027,4/8/2026 20:50,LOT-164-D8107
916,110,32,916,4/10/2026,3/7/2026 7:14,LOT-802-B2936
917,4,1,917,7/17/2026,2/21/2026 21:19,LOT-164-A1684
918,179,58,918,12/21/2026,2/12/2026 2:04,LOT-173-D2857
919,247,78,919,7/18/2026,1/28/2026 19:23,LOT-777-A6277
920,467,51,920,5/25/2026,4/6/2026 0:06,LOT-753-A7401
921,269,25,921,2/24/2027,1/25/2026 20:55,LOT-427-B1241
922,422,113,922,9/25/2027,4/8/2026 6:17,LOT-854-A5507
923,451,67,923,9/20/2027,2/17/2026 4:29,LOT-762-B9205
924,231,49,924,1/27/2027,3/13/2026 13:16,LOT-823-B7587
925,162,40,925,5/5/2026,3/21/2026 5:13,LOT-892-B6459
926,61,88,926,9/2/2027,2/1/2026 10:00,LOT-315-D7688
927,410,44,927,3/24/2026,2/17/2026 19:01,LOT-457-A4523
928,422,1,928,4/6/2026,1/18/2026 7:03,LOT-874-D7843
929,8,34,929,4/10/2027,3/18/2026 18:11,LOT-142-B2816
930,444,59,930,1/12/2027,1/13/2026 3:39,LOT-416-C5284
931,187,111,931,2/16/2026,1/16/2026 20:46,LOT-200-C9303
932,19,19,932,8/16/2026,1/15/2026 23:21,LOT-985-B9176
933,265,53,933,8/2/2026,2/18/2026 21:06,LOT-941-B4142
934,175,51,934,3/25/2026,2/1/2026 5:48,LOT-669-D7609
935,409,105,935,2/4/2027,3/3/2026 1:34,LOT-444-A6456
936,131,103,936,7/13/2027,2/2/2026 1:13,LOT-368-B9111
937,9,67,937,5/22/2027,3/16/2026 15:23,LOT-274-C2139
938,217,19,938,6/1/2027,1/23/2026 22:04,LOT-954-B4757
939,352,62,939,3/13/2027,1/25/2026 21:28,LOT-777-A1686
940,16,14,940,6/12/2027,2/13/2026 14:55,LOT-219-D3675
941,420,20,941,3/10/2027,1/10/2026 19:21,LOT-875-A6558
942,333,53,942,7/4/2027,3/22/2026 8:23,LOT-737-D4150
943,174,102,943,9/5/2027,2/17/2026 4:07,LOT-594-C9521
944,367,111,944,4/23/2027,3/29/2026 22:04,LOT-841-D9541
945,498,71,945,7/30/2026,2/26/2026 4:16,LOT-175-C1900
946,27,18,946,3/9/2026,2/11/2026 22:01,LOT-261-B5306
947,307,41,947,1/19/2028,3/27/2026 1:57,LOT-462-D3963
948,445,97,948,7/21/2027,1/21/2026 20:43,LOT-177-C6683
949,70,15,949,7/1/2026,1/9/2026 21:53,LOT-124-D2222
950,368,8,950,2/18/2028,4/7/2026 19:22,LOT-720-B1614
951,218,34,951,3/30/2026,2/11/2026 15:04,LOT-627-C2506
952,214,33,952,5/25/2027,1/15/2026 3:23,LOT-598-C6265
953,350,5,953,1/14/2027,2/15/2026 10:09,LOT-806-D8095
954,168,38,954,2/17/2026,1/24/2026 14:34,LOT-870-B9626
955,477,55,955,9/30/2027,4/5/2026 11:44,LOT-775-B6064
956,1,47,956,10/23/2026,1/17/2026 21:01,LOT-304-D7799
957,175,50,957,10/3/2027,1/25/2026 20:03,LOT-558-D1701
958,487,6,958,12/24/2026,4/4/2026 7:04,LOT-884-A5353
959,218,24,959,9/18/2026,3/28/2026 17:04,LOT-677-C2089
960,273,54,960,7/24/2026,3/25/2026 10:53,LOT-226-B3012
961,212,68,961,1/11/2027,1/27/2026 12:13,LOT-793-C6838
962,139,12,962,12/31/2026,1/9/2026 8:39,LOT-444-D9907
963,449,32,963,9/7/2026,4/6/2026 8:39,LOT-294-D3766
964,456,45,964,10/4/2026,1/16/2026 7:20,LOT-170-B9629
965,411,8,965,7/13/2027,1/24/2026 19:17,LOT-761-B1409
966,461,91,966,10/25/2027,3/27/2026 0:02,LOT-866-A8073
967,161,74,967,6/21/2026,2/18/2026 21:50,LOT-918-B2110
968,311,45,968,11/11/2027,4/6/2026 6:33,LOT-865-B5549
969,424,72,969,8/14/2027,1/4/2026 21:02,LOT-201-C8670
970,206,91,970,4/22/2026,2/21/2026 9:27,LOT-811-B4379
971,95,23,971,11/16/2027,2/25/2026 8:26,LOT-253-C5540
972,335,94,972,9/18/2027,3/20/2026 5:55,LOT-232-D9060
973,130,47,973,4/2/2026,3/29/2026 3:34,LOT-662-C3660
974,234,5,974,12/18/2025,3/14/2026 15:14,LOT-255-B5613
975,385,72,975,2/23/2026,1/10/2026 1:19,LOT-181-B1266
976,397,42,976,11/14/2027,1/25/2026 9:31,LOT-634-C5322
977,161,68,977,8/14/2026,1/5/2026 12:52,LOT-479-D4325
978,383,112,978,2/10/2027,2/2/2026 0:28,LOT-652-A1931
979,379,83,979,11/26/2027,2/10/2026 20:25,LOT-597-B9088
980,202,32,980,9/23/2026,3/4/2026 22:44,LOT-144-C5734
981,437,34,981,11/22/2027,2/16/2026 19:20,LOT-960-D9028
982,176,90,982,6/19/2026,3/12/2026 10:03,LOT-600-D2642
983,313,45,983,5/26/2026,3/29/2026 2:57,LOT-524-B9850
984,383,12,984,2/24/2027,1/4/2026 0:45,LOT-722-B1769
985,234,76,985,7/24/2027,2/5/2026 12:17,LOT-394-C2706
986,66,105,986,3/17/2026,3/6/2026 14:29,LOT-787-A2622
987,334,69,987,3/4/2026,2/28/2026 0:35,LOT-255-A3492
988,295,104,988,1/14/2027,4/7/2026 14:04,LOT-256-C5424
989,147,33,989,5/20/2027,4/5/2026 13:59,LOT-866-A5350
990,247,16,990,2/8/2027,3/13/2026 9:05,LOT-921-D8833
991,245,101,991,9/24/2027,1/11/2026 21:30,LOT-205-B8889
992,464,43,992,12/25/2027,1/31/2026 4:12,LOT-578-C3877
993,67,88,993,3/27/2026,2/11/2026 12:11,LOT-253-B5352
994,5,9,994,9/4/2026,2/27/2026 15:12,LOT-240-A6004
995,293,105,995,9/16/2027,4/4/2026 0:16,LOT-760-C7516
996,90,113,996,12/6/2026,3/31/2026 0:49,LOT-572-A9276
997,231,60,997,10/16/2027,4/8/2026 2:55,LOT-575-B4869
998,223,2,998,10/28/2027,2/14/2026 1:41,LOT-939-D3395
999,164,110,999,2/18/2026,1/16/2026 16:01,LOT-783-C6601
1000,246,83,1000,2/5/2027,3/18/2026 6:38,LOT-651-B6159
