OrderID,UserID,SupplyRequestID,OrderStatusID,Quantity,UnitPrice,CreatedAt,UpdatedAt,TotalAmount
1,139,,4,3,52.06,12/22/2025 1:14,12/26/2025 1:14,156.18
2,256,,2,6,128.96,2/2/2026 3:31,2/3/2026 9:31,773.76
3,36,,1,1.97,147.23,1/21/2026 2:57,1/21/2026 14:57,290.04
4,251,,4,2,39.16,2/14/2026 17:39,2/16/2026 17:39,78.32
5,22,,4,6,121.22,3/18/2026 15:57,3/20/2026 15:57,727.32
6,37,,3,5,114.59,1/13/2026 12:32,1/13/2026 12:43,572.95
7,198,,5,4.71,88.58,3/6/2026 20:49,3/6/2026 21:49,417.21
8,236,,4,5,40.32,1/15/2026 14:28,1/17/2026 14:28,201.6
9,136,,4,1,33.28,1/20/2026 8:53,1/23/2026 8:53,33.28
10,191,,3,337.6,78.55,2/22/2026 12:43,2/22/2026 13:07,26518.48
11,216,,3,5,39.08,2/10/2026 12:54,2/10/2026 13:01,195.4
12,254,,4,1.56,660.04,3/31/2026 15:21,4/2/2026 15:21,1029.66
13,211,,3,5,47.08,3/8/2026 10:46,3/8/2026 11:14,235.4
14,208,,1,6,84.36,2/10/2026 4:58,2/11/2026 0:58,506.16
15,273,,3,7,130.6,1/21/2026 0:45,1/21/2026 0:46,914.2
16,270,,4,4,27.55,3/21/2026 11:17,3/25/2026 11:17,110.2
17,93,,1,2,194.88,3/3/2026 16:05,3/4/2026 15:05,389.76
18,50,,1,3,50.11,3/6/2026 20:52,3/7/2026 8:52,150.33
19,26,,4,8,137.82,1/29/2026 14:38,1/31/2026 14:38,1102.56
20,94,,4,1,3397.01,1/2/2026 12:46,1/5/2026 12:46,3397.01
21,76,,4,9,89.05,3/18/2026 16:21,3/20/2026 16:21,801.45
22,294,,5,4,103.2,2/4/2026 6:35,2/4/2026 9:35,412.8
23,216,,4,7,93.67,12/23/2025 4:13,12/25/2025 4:13,655.69
24,23,,4,1,139.95,1/1/2026 23:04,1/4/2026 23:04,139.95
25,61,,4,3,36.25,2/22/2026 19:29,2/26/2026 19:29,108.75
26,172,,3,10,147.82,3/7/2026 12:54,3/7/2026 13:16,1478.2
27,253,,3,8,63.85,2/13/2026 16:33,2/13/2026 16:45,510.8
28,298,,1,9,168.64,3/22/2026 11:40,3/22/2026 20:40,1517.76
29,98,,2,10,131.58,1/1/2026 18:22,1/2/2026 22:22,1315.8
30,6,,4,4,48.21,2/9/2026 5:51,2/12/2026 5:51,192.84
31,298,,1,3,120.2,1/2/2026 3:06,1/3/2026 2:06,360.6
32,243,,3,6,127.53,12/25/2025 19:20,12/25/2025 19:40,765.18
33,332,,3,5,81.79,1/25/2026 22:33,1/25/2026 22:39,408.95
34,170,,4,2,82.11,3/16/2026 12:54,3/17/2026 12:54,164.22
35,128,,3,7,172.75,1/10/2026 13:59,1/10/2026 14:12,1209.25
36,202,,3,5,55.77,1/10/2026 2:26,1/10/2026 2:38,278.85
37,190,,3,10,568.44,2/5/2026 15:58,2/5/2026 16:13,5684.4
38,98,,5,8,78.02,3/13/2026 15:28,3/13/2026 17:28,624.16
39,197,,5,8,52.06,2/10/2026 22:44,2/11/2026 2:44,416.48
40,325,,4,5,96.82,3/19/2026 6:57,3/20/2026 6:57,484.1
41,105,,4,4,4551.65,1/5/2026 0:42,1/9/2026 0:42,18206.6
42,214,,1,7,68.54,1/17/2026 19:57,1/18/2026 4:57,479.78
43,117,,3,2,190.88,3/10/2026 22:29,3/10/2026 22:34,381.76
44,97,,3,8,85.33,2/21/2026 17:10,2/21/2026 17:33,682.64
45,303,,5,324.86,147.07,2/14/2026 19:39,2/14/2026 23:39,47777.16
46,320,,2,3,128.28,3/4/2026 16:57,3/5/2026 16:57,384.84
47,149,,4,2.86,28.15,3/21/2026 20:08,3/22/2026 20:08,80.51
48,228,,5,5,42.62,2/1/2026 20:28,2/2/2026 0:28,213.1
49,10,,4,3,50.24,1/25/2026 17:34,1/26/2026 17:34,150.72
50,171,,4,2,87.62,2/14/2026 3:09,2/16/2026 3:09,175.24
51,187,,1,3,277.09,2/12/2026 22:00,2/13/2026 5:00,831.27
52,18,,5,6,105.91,2/24/2026 9:15,2/24/2026 11:15,635.46
53,194,,4,8,38.52,2/6/2026 9:12,2/8/2026 9:12,308.16
54,259,,4,10,43.79,3/8/2026 3:51,3/11/2026 3:51,437.9
55,225,,3,3,43.79,12/23/2025 7:57,12/23/2025 8:01,131.37
56,15,,3,2.37,108.13,3/5/2026 10:32,3/5/2026 10:47,256.27
57,165,,3,10,580.1,2/10/2026 14:38,2/10/2026 14:53,5801
58,171,,4,4,89.05,2/22/2026 17:21,2/24/2026 17:21,356.2
59,209,,5,6,130.67,1/27/2026 11:44,1/27/2026 14:44,784.02
60,48,,4,4,62,3/31/2026 22:22,4/2/2026 22:22,248
61,177,,4,4,116.26,3/11/2026 1:13,3/15/2026 1:13,465.04
62,81,,4,4,147.07,2/12/2026 2:34,2/14/2026 2:34,588.28
63,304,,4,161.01,5288.43,2/21/2026 13:03,2/24/2026 13:03,851490.11
64,203,,4,0.72,174.68,3/12/2026 10:57,3/14/2026 10:57,125.77
65,313,,5,8,4054.21,1/11/2026 11:42,1/11/2026 14:42,32433.68
66,67,,1,10,98.82,1/5/2026 23:37,1/6/2026 19:37,988.2
67,24,,4,1,41.62,3/8/2026 11:34,3/12/2026 11:34,41.62
68,186,,1,9,39.16,1/28/2026 4:44,1/29/2026 3:44,352.44
69,48,,1,7,88.9,2/7/2026 6:40,2/7/2026 17:40,622.3
70,324,,4,3,90.48,2/5/2026 19:54,2/8/2026 19:54,271.44
71,332,,1,3,75.87,3/4/2026 0:37,3/4/2026 6:37,227.61
72,81,,5,6,1001.98,3/11/2026 9:39,3/11/2026 13:39,6011.88
73,146,,4,4,193.28,1/30/2026 2:10,2/2/2026 2:10,773.12
74,178,,4,55.11,81.87,12/31/2025 9:45,1/3/2026 9:45,4511.86
75,308,,1,5,153.08,3/30/2026 5:38,3/30/2026 17:38,765.4
76,71,,4,3,89.54,2/9/2026 7:02,2/12/2026 7:02,268.62
77,89,,4,2,158.64,3/14/2026 11:31,3/18/2026 11:31,317.28
78,199,,1,7,45.05,1/5/2026 16:56,1/6/2026 14:56,315.35
79,289,,1,8,98.82,3/27/2026 11:18,3/27/2026 19:18,790.56
80,179,,4,1,162.8,2/26/2026 4:41,3/2/2026 4:41,162.8
81,73,,3,4,192.93,12/23/2025 20:05,12/23/2025 20:19,771.72
82,213,,4,1,20.53,3/15/2026 1:22,3/17/2026 1:22,20.53
83,305,,4,7,188.21,3/16/2026 6:20,3/17/2026 6:20,1317.47
84,136,,3,6,179.44,1/15/2026 3:42,1/15/2026 4:02,1076.64
85,235,,5,2,175.29,3/4/2026 9:36,3/4/2026 12:36,350.58
86,220,,5,3,116.72,3/28/2026 10:36,3/28/2026 15:36,350.16
87,155,,3,8,40.88,2/16/2026 18:47,2/16/2026 19:15,327.04
88,287,,1,7,160.77,3/28/2026 22:51,3/29/2026 15:51,1125.39
89,147,,3,4.27,63.9,2/9/2026 17:12,2/9/2026 17:39,272.85
90,93,,3,3,142.47,3/23/2026 17:59,3/23/2026 18:23,427.41
91,213,,4,6,109.24,1/16/2026 0:06,1/19/2026 0:06,655.44
92,95,,5,7,143.78,2/15/2026 17:45,2/15/2026 22:45,1006.46
93,25,,3,7,6416.47,12/26/2025 19:48,12/26/2025 20:03,44915.29
94,241,,4,1,277.09,2/26/2026 10:59,3/2/2026 10:59,277.09
95,166,,4,4,3323.47,1/26/2026 16:02,1/27/2026 16:02,13293.88
96,162,,4,259.75,34.1,3/7/2026 13:19,3/8/2026 13:19,8857.48
97,311,,1,6,120.56,1/2/2026 13:48,1/3/2026 6:48,723.36
98,249,,3,9,167.05,1/21/2026 16:48,1/21/2026 16:59,1503.45
99,204,,1,2,78.44,2/8/2026 22:52,2/9/2026 19:52,156.88
100,30,,3,1.05,146.81,1/19/2026 2:40,1/19/2026 2:57,154.15
101,326,,4,2,81.79,1/17/2026 8:01,1/20/2026 8:01,163.58
102,99,,4,0.92,73.02,3/6/2026 6:55,3/10/2026 6:55,67.18
103,66,,1,1,139.24,2/21/2026 21:51,2/22/2026 12:51,139.24
104,252,,1,10,90.1,3/12/2026 9:41,3/12/2026 17:41,901
105,257,,3,9,213.74,1/11/2026 11:07,1/11/2026 11:15,1923.66
106,323,,4,3,127.41,1/11/2026 10:13,1/12/2026 10:13,382.23
107,272,,5,10,32.09,1/29/2026 10:10,1/29/2026 11:10,320.9
108,263,,4,9,124.86,3/18/2026 9:04,3/20/2026 9:04,1123.74
109,17,,5,8,121.21,1/18/2026 2:52,1/18/2026 7:52,969.68
110,56,,3,10,140.48,3/8/2026 19:45,3/8/2026 20:13,1404.8
111,5,,3,7,150.69,3/16/2026 20:16,3/16/2026 20:26,1054.83
112,35,,3,4,125.56,1/15/2026 20:50,1/15/2026 21:10,502.24
113,218,,1,1,64.31,2/20/2026 21:06,2/21/2026 7:06,64.31
114,106,,5,3.91,123.21,3/7/2026 4:00,3/7/2026 6:00,481.75
115,322,,3,4,182.07,1/14/2026 10:12,1/14/2026 10:29,728.28
116,204,,4,3.4,57.52,2/3/2026 21:00,2/5/2026 21:00,195.57
117,214,,4,3,141.16,3/28/2026 10:06,3/29/2026 10:06,423.48
118,203,,4,5,66.08,12/26/2025 22:57,12/29/2025 22:57,330.4
119,246,,1,10,48.21,1/11/2026 10:06,1/12/2026 1:06,482.1
120,72,,5,5,56.97,2/17/2026 20:10,2/18/2026 1:10,284.85
121,256,,5,4,61.03,1/8/2026 5:20,1/8/2026 7:20,244.12
122,191,,1,3.41,73.02,2/4/2026 7:01,2/4/2026 20:01,249
123,3,,2,1,24.6,2/22/2026 22:13,2/23/2026 1:13,24.6
124,66,,4,6,116.08,3/24/2026 7:35,3/25/2026 7:35,696.48
125,21,,5,2,378.96,3/24/2026 4:34,3/24/2026 6:34,757.92
126,70,,5,2.79,98.57,1/7/2026 9:48,1/7/2026 12:48,275.01
127,76,,2,6,26.37,2/7/2026 22:40,2/8/2026 13:40,158.22
128,190,,4,1.51,66.54,3/26/2026 13:15,3/29/2026 13:15,100.48
129,77,,5,0.96,78.9,3/11/2026 10:29,3/11/2026 12:29,75.74
130,291,,3,4,129.78,3/16/2026 16:38,3/16/2026 16:52,519.12
131,264,,4,8,141.18,1/7/2026 11:21,1/8/2026 11:21,1129.44
132,203,,1,0.81,401.2,2/21/2026 10:33,2/22/2026 7:33,324.97
133,68,,4,3,43.57,3/24/2026 4:55,3/28/2026 4:55,130.71
134,39,,5,7,141.18,12/27/2025 6:33,12/27/2025 10:33,988.26
135,142,,5,7,34.48,12/27/2025 16:06,12/27/2025 21:06,241.36
136,87,,1,1,168.64,12/28/2025 3:30,12/28/2025 9:30,168.64
137,316,,3,10,126.24,2/5/2026 17:54,2/5/2026 17:57,1262.4
138,96,,1,4,93.45,1/2/2026 15:46,1/3/2026 3:46,373.8
139,230,,4,7,203.69,12/29/2025 3:21,1/2/2026 3:21,1425.83
140,204,,4,7,158.64,12/26/2025 4:57,12/28/2025 4:57,1110.48
141,238,,1,9,1773.51,12/30/2025 23:03,12/31/2025 8:03,15961.59
142,247,,2,2,152.37,3/11/2026 13:52,3/12/2026 10:52,304.74
143,192,,5,2,90.56,3/27/2026 19:50,3/27/2026 22:50,181.12
144,242,,4,3.94,124.72,2/18/2026 9:18,2/19/2026 9:18,491.4
145,235,,4,1,190.95,1/19/2026 11:11,1/21/2026 11:11,190.95
146,61,,4,10,167.27,1/25/2026 22:32,1/28/2026 22:32,1672.7
147,235,,4,8,98.9,2/10/2026 9:17,2/12/2026 9:17,791.2
148,16,,1,1,26.97,2/5/2026 19:19,2/6/2026 8:19,26.97
149,34,,4,5,193.72,3/4/2026 11:32,3/6/2026 11:32,968.6
150,30,,5,10,130.6,12/31/2025 15:32,12/31/2025 17:32,1306
151,57,,1,2,154.28,2/26/2026 1:56,2/26/2026 13:56,308.56
152,98,,4,1,175.29,3/12/2026 1:58,3/15/2026 1:58,175.29
153,233,,2,8,67.48,3/13/2026 8:18,3/14/2026 17:18,539.84
154,314,,3,5,120.85,3/7/2026 15:43,3/7/2026 15:51,604.25
155,298,,4,7,133.79,1/14/2026 5:35,1/16/2026 5:35,936.53
156,149,,1,5,87.62,2/4/2026 6:42,2/4/2026 15:42,438.1
157,144,,4,3,72.85,1/23/2026 8:13,1/25/2026 8:13,218.55
158,203,,5,6,67.48,2/14/2026 23:06,2/15/2026 4:06,404.88
159,122,,4,6,52.94,12/31/2025 23:34,1/2/2026 23:34,317.64
160,96,,3,4,80.63,1/19/2026 20:29,1/19/2026 20:30,322.52
161,334,,3,10,127.9,12/24/2025 16:49,12/24/2025 17:04,1279
162,36,,4,3.95,73.02,3/21/2026 14:56,3/23/2026 14:56,288.43
163,226,,4,7,153.08,12/29/2025 9:48,1/2/2026 9:48,1071.56
164,116,,1,8,78.02,3/30/2026 13:23,3/31/2026 3:23,624.16
165,196,,4,5,41.08,1/14/2026 13:06,1/16/2026 13:06,205.4
166,127,,5,4,30.5,1/21/2026 2:23,1/21/2026 7:23,122
167,31,,3,8,98.6,1/21/2026 8:37,1/21/2026 8:52,788.8
168,19,,5,2.64,71.98,3/20/2026 7:36,3/20/2026 10:36,190.03
169,106,,4,10,113.76,3/16/2026 2:23,3/17/2026 2:23,1137.6
170,326,,4,2,49.43,2/26/2026 8:00,3/1/2026 8:00,98.86
171,133,,4,6,79.3,1/6/2026 19:03,1/7/2026 19:03,475.8
172,45,,1,10,124.94,1/9/2026 18:11,1/10/2026 1:11,1249.4
173,198,,5,8,42.99,3/30/2026 11:11,3/30/2026 14:11,343.92
174,34,,5,295.24,1951.74,2/26/2026 1:42,2/26/2026 6:42,576231.72
175,21,,5,1,101.01,2/19/2026 14:31,2/19/2026 18:31,101.01
176,304,,1,3.76,101.19,1/25/2026 12:18,1/26/2026 3:18,380.47
177,328,,1,9,130.66,3/17/2026 22:17,3/18/2026 13:17,1175.94
178,265,,1,2.66,49.71,1/22/2026 23:14,1/23/2026 15:14,132.23
179,118,,3,5,84.23,3/3/2026 7:45,3/3/2026 7:56,421.15
180,115,,3,3.56,113.82,1/30/2026 8:41,1/30/2026 8:57,405.2
181,134,,4,6,87.62,3/11/2026 10:43,3/12/2026 10:43,525.72
182,134,,1,10,52.06,1/6/2026 15:19,1/7/2026 0:19,520.6
183,267,,1,4.18,19.77,1/28/2026 21:50,1/29/2026 7:50,82.64
184,215,,5,7,68.54,1/14/2026 16:43,1/14/2026 18:43,479.78
185,256,,4,1,161.65,3/20/2026 10:26,3/21/2026 10:26,161.65
186,4,,5,2,66.08,2/12/2026 17:46,2/12/2026 22:46,132.16
187,226,,1,6,354.83,1/18/2026 20:41,1/19/2026 4:41,2128.98
188,289,,4,1,98.9,2/26/2026 18:09,2/28/2026 18:09,98.9
189,265,,5,6,64.37,2/16/2026 7:29,2/16/2026 8:29,386.22
190,104,,4,312.13,1951.74,1/3/2026 1:53,1/6/2026 1:53,609196.61
191,149,,1,5,87.61,1/31/2026 2:03,1/31/2026 18:03,438.05
192,221,,4,2.3,172.18,3/20/2026 11:49,3/23/2026 11:49,396.01
193,179,,3,6,86.89,1/18/2026 4:35,1/18/2026 4:48,521.34
194,165,,4,4,3961.01,12/28/2025 9:03,1/1/2026 9:03,15844.04
195,185,,1,2.05,75.05,3/22/2026 12:03,3/22/2026 22:03,153.85
196,178,,4,3,186.14,1/20/2026 3:02,1/22/2026 3:02,558.42
197,286,,1,1,200.64,2/6/2026 19:55,2/7/2026 13:55,200.64
198,229,,4,1.67,72.51,1/29/2026 14:13,2/2/2026 14:13,121.09
199,142,,4,1,202.83,3/20/2026 18:15,3/22/2026 18:15,202.83
200,297,,1,8,103.16,1/29/2026 8:15,1/29/2026 20:15,825.28
201,214,,4,3,90.48,1/14/2026 21:39,1/16/2026 21:39,271.44
202,256,,1,79.97,66.79,1/7/2026 19:36,1/8/2026 8:36,5341.2
203,324,,4,1,130.67,1/16/2026 20:04,1/19/2026 20:04,130.67
204,40,,5,1.52,123.21,3/28/2026 8:27,3/28/2026 9:27,187.28
205,171,,4,6,134.5,1/19/2026 8:50,1/23/2026 8:50,807
206,287,,4,1,1144.91,2/25/2026 16:03,2/28/2026 16:03,1144.91
207,292,,1,3,138.92,3/6/2026 6:36,3/6/2026 13:36,416.76
208,79,,4,10,64.91,3/7/2026 16:38,3/10/2026 16:38,649.1
209,313,,4,5,213.26,1/4/2026 9:30,1/7/2026 9:30,1066.3
210,308,,1,3,183.81,3/4/2026 17:03,3/5/2026 16:03,551.43
211,72,,4,7,140.33,3/19/2026 18:03,3/22/2026 18:03,982.31
212,139,,4,7,46.14,2/21/2026 22:32,2/24/2026 22:32,322.98
213,305,,3,9,1226.35,1/11/2026 0:06,1/11/2026 0:20,11037.15
214,149,,4,4.14,137.67,2/25/2026 5:10,2/27/2026 5:10,569.95
215,73,,3,9,1744.36,1/7/2026 17:21,1/7/2026 17:29,15699.24
216,71,,4,4,45.17,2/24/2026 3:13,2/25/2026 3:13,180.68
217,141,,1,10,125.38,3/9/2026 17:21,3/10/2026 15:21,1253.8
218,315,,3,7,44.95,2/26/2026 2:22,2/26/2026 2:34,314.65
219,298,,5,1,77.6,3/13/2026 23:18,3/14/2026 1:18,77.6
220,52,,1,10,174.43,1/7/2026 14:21,1/8/2026 7:21,1744.3
221,55,,3,5,4054.21,2/11/2026 11:46,2/11/2026 12:07,20271.05
222,26,,5,8,144.97,2/17/2026 11:27,2/17/2026 16:27,1159.76
223,319,,1,10,83.61,2/15/2026 7:58,2/16/2026 1:58,836.1
224,306,,5,9,143.48,3/7/2026 14:43,3/7/2026 17:43,1291.32
225,2,,5,6,111.35,12/23/2025 7:34,12/23/2025 12:34,668.1
226,238,,1,6,188.88,12/29/2025 18:54,12/30/2025 3:54,1133.28
227,13,,4,8,90.48,2/13/2026 5:51,2/14/2026 5:51,723.84
228,327,,4,4.96,133.95,1/15/2026 5:39,1/19/2026 5:39,664.39
229,164,,3,4,40.82,12/27/2025 0:16,12/27/2025 0:34,163.28
230,139,,1,7,872.95,2/21/2026 6:08,2/21/2026 12:08,6110.65
231,279,,1,6,36.91,3/23/2026 16:29,3/24/2026 11:29,221.46
232,122,,1,3,114.89,1/15/2026 4:40,1/15/2026 11:40,344.67
233,290,,1,10,116,1/30/2026 18:21,1/31/2026 4:21,1160
234,4,,5,2,78.64,2/14/2026 6:50,2/14/2026 7:50,157.28
235,263,,5,4.8,134.47,3/16/2026 14:49,3/16/2026 17:49,645.46
236,262,,1,3,46.56,3/26/2026 3:43,3/26/2026 17:43,139.68
237,291,,3,4,109.24,3/2/2026 11:39,3/2/2026 11:54,436.96
238,232,,5,3,167.72,1/12/2026 6:11,1/12/2026 7:11,503.16
239,206,,4,5,820.6,2/17/2026 17:10,2/21/2026 17:10,4103
240,73,,4,4,160.87,2/25/2026 4:47,2/27/2026 4:47,643.48
241,34,,1,9,43.79,2/6/2026 23:05,2/7/2026 5:05,394.11
242,139,,4,10,26.97,3/27/2026 5:49,3/29/2026 5:49,269.7
243,125,,5,9,116,1/2/2026 13:58,1/2/2026 16:58,1044
244,10,,3,4.17,137.93,1/19/2026 19:55,1/19/2026 19:56,575.17
245,141,,1,4,122.46,3/3/2026 22:36,3/4/2026 14:36,489.84
246,171,,4,6,165.52,3/11/2026 18:50,3/12/2026 18:50,993.12
247,27,,5,4.55,125.38,3/18/2026 9:51,3/18/2026 13:51,570.48
248,317,,3,8,100.46,2/28/2026 15:45,2/28/2026 15:54,803.68
249,79,,4,4.99,26.03,3/12/2026 12:43,3/14/2026 12:43,129.89
250,261,,4,2.76,125.39,2/14/2026 13:15,2/18/2026 13:15,346.08
251,289,,1,5,203.69,3/13/2026 1:03,3/13/2026 21:03,1018.45
252,187,,3,4,87.05,3/11/2026 19:38,3/11/2026 19:39,348.2
253,281,,4,3.6,124.72,3/14/2026 12:39,3/17/2026 12:39,448.99
254,165,,3,10,48.05,2/7/2026 21:34,2/7/2026 21:37,480.5
255,316,,1,2,205.32,3/21/2026 2:54,3/21/2026 14:54,410.64
256,109,,5,8,130,4/1/2026 10:19,4/1/2026 11:19,1040
257,47,,4,5,4806.76,3/3/2026 18:42,3/7/2026 18:42,24033.8
258,247,,5,8,40.82,3/28/2026 1:35,3/28/2026 2:35,326.56
259,139,,1,3,27.55,1/10/2026 5:47,1/10/2026 16:47,82.65
260,244,,2,3.4,72.51,12/28/2025 10:30,12/28/2025 13:30,246.53
261,140,,4,10,138.92,1/29/2026 16:20,1/30/2026 16:20,1389.2
262,53,,1,6,34.79,3/1/2026 12:29,3/2/2026 10:29,208.74
263,238,,5,4.45,197.7,1/30/2026 9:32,1/30/2026 12:32,879.76
264,143,,1,7,273.17,1/29/2026 0:21,1/29/2026 14:21,1912.19
265,45,,3,4,91.23,1/4/2026 12:40,1/4/2026 13:07,364.92
266,63,,1,2,150.9,2/26/2026 1:33,2/26/2026 15:33,301.8
267,326,,1,193.39,42.13,3/12/2026 23:06,3/13/2026 18:06,8147.52
268,83,,1,9,141.07,1/21/2026 2:17,1/21/2026 13:17,1269.63
269,122,,3,2,121.22,2/9/2026 18:45,2/9/2026 19:13,242.44
270,162,,4,5,4395.12,12/28/2025 15:51,1/1/2026 15:51,21975.6
271,84,,2,3,300.81,2/14/2026 7:00,2/14/2026 22:00,902.43
272,69,,3,6,162.77,1/22/2026 0:38,1/22/2026 0:55,976.62
273,14,,1,2,42.65,1/16/2026 8:00,1/16/2026 16:00,85.3
274,88,,3,4,39.45,2/12/2026 2:04,2/12/2026 2:24,157.8
275,85,,4,10,4564.19,2/7/2026 10:57,2/10/2026 10:57,45641.9
276,114,,1,3,149.76,2/16/2026 10:01,2/16/2026 23:01,449.28
277,274,,4,2,118.68,1/4/2026 14:48,1/8/2026 14:48,237.36
278,211,,2,5,104.75,2/14/2026 11:29,2/14/2026 23:29,523.75
279,13,,4,1,168.99,2/24/2026 2:22,2/26/2026 2:22,168.99
280,226,,1,1,41.55,1/1/2026 20:06,1/2/2026 6:06,41.55
281,194,,5,8,179.88,3/18/2026 13:09,3/18/2026 14:09,1439.04
282,258,,1,4.97,125.27,2/7/2026 4:24,2/7/2026 18:24,622.59
283,129,,1,9,119.86,3/29/2026 12:41,3/30/2026 10:41,1078.74
284,166,,4,309.7,47.21,2/19/2026 9:34,2/23/2026 9:34,14620.94
285,236,,1,6,118.85,12/26/2025 7:29,12/26/2025 15:29,713.1
286,228,,4,84.12,22.25,2/19/2026 10:09,2/23/2026 10:09,1871.67
287,42,,5,3,127.9,3/22/2026 15:20,3/22/2026 20:20,383.7
288,111,,5,9,354.83,1/7/2026 6:40,1/7/2026 8:40,3193.47
289,238,,4,6,4054.21,1/16/2026 13:37,1/18/2026 13:37,24325.26
290,22,,5,3,137.42,3/5/2026 10:39,3/5/2026 14:39,412.26
291,18,,3,3,190.14,1/1/2026 23:31,1/1/2026 23:52,570.42
292,75,,5,5,36.35,1/24/2026 19:06,1/24/2026 23:06,181.75
293,226,,3,1,761.44,3/9/2026 18:41,3/9/2026 19:02,761.44
294,71,,5,2.79,106.64,1/28/2026 9:59,1/28/2026 14:59,297.53
295,264,,1,4,70.61,12/21/2025 13:38,12/21/2025 21:38,282.44
296,137,,5,431.5,92.3,12/30/2025 19:03,12/30/2025 21:03,39827.45
297,101,,5,9,73.64,3/20/2026 6:44,3/20/2026 9:44,662.76
298,171,,5,8,137.29,3/10/2026 17:31,3/10/2026 18:31,1098.32
299,153,,1,3.16,132.73,3/22/2026 14:46,3/23/2026 1:46,419.43
300,35,,4,8,90.07,3/23/2026 18:32,3/24/2026 18:32,720.56
301,197,,1,7,209.96,1/22/2026 13:47,1/23/2026 12:47,1469.72
302,165,,4,3,144.97,2/21/2026 15:20,2/25/2026 15:20,434.91
303,194,,1,4,6872.45,1/21/2026 0:08,1/21/2026 22:08,27489.8
304,241,,1,6,86.55,2/21/2026 0:09,2/21/2026 16:09,519.3
305,216,,1,1,75.2,2/4/2026 8:31,2/4/2026 22:31,75.2
306,314,,5,2,4329.37,1/30/2026 13:31,1/30/2026 17:31,8658.74
307,190,,3,9,176.51,1/29/2026 17:40,1/29/2026 17:58,1588.59
308,58,,4,5,143.17,3/21/2026 10:48,3/22/2026 10:48,715.85
309,124,,4,5,158.66,12/21/2025 23:28,12/24/2025 23:28,793.3
310,197,,1,3,109.49,1/12/2026 8:00,1/12/2026 15:00,328.47
311,330,,4,1.73,112.35,1/10/2026 6:11,1/13/2026 6:11,194.37
312,311,,4,6,34.7,3/14/2026 9:11,3/18/2026 9:11,208.2
313,98,,2,2,57.47,1/4/2026 1:16,1/4/2026 4:16,114.94
314,143,,3,3,26.49,3/15/2026 17:45,3/15/2026 18:04,79.47
315,299,,4,9,113.76,2/19/2026 11:09,2/20/2026 11:09,1023.84
316,218,,5,3,71.25,1/4/2026 2:06,1/4/2026 7:06,213.75
317,117,,4,8,151.35,2/24/2026 1:21,2/26/2026 1:21,1210.8
318,179,,5,10,118.85,1/18/2026 18:42,1/18/2026 21:42,1188.5
319,281,,4,10,119.86,1/6/2026 16:01,1/7/2026 16:01,1198.6
320,100,,4,3,137.29,2/26/2026 16:51,2/27/2026 16:51,411.87
321,21,,1,2,39.83,12/25/2025 2:25,12/25/2025 19:25,79.66
322,124,,4,3,120.2,1/30/2026 1:09,2/2/2026 1:09,360.6
323,279,,5,5,78.56,1/24/2026 13:12,1/24/2026 14:12,392.8
324,333,,1,5,8823.23,2/1/2026 7:21,2/1/2026 19:21,44116.15
325,10,,1,4,27.19,2/23/2026 16:08,2/24/2026 5:08,108.76
326,231,,3,7,64.37,1/18/2026 3:46,1/18/2026 4:04,450.59
327,128,,3,10,131.58,3/6/2026 1:54,3/6/2026 1:55,1315.8
328,185,,5,5,133.06,1/24/2026 4:28,1/24/2026 5:28,665.3
329,190,,1,7,50.92,1/22/2026 22:23,1/23/2026 17:23,356.44
330,116,,5,2,52.33,1/5/2026 1:30,1/5/2026 4:30,104.66
331,257,,4,8,300.81,2/15/2026 0:37,2/17/2026 0:37,2406.48
332,103,,5,5,33.28,1/20/2026 19:23,1/20/2026 21:23,166.4
333,140,,4,8,110.4,3/8/2026 18:44,3/10/2026 18:44,883.2
334,116,,5,5,129.94,12/24/2025 12:35,12/24/2025 15:35,649.7
335,136,,3,4.21,35.02,1/7/2026 11:40,1/7/2026 11:42,147.43
336,281,,3,3.13,28.73,1/30/2026 1:58,1/30/2026 2:03,89.92
337,119,,3,2.07,133.95,3/31/2026 4:06,3/31/2026 4:32,277.28
338,66,,4,1,325.58,1/3/2026 18:37,1/4/2026 18:37,325.58
339,227,,3,7,105.64,1/9/2026 16:27,1/9/2026 16:49,739.48
340,163,,1,9,169.36,12/29/2025 1:44,12/29/2025 17:44,1524.24
341,137,,5,2,64.2,2/11/2026 20:47,2/12/2026 1:47,128.4
342,125,,5,10,122.18,3/4/2026 0:58,3/4/2026 3:58,1221.8
343,200,,3,343.75,134.75,1/31/2026 1:25,1/31/2026 1:53,46320.31
344,111,,4,6,39.98,1/11/2026 10:25,1/14/2026 10:25,239.88
345,146,,2,8,155.52,1/15/2026 23:56,1/16/2026 1:56,1244.16
346,69,,1,7,55.61,2/22/2026 18:17,2/23/2026 11:17,389.27
347,184,,3,420.2,42.13,1/13/2026 12:44,1/13/2026 13:08,17703.03
348,177,,3,8,90.07,3/11/2026 15:40,3/11/2026 16:03,720.56
349,216,,5,9,64.41,4/1/2026 10:15,4/1/2026 13:15,579.69
350,215,,5,4.95,186.48,1/4/2026 7:30,1/4/2026 8:30,923.08
351,29,,4,216.29,92.3,3/8/2026 9:13,3/10/2026 9:13,19963.57
352,234,,5,3,159.84,1/26/2026 12:01,1/26/2026 17:01,479.52
353,199,,3,6,158.68,1/2/2026 10:19,1/2/2026 10:40,952.08
354,142,,1,2,1646.21,2/12/2026 18:26,2/13/2026 1:26,3292.42
355,79,,1,3,71.25,3/8/2026 20:16,3/9/2026 18:16,213.75
356,302,,3,6,730.32,3/20/2026 5:36,3/20/2026 5:43,4381.92
357,327,,1,1.31,186.48,12/22/2025 13:40,12/22/2025 22:40,244.29
358,111,,1,0.87,71.98,2/23/2026 6:26,2/23/2026 21:26,62.62
359,282,,4,2,171.95,3/30/2026 4:53,4/2/2026 4:53,343.9
360,293,,3,6,127.37,2/16/2026 16:51,2/16/2026 17:04,764.22
361,174,,4,5,179.44,1/1/2026 18:27,1/3/2026 18:27,897.2
362,330,,1,4,200.9,2/19/2026 23:03,2/20/2026 15:03,803.6
363,136,,4,8,104.75,3/26/2026 2:44,3/27/2026 2:44,838
364,202,,1,5,38.59,3/11/2026 2:49,3/11/2026 18:49,192.95
365,111,,2,8,27.19,2/24/2026 11:43,2/25/2026 23:43,217.52
366,236,,4,10,104.09,3/29/2026 17:27,3/31/2026 17:27,1040.9
367,38,,4,264.03,86.91,3/22/2026 12:45,3/23/2026 12:45,22946.85
368,264,,3,3,132.04,3/18/2026 19:30,3/18/2026 19:52,396.12
369,143,,4,9,30.37,1/12/2026 7:47,1/14/2026 7:47,273.33
370,129,,4,2,130.66,2/12/2026 10:15,2/14/2026 10:15,261.32
371,21,,5,118.7,47.21,12/30/2025 16:52,12/30/2025 18:52,5603.83
372,203,,4,1,161.56,2/20/2026 3:42,2/21/2026 3:42,161.56
373,269,,1,7,175,2/2/2026 1:06,2/2/2026 12:06,1225
374,159,,4,3,20.6,3/14/2026 5:09,3/15/2026 5:09,61.8
375,199,,4,3.5,72.51,1/25/2026 11:02,1/28/2026 11:02,253.79
376,43,,1,4,34,2/10/2026 2:17,2/10/2026 13:17,136
377,96,,5,8,35.37,1/30/2026 0:11,1/30/2026 3:11,282.96
378,141,,4,6,113.76,12/31/2025 0:49,1/4/2026 0:49,682.56
379,196,,4,4,172.49,2/9/2026 19:45,2/13/2026 19:45,689.96
380,27,,1,3,163.08,1/31/2026 18:40,2/1/2026 2:40,489.24
381,143,,3,6,162.64,1/16/2026 0:35,1/16/2026 0:49,975.84
382,146,,5,5,80.54,2/13/2026 22:57,2/14/2026 2:57,402.7
383,207,,4,1,42.62,1/14/2026 2:17,1/16/2026 2:17,42.62
384,141,,4,3.01,67.82,12/29/2025 4:05,12/30/2025 4:05,204.14
385,276,,4,4,78.02,12/29/2025 18:47,12/31/2025 18:47,312.08
386,129,,1,5,794.89,2/13/2026 23:07,2/14/2026 18:07,3974.45
387,107,,4,1,200.64,2/23/2026 21:48,2/25/2026 21:48,200.64
388,64,,5,3,112.19,12/30/2025 4:09,12/30/2025 7:09,336.57
389,319,,4,3,91.23,1/2/2026 19:36,1/4/2026 19:36,273.69
390,31,,1,4,83.61,1/26/2026 14:30,1/26/2026 22:30,334.44
391,280,,1,4,136.87,12/27/2025 9:54,12/27/2025 23:54,547.48
392,103,,3,3,57.37,3/7/2026 19:23,3/7/2026 19:37,172.11
393,158,,5,10,96.82,2/13/2026 3:36,2/13/2026 7:36,968.2
394,126,,4,3,24.94,12/31/2025 5:27,1/4/2026 5:27,74.82
395,56,,2,2,42.62,3/1/2026 14:48,3/2/2026 2:48,85.24
396,185,,3,4,60.34,1/3/2026 20:43,1/3/2026 21:07,241.36
397,68,,1,2.78,26.03,1/14/2026 9:48,1/15/2026 5:48,72.36
398,281,,3,138.8,147.07,12/27/2025 12:01,12/27/2025 12:30,20413.32
399,165,,1,3,273.17,3/22/2026 23:01,3/23/2026 22:01,819.51
400,222,,5,5,60.32,2/8/2026 18:56,2/8/2026 21:56,301.6
401,205,,4,9,179.01,3/4/2026 21:27,3/7/2026 21:27,1611.09
402,209,,2,4,133.06,1/28/2026 18:48,1/29/2026 0:48,532.24
403,121,,5,2,92.87,2/15/2026 15:55,2/15/2026 16:55,185.74
404,194,,3,3,43.79,1/27/2026 4:26,1/27/2026 4:52,131.37
405,215,,5,8,148.82,3/8/2026 1:56,3/8/2026 4:56,1190.56
406,24,,1,3.79,71.51,3/30/2026 11:23,3/30/2026 17:23,271.02
407,275,,4,7,109.59,1/29/2026 17:42,1/30/2026 17:42,767.13
408,281,,4,3,27.55,12/22/2025 9:20,12/23/2025 9:20,82.65
409,219,,3,107.97,34.1,12/25/2025 18:14,12/25/2025 18:37,3681.78
410,46,,1,4,200.9,2/25/2026 12:00,2/26/2026 1:00,803.6
411,214,,1,2,75.41,1/22/2026 19:45,1/23/2026 14:45,150.82
412,131,,3,1.04,176.83,12/27/2025 16:24,12/27/2025 16:30,183.9
413,223,,5,9,38.52,1/3/2026 2:29,1/3/2026 3:29,346.68
414,267,,4,1,853.63,2/23/2026 18:21,2/26/2026 18:21,853.63
415,4,,3,10,167.12,3/15/2026 18:11,3/15/2026 18:38,1671.2
416,300,,4,2.19,78.9,12/31/2025 9:37,1/3/2026 9:37,172.79
417,73,,1,4,104.84,3/17/2026 10:35,3/17/2026 18:35,419.36
418,35,,1,8,109.49,2/13/2026 8:53,2/14/2026 4:53,875.92
419,14,,3,3,42.87,3/16/2026 10:31,3/16/2026 10:51,128.61
420,45,,5,1,4054.21,1/10/2026 14:43,1/10/2026 18:43,4054.21
421,194,,4,1,580.1,2/14/2026 16:46,2/18/2026 16:46,580.1
422,180,,2,5,69.84,1/21/2026 20:58,1/23/2026 9:58,349.2
423,197,,5,3,146.55,3/15/2026 6:26,3/15/2026 11:26,439.65
424,180,,5,10,36.69,3/9/2026 2:59,3/9/2026 5:59,366.9
425,44,,3,1,756.36,2/11/2026 0:10,2/11/2026 0:32,756.36
426,288,,5,5,155.68,2/21/2026 21:04,2/21/2026 23:04,778.4
427,172,,5,0.55,194.92,2/11/2026 18:58,2/11/2026 19:58,107.21
428,248,,3,6,61.13,3/16/2026 14:25,3/16/2026 14:38,366.78
429,288,,4,4,41.08,3/23/2026 21:41,3/26/2026 21:41,164.32
430,6,,3,1,761.44,1/15/2026 0:56,1/15/2026 0:58,761.44
431,36,,2,7,1646.21,1/1/2026 5:42,1/1/2026 12:42,11523.47
432,111,,1,10,94.39,1/29/2026 19:26,1/30/2026 11:26,943.9
433,239,,2,0.96,36.8,3/11/2026 1:38,3/12/2026 11:38,35.33
434,101,,2,3,41.08,3/17/2026 1:37,3/18/2026 8:37,123.24
435,80,,3,2,735.22,2/20/2026 21:53,2/20/2026 21:53,1470.44
436,161,,1,2,756.36,2/27/2026 4:43,2/27/2026 15:43,1512.72
437,269,,5,1.19,150.82,3/6/2026 20:19,3/6/2026 23:19,179.48
438,196,,1,4,100.46,2/22/2026 3:20,2/22/2026 22:20,401.84
439,18,,4,3,5109.42,2/1/2026 0:45,2/4/2026 0:45,15328.26
440,300,,3,8,163.47,12/31/2025 6:33,12/31/2025 6:37,1307.76
441,134,,3,4,183.81,3/9/2026 14:49,3/9/2026 15:09,735.24
442,273,,3,447.21,31.28,12/29/2025 1:55,12/29/2025 2:05,13988.73
443,317,,5,4,169.36,2/8/2026 23:39,2/9/2026 2:39,677.44
444,88,,2,2,81.71,2/1/2026 10:45,2/1/2026 14:45,163.42
445,236,,1,1,1698.5,1/29/2026 2:19,1/29/2026 12:19,1698.5
446,61,,5,3.76,28.15,1/19/2026 3:30,1/19/2026 7:30,105.84
447,251,,5,4,64.37,1/9/2026 16:16,1/9/2026 17:16,257.48
448,252,,2,9,61.03,1/16/2026 22:28,1/18/2026 0:28,549.27
449,188,,4,9,277.09,3/13/2026 20:53,3/16/2026 20:53,2493.81
450,215,,1,10,215.64,1/8/2026 4:04,1/8/2026 18:04,2156.4
451,257,,1,3,115.84,12/28/2025 15:38,12/29/2025 13:38,347.52
452,222,,5,5,130.67,2/21/2026 12:59,2/21/2026 15:59,653.35
453,207,,3,1.48,57.52,2/3/2026 15:45,2/3/2026 15:48,85.13
454,53,,4,8,188.02,1/25/2026 16:10,1/28/2026 16:10,1504.16
455,268,,5,10,104.59,2/4/2026 20:50,2/4/2026 21:50,1045.9
456,129,,1,8,30.37,3/19/2026 14:11,3/20/2026 12:11,242.96
457,107,,1,4,143.95,3/30/2026 20:52,3/31/2026 8:52,575.8
458,273,,1,9,98.82,3/13/2026 18:10,3/14/2026 15:10,889.38
459,28,,4,7,41.08,3/15/2026 11:35,3/16/2026 11:35,287.56
460,188,,5,9,137.42,2/28/2026 5:19,2/28/2026 7:19,1236.78
461,89,,4,10,29.06,3/1/2026 17:06,3/5/2026 17:06,290.6
462,91,,3,2.26,40.44,1/16/2026 18:27,1/16/2026 18:28,91.39
463,4,,4,6,119.32,2/28/2026 9:31,3/3/2026 9:31,715.92
464,170,,5,3,55.27,1/24/2026 10:39,1/24/2026 14:39,165.81
465,165,,4,9,277.09,1/28/2026 12:39,2/1/2026 12:39,2493.81
466,97,,1,5,174.64,2/7/2026 23:42,2/8/2026 15:42,873.2
467,156,,4,9,57.37,1/5/2026 17:33,1/8/2026 17:33,516.33
468,74,,1,4.42,99.82,1/22/2026 4:29,1/22/2026 18:29,441.2
469,292,,1,9,106.51,3/2/2026 8:24,3/2/2026 22:24,958.59
470,273,,4,6,580.1,12/30/2025 15:24,1/2/2026 15:24,3480.6
471,2,,1,5,168.99,1/23/2026 0:06,1/23/2026 7:06,844.95
472,120,,4,1,209.63,3/28/2026 12:41,4/1/2026 12:41,209.63
473,25,,3,1.97,100.28,1/3/2026 16:32,1/3/2026 16:55,197.55
474,161,,2,2,151.35,2/18/2026 6:20,2/18/2026 13:20,302.7
475,246,,5,10,105.66,1/30/2026 9:21,1/30/2026 10:21,1056.6
476,188,,1,5,176.51,2/3/2026 3:01,2/3/2026 12:01,882.55
477,91,,4,4,137.29,2/24/2026 3:17,2/25/2026 3:17,549.16
478,195,,1,4,164.73,2/26/2026 3:06,2/26/2026 12:06,658.92
479,152,,4,7,97.09,1/8/2026 10:14,1/11/2026 10:14,679.63
480,327,,1,5,41.55,1/26/2026 17:22,1/27/2026 14:22,207.75
481,329,,1,9,3961.01,1/20/2026 18:45,1/21/2026 3:45,35649.09
482,324,,4,6,132.04,3/15/2026 10:34,3/16/2026 10:34,792.24
483,238,,4,5,117.6,2/22/2026 21:13,2/25/2026 21:13,588
484,147,,4,1,44.34,3/18/2026 14:05,3/22/2026 14:05,44.34
485,312,,1,3,174.64,12/18/2025 2:13,12/18/2025 17:13,523.92
486,310,,2,5,118.68,12/30/2025 2:23,12/31/2025 14:23,593.4
487,203,,4,9,156.32,1/18/2026 13:40,1/19/2026 13:40,1406.88
488,149,,2,2,45.51,2/5/2026 16:18,2/5/2026 17:18,91.02
489,277,,5,4,378.96,4/1/2026 12:03,4/1/2026 13:03,1515.84
490,17,,1,1,40.32,1/26/2026 20:54,1/27/2026 10:54,40.32
491,146,,4,8,4395.12,12/22/2025 2:49,12/25/2025 2:49,35160.96
492,153,,5,9,175,3/3/2026 3:02,3/3/2026 6:02,1575
493,252,,5,4,123.54,2/7/2026 8:57,2/7/2026 11:57,494.16
494,221,,1,10,137.42,2/5/2026 2:29,2/5/2026 8:29,1374.2
495,53,,1,3,30.37,3/5/2026 20:53,3/6/2026 7:53,91.11
496,41,,5,4,160.77,1/14/2026 16:15,1/14/2026 18:15,643.08
497,185,,5,7,27.96,3/25/2026 19:05,3/25/2026 21:05,195.72
498,91,,5,8,159.99,3/25/2026 19:03,3/25/2026 22:03,1279.92
499,206,,3,5,109.51,2/23/2026 8:53,2/23/2026 9:12,547.55
500,31,,4,1.63,123.57,12/29/2025 16:10,12/31/2025 16:10,201.42
501,42,,1,4,162.64,1/30/2026 21:45,1/31/2026 12:45,650.56
502,135,,3,2.11,200.37,3/14/2026 2:32,3/14/2026 2:53,422.78
503,93,,5,4,159.99,2/20/2026 0:11,2/20/2026 5:11,639.96
504,235,,1,6,173.22,2/1/2026 21:26,2/2/2026 20:26,1039.32
505,16,,5,10,209.73,1/11/2026 21:57,1/12/2026 2:57,2097.3
506,145,,4,1,3238.03,3/3/2026 22:30,3/4/2026 22:30,3238.03
507,200,,3,1,74.18,3/24/2026 0:08,3/24/2026 0:16,74.18
508,53,,3,3.65,124.49,1/18/2026 4:06,1/18/2026 4:27,454.39
509,40,,5,8,101.01,12/27/2025 7:17,12/27/2025 11:17,808.08
510,41,,4,9,82.08,1/1/2026 6:23,1/3/2026 6:23,738.72
511,305,,5,8,84.36,2/18/2026 14:20,2/18/2026 18:20,674.88
512,135,,5,3.94,28.15,3/5/2026 4:21,3/5/2026 7:21,110.91
513,128,,5,8,24.94,1/28/2026 12:18,1/28/2026 13:18,199.52
514,273,,3,8,161.56,2/14/2026 21:52,2/14/2026 22:12,1292.48
515,309,,3,4,52.61,2/9/2026 5:45,2/9/2026 6:13,210.44
516,215,,4,10,153.01,3/6/2026 15:55,3/9/2026 15:55,1530.1
517,56,,3,6,158.66,3/6/2026 5:00,3/6/2026 5:27,951.96
518,24,,5,2,43.65,12/30/2025 7:48,12/30/2025 9:48,87.3
519,261,,3,9,120.3,1/6/2026 13:42,1/6/2026 13:47,1082.7
520,198,,4,3.81,54.21,3/10/2026 6:34,3/13/2026 6:34,206.54
521,16,,4,5,91.23,1/7/2026 7:01,1/11/2026 7:01,456.15
522,80,,3,1,118.43,12/26/2025 7:27,12/26/2025 7:47,118.43
523,46,,5,6,43.79,3/20/2026 19:16,3/20/2026 23:16,262.74
524,18,,1,3,42.54,2/17/2026 0:54,2/17/2026 12:54,127.62
525,141,,1,4,44.96,3/28/2026 4:37,3/29/2026 0:37,179.84
526,152,,3,1,209.63,3/11/2026 20:51,3/11/2026 20:55,209.63
527,270,,1,6,71.68,2/5/2026 5:26,2/5/2026 13:26,430.08
528,237,,2,3,100,1/15/2026 5:21,1/16/2026 21:21,300
529,313,,4,5,188.21,1/5/2026 13:05,1/6/2026 13:05,941.05
530,330,,4,7,202.83,1/22/2026 1:31,1/26/2026 1:31,1419.81
531,233,,1,10,36.35,3/25/2026 5:01,3/26/2026 4:01,363.5
532,47,,5,3.16,35.14,3/7/2026 18:59,3/7/2026 20:59,111.04
533,139,,4,3,109.24,1/1/2026 3:24,1/2/2026 3:24,327.72
534,250,,1,6,177.63,1/16/2026 12:43,1/17/2026 11:43,1065.78
535,28,,4,4,1449.89,1/8/2026 9:57,1/11/2026 9:57,5799.56
536,95,,3,6,120.85,2/10/2026 12:39,2/10/2026 12:55,725.1
537,220,,1,2.28,470.68,2/9/2026 11:13,2/10/2026 0:13,1073.15
538,205,,4,10,120.85,2/24/2026 0:37,2/28/2026 0:37,1208.5
539,287,,4,9,139.9,1/30/2026 8:33,1/31/2026 8:33,1259.1
540,260,,4,4,109.49,1/26/2026 5:31,1/30/2026 5:31,437.96
541,10,,1,113.45,24.57,12/28/2025 4:47,12/28/2025 15:47,2787.47
542,325,,4,2.57,175.79,2/17/2026 11:52,2/18/2026 11:52,451.78
543,284,,4,1.61,128.82,1/28/2026 21:40,1/30/2026 21:40,207.4
544,54,,4,2.34,396.76,1/30/2026 21:31,2/3/2026 21:31,928.42
545,83,,3,9,123.49,12/24/2025 3:10,12/24/2025 3:14,1111.41
546,254,,4,7,322.3,3/12/2026 22:22,3/14/2026 22:22,2256.1
547,163,,4,5,110.22,1/21/2026 23:29,1/23/2026 23:29,551.1
548,252,,1,7,44.34,2/11/2026 3:14,2/11/2026 19:14,310.38
549,39,,4,3,81.57,1/15/2026 10:27,1/19/2026 10:27,244.71
550,43,,5,8,2274.35,2/16/2026 3:47,2/16/2026 6:47,18194.8
551,139,,4,10,39.83,12/24/2025 17:16,12/25/2025 17:16,398.3
552,329,,1,1,136.87,2/21/2026 11:08,2/22/2026 2:08,136.87
553,258,,4,10,120.2,12/24/2025 6:06,12/27/2025 6:06,1202
554,305,,4,2.35,72.27,2/11/2026 15:55,2/12/2026 15:55,169.83
555,238,,1,8,133.06,3/20/2026 7:31,3/20/2026 22:31,1064.48
556,304,,5,10,5168,1/28/2026 21:52,1/29/2026 0:52,51680
557,244,,1,1.73,200.37,2/11/2026 7:40,2/12/2026 6:40,346.64
558,122,,4,9,179.87,12/29/2025 1:13,1/1/2026 1:13,1618.83
559,60,,3,9,149.76,3/10/2026 8:03,3/10/2026 8:04,1347.84
560,273,,1,9,106.46,2/11/2026 20:16,2/12/2026 14:16,958.14
561,144,,4,6,137.26,2/13/2026 3:54,2/16/2026 3:54,823.56
562,159,,1,3,78.79,12/31/2025 4:04,12/31/2025 23:04,236.37
563,191,,4,3,100,2/22/2026 4:36,2/25/2026 4:36,300
564,3,,4,1,63.81,1/30/2026 22:06,2/2/2026 22:06,63.81
565,194,,5,10,201.4,2/16/2026 13:35,2/16/2026 15:35,2014
566,296,,4,1,61.21,3/27/2026 7:55,3/28/2026 7:55,61.21
567,210,,1,9,64.2,1/4/2026 5:45,1/5/2026 1:45,577.8
568,312,,1,4,322.9,1/31/2026 5:34,1/31/2026 23:34,1291.6
569,328,,4,2.87,94.17,1/29/2026 19:36,2/2/2026 19:36,270.27
570,209,,4,3,43.32,3/7/2026 13:04,3/11/2026 13:04,129.96
571,86,,3,6,711.72,3/20/2026 1:03,3/20/2026 1:24,4270.32
572,137,,3,1,80.14,3/23/2026 19:16,3/23/2026 19:21,80.14
573,105,,2,5,42.54,1/10/2026 23:13,1/11/2026 6:13,212.7
574,333,,5,10,3355.48,1/15/2026 4:45,1/15/2026 5:45,33554.8
575,8,,3,9,47.18,3/19/2026 1:50,3/19/2026 1:53,424.62
576,188,,5,2.26,27.72,3/17/2026 10:09,3/17/2026 13:09,62.65
577,54,,4,9,151.06,3/31/2026 15:51,4/2/2026 15:51,1359.54
578,251,,5,8,209.73,2/20/2026 7:00,2/20/2026 8:00,1677.84
579,224,,5,1,41.86,3/16/2026 4:29,3/16/2026 8:29,41.86
580,83,,5,8,109.24,1/7/2026 6:45,1/7/2026 10:45,873.92
581,118,,4,7,162.77,2/5/2026 21:00,2/6/2026 21:00,1139.39
582,191,,5,5,143.66,3/4/2026 18:46,3/4/2026 22:46,718.3
583,177,,4,9,56.77,2/8/2026 15:24,2/12/2026 15:24,510.93
584,176,,4,10,205.14,3/19/2026 2:17,3/23/2026 2:17,2051.4
585,131,,4,1.39,121.85,1/24/2026 17:06,1/28/2026 17:06,169.37
586,121,,4,1,127.61,2/12/2026 23:59,2/13/2026 23:59,127.61
587,44,,1,6,123.49,2/13/2026 21:50,2/14/2026 11:50,740.94
588,92,,4,8,5109.42,3/25/2026 13:00,3/26/2026 13:00,40875.36
589,88,,4,2,190.95,2/3/2026 13:48,2/7/2026 13:48,381.9
590,152,,1,3,100.46,1/18/2026 3:07,1/18/2026 18:07,301.38
591,331,,4,5,146.17,1/17/2026 23:47,1/19/2026 23:47,730.85
592,56,,3,9,97.24,2/2/2026 3:22,2/2/2026 3:27,875.16
593,168,,3,445.06,27.57,3/21/2026 7:20,3/21/2026 7:25,12270.3
594,12,,1,10,8823.23,3/19/2026 2:14,3/19/2026 11:14,88232.3
595,128,,4,9,10686.18,3/10/2026 0:23,3/12/2026 0:23,96175.62
596,294,,3,5,179.87,3/8/2026 23:40,3/8/2026 23:54,899.35
597,14,,4,10,61.03,2/11/2026 21:21,2/14/2026 21:21,610.3
598,27,,4,4,786.55,1/28/2026 21:12,1/31/2026 21:12,3146.2
599,184,,1,9,120.3,1/22/2026 15:05,1/23/2026 7:05,1082.7
600,151,,1,4,136.77,3/12/2026 11:09,3/12/2026 20:09,547.08
601,285,,4,7,122.18,3/3/2026 6:29,3/7/2026 6:29,855.26
602,326,,4,3,46.14,2/10/2026 23:42,2/14/2026 23:42,138.42
603,297,,5,9,39.04,3/23/2026 19:00,3/23/2026 20:00,351.36
604,106,,5,9,571.99,3/19/2026 9:54,3/19/2026 11:54,5147.91
605,315,,4,2.2,125.79,12/21/2025 5:31,12/22/2025 5:31,276.74
606,191,,4,10,1773.51,2/12/2026 14:06,2/16/2026 14:06,17735.1
607,89,,4,5,40.82,1/6/2026 23:34,1/7/2026 23:34,204.1
608,309,,1,1,138.41,3/12/2026 14:51,3/13/2026 8:51,138.41
609,29,,3,8,105.66,1/29/2026 13:46,1/29/2026 13:57,845.28
610,303,,1,5,43.32,2/16/2026 20:05,2/17/2026 6:05,216.6
611,317,,4,10,143.87,1/1/2026 8:07,1/3/2026 8:07,1438.7
612,90,,1,3,78.44,1/2/2026 4:51,1/2/2026 10:51,235.32
613,226,,4,9,1698.5,2/10/2026 13:42,2/12/2026 13:42,15286.5
614,42,,5,3,599.15,3/18/2026 15:14,3/18/2026 18:14,1797.45
615,258,,1,4,39.16,1/13/2026 20:58,1/14/2026 18:58,156.64
616,69,,1,9,87.48,12/30/2025 5:25,12/30/2025 19:25,787.32
617,7,,2,7,177.63,1/19/2026 5:35,1/19/2026 15:35,1243.41
618,313,,5,1,88.9,3/17/2026 3:50,3/17/2026 4:50,88.9
619,312,,5,6,69.09,1/8/2026 2:45,1/8/2026 6:45,414.54
620,155,,1,2,174.19,4/3/2026 18:28,4/4/2026 17:28,348.38
621,71,,5,2,110.97,1/9/2026 12:28,1/9/2026 17:28,221.94
622,324,,4,6,46.43,1/31/2026 18:41,2/3/2026 18:41,278.58
623,10,,4,2,370.64,3/7/2026 22:15,3/9/2026 22:15,741.28
624,121,,5,3,3250.65,1/28/2026 18:17,1/28/2026 23:17,9751.95
625,53,,5,2,194.67,12/26/2025 9:13,12/26/2025 11:13,389.34
626,132,,3,6,3397.01,1/22/2026 12:32,1/22/2026 12:51,20382.06
627,296,,4,5,48.98,3/6/2026 9:50,3/9/2026 9:50,244.9
628,308,,4,2,84.51,3/13/2026 15:01,3/17/2026 15:01,169.02
629,147,,3,8,48.21,3/1/2026 23:09,3/1/2026 23:20,385.68
630,107,,1,9,52.53,1/12/2026 13:14,1/12/2026 22:14,472.77
631,43,,4,4,94.23,2/18/2026 12:17,2/20/2026 12:17,376.92
632,244,,2,8,85.47,1/21/2026 4:47,1/22/2026 11:47,683.76
633,127,,3,2.96,35.14,2/23/2026 6:34,2/23/2026 6:36,104.01
634,307,,5,3,183.81,1/7/2026 14:32,1/7/2026 19:32,551.43
635,54,,4,1,179.01,2/10/2026 13:31,2/14/2026 13:31,179.01
636,105,,4,10,167.27,3/7/2026 9:31,3/10/2026 9:31,1672.7
637,151,,3,7,41.31,12/23/2025 16:00,12/23/2025 16:05,289.17
638,136,,5,1,27.55,1/5/2026 19:58,1/5/2026 22:58,27.55
639,89,,4,2,20.53,1/1/2026 18:45,1/3/2026 18:45,41.06
640,333,,1,7,1166.02,1/20/2026 8:00,1/20/2026 22:00,8162.14
641,6,,1,4,90.07,1/10/2026 21:58,1/11/2026 20:58,360.28
642,258,,5,3,194.88,1/26/2026 3:02,1/26/2026 4:02,584.64
643,273,,5,1,65.39,3/22/2026 11:39,3/22/2026 15:39,65.39
644,259,,4,1.91,122.73,2/14/2026 16:19,2/17/2026 16:19,234.41
645,15,,1,5,115.87,2/4/2026 10:23,2/5/2026 9:23,579.35
646,266,,1,9,127.61,3/2/2026 15:26,3/3/2026 10:26,1148.49
647,52,,5,1.96,134.37,2/26/2026 5:38,2/26/2026 7:38,263.37
648,143,,5,4,57.47,2/28/2026 22:26,3/1/2026 3:26,229.88
649,140,,4,4.82,148.41,3/16/2026 23:44,3/19/2026 23:44,715.34
650,125,,3,10,143.17,1/18/2026 7:30,1/18/2026 7:58,1431.7
651,45,,2,4,786.55,3/24/2026 19:39,3/26/2026 8:39,3146.2
652,101,,1,5,148.93,1/1/2026 5:33,1/2/2026 3:33,744.65
653,238,,1,8,57.47,1/21/2026 7:00,1/22/2026 2:00,459.76
654,176,,5,10,95.16,12/25/2025 12:14,12/25/2025 14:14,951.6
655,282,,5,4,94.05,2/20/2026 16:02,2/20/2026 20:02,376.2
656,18,,1,3,57.83,3/30/2026 15:31,3/31/2026 9:31,173.49
657,210,,1,7,159.99,2/24/2026 10:18,2/24/2026 22:18,1119.93
658,114,,4,1,57.37,3/18/2026 11:29,3/21/2026 11:29,57.37
659,112,,4,3,38.12,3/23/2026 12:37,3/25/2026 12:37,114.36
660,57,,5,2.28,30.74,2/22/2026 14:18,2/22/2026 19:18,70.09
661,149,,1,152.59,32.52,3/20/2026 15:53,3/21/2026 4:53,4962.23
662,302,,5,1.03,194.92,1/19/2026 7:21,1/19/2026 10:21,200.77
663,284,,1,1,113.38,3/7/2026 21:50,3/8/2026 7:50,113.38
664,26,,4,5,1744.36,3/21/2026 10:51,3/24/2026 10:51,8721.8
665,26,,4,5,151.35,2/27/2026 20:29,3/2/2026 20:29,756.75
666,307,,5,1.72,55.85,4/1/2026 7:58,4/1/2026 11:58,96.06
667,187,,4,4,125.38,3/16/2026 5:07,3/20/2026 5:07,501.52
668,324,,4,8,94.05,1/29/2026 9:48,2/2/2026 9:48,752.4
669,254,,4,5,47.18,3/13/2026 0:45,3/17/2026 0:45,235.9
670,312,,4,2,104.75,2/1/2026 22:34,2/3/2026 22:34,209.5
671,2,,1,1,104.09,1/1/2026 19:15,1/2/2026 15:15,104.09
672,154,,1,6,124.29,1/2/2026 5:22,1/2/2026 11:22,745.74
673,201,,5,3,148.82,3/27/2026 11:15,3/27/2026 12:15,446.46
674,182,,4,4,27.55,3/17/2026 2:50,3/18/2026 2:50,110.2
675,52,,3,1,111.1,3/4/2026 10:22,3/4/2026 10:25,111.1
676,204,,3,2,150.79,2/12/2026 10:47,2/12/2026 11:09,301.58
677,331,,5,5,76.09,1/14/2026 2:30,1/14/2026 4:30,380.45
678,219,,3,4,74.18,2/24/2026 15:27,2/24/2026 15:45,296.72
679,245,,4,1,70.6,1/8/2026 15:36,1/10/2026 15:36,70.6
680,175,,3,1,69.09,2/25/2026 16:06,2/25/2026 16:22,69.09
681,68,,5,6,113.61,1/12/2026 2:15,1/12/2026 6:15,681.66
682,248,,1,183.68,5148.29,2/27/2026 21:14,2/28/2026 11:14,945637.91
683,207,,4,5,72.85,2/9/2026 7:44,2/12/2026 7:44,364.25
684,194,,4,4.06,423.83,3/10/2026 13:22,3/14/2026 13:22,1720.75
685,230,,2,5,48.05,1/28/2026 23:46,1/30/2026 5:46,240.25
686,313,,5,5,205.32,2/21/2026 14:39,2/21/2026 18:39,1026.6
687,249,,5,1,115.31,1/10/2026 0:55,1/10/2026 1:55,115.31
688,98,,3,9,188.18,2/17/2026 13:35,2/17/2026 14:00,1693.62
689,322,,1,2,108.27,2/15/2026 11:30,2/16/2026 4:30,216.54
690,64,,1,6,127.61,2/8/2026 20:30,2/9/2026 16:30,765.66
691,91,,2,7,55.77,1/5/2026 20:29,1/6/2026 14:29,390.39
692,99,,4,5,1166.02,2/22/2026 10:05,2/23/2026 10:05,5830.1
693,225,,3,397.2,59.43,3/26/2026 7:14,3/26/2026 7:42,23605.6
694,304,,4,9,41.86,3/4/2026 11:11,3/5/2026 11:11,376.74
695,206,,4,10,120.56,2/25/2026 10:19,2/28/2026 10:19,1205.6
696,33,,5,4.65,134.59,3/5/2026 15:33,3/5/2026 16:33,625.84
697,70,,5,7,73.68,1/22/2026 8:08,1/22/2026 9:08,515.76
698,14,,1,3,69.09,3/28/2026 22:06,3/29/2026 13:06,207.27
699,322,,4,1.25,89.83,3/5/2026 16:56,3/7/2026 16:56,112.29
700,195,,5,1,127,1/13/2026 21:45,1/14/2026 1:45,127
701,106,,5,6,194.88,2/24/2026 19:25,2/25/2026 0:25,1169.28
702,24,,2,9,115.84,1/18/2026 7:52,1/19/2026 6:52,1042.56
703,289,,4,5,174.43,3/9/2026 2:52,3/11/2026 2:52,872.15
704,144,,1,1,99.05,2/8/2026 22:38,2/9/2026 12:38,99.05
705,277,,5,1.08,99.71,1/16/2026 23:58,1/17/2026 2:58,107.69
706,129,,1,7,172.49,2/3/2026 10:58,2/3/2026 16:58,1207.43
707,171,,4,2.28,73.02,2/28/2026 22:28,3/1/2026 22:28,166.49
708,293,,5,8,113.61,2/23/2026 12:01,2/23/2026 15:01,908.88
709,202,,4,1,78.44,3/19/2026 21:49,3/20/2026 21:49,78.44
710,238,,1,4,150.02,1/3/2026 7:12,1/3/2026 21:12,600.08
711,250,,4,9,105.64,3/17/2026 23:17,3/18/2026 23:17,950.76
712,117,,4,6,358.98,2/2/2026 23:17,2/4/2026 23:17,2153.88
713,176,,4,2,37.67,3/17/2026 1:01,3/21/2026 1:01,75.34
714,186,,1,4,172.15,1/26/2026 3:01,1/26/2026 21:01,688.6
715,279,,5,1.41,28.45,3/9/2026 20:02,3/10/2026 0:02,40.11
716,128,,4,494.48,22.88,1/11/2026 21:03,1/14/2026 21:03,11313.7
717,190,,1,1,34.79,2/27/2026 8:57,2/27/2026 17:57,34.79
718,90,,4,10,104.84,1/3/2026 19:57,1/4/2026 19:57,1048.4
719,332,,1,3,61.69,1/18/2026 16:22,1/19/2026 10:22,185.07
720,86,,1,172.61,2898.82,1/8/2026 3:24,1/8/2026 20:24,500365.32
721,210,,4,5,147.07,3/1/2026 2:35,3/2/2026 2:35,735.35
722,42,,5,490.17,71.66,2/26/2026 9:47,2/26/2026 10:47,35125.58
723,204,,5,6,84.36,2/6/2026 17:36,2/6/2026 22:36,506.16
724,318,,1,10,38.06,2/9/2026 10:15,2/10/2026 9:15,380.6
725,215,,4,3,145.18,1/7/2026 20:21,1/11/2026 20:21,435.54
726,160,,4,1.12,125.27,3/14/2026 7:00,3/15/2026 7:00,140.3
727,109,,2,4,109.24,12/28/2025 0:50,12/28/2025 12:50,436.96
728,118,,5,4,3961.01,1/10/2026 22:16,1/11/2026 1:16,15844.04
729,44,,2,3.67,100.36,12/27/2025 6:20,12/27/2025 22:20,368.32
730,42,,1,7,215.64,2/4/2026 13:35,2/5/2026 0:35,1509.48
731,131,,4,9,112.19,2/9/2026 9:12,2/12/2026 9:12,1009.71
732,86,,4,3.65,177.71,1/14/2026 1:07,1/16/2026 1:07,648.64
733,75,,1,9,206.12,3/9/2026 23:20,3/10/2026 6:20,1855.08
734,308,,3,1.64,89.83,3/2/2026 11:32,3/2/2026 11:42,147.32
735,268,,4,2,147.53,12/28/2025 1:44,12/30/2025 1:44,295.06
736,179,,5,7,62,1/23/2026 7:52,1/23/2026 8:52,434
737,146,,4,4,3660.8,3/10/2026 0:37,3/12/2026 0:37,14643.2
738,61,,1,2,52.06,3/12/2026 2:26,3/12/2026 11:26,104.12
739,264,,2,4,55.77,2/28/2026 21:00,3/2/2026 10:00,223.08
740,42,,4,2,403.42,1/15/2026 13:04,1/18/2026 13:04,806.84
741,105,,4,6,52.65,2/10/2026 0:14,2/12/2026 0:14,315.9
742,238,,4,4.86,123.21,2/7/2026 21:36,2/9/2026 21:36,598.8
743,161,,4,470.87,2898.82,1/1/2026 0:26,1/3/2026 0:26,1364967.37
744,54,,4,4,144.53,1/10/2026 14:43,1/13/2026 14:43,578.12
745,49,,4,10,345.29,2/1/2026 20:32,2/5/2026 20:32,3452.9
746,239,,4,1,121.22,3/24/2026 7:07,3/27/2026 7:07,121.22
747,314,,5,9,199.65,3/16/2026 15:24,3/16/2026 17:24,1796.85
748,151,,5,2.97,32.18,4/2/2026 17:30,4/2/2026 18:30,95.57
749,61,,5,6,48.98,1/23/2026 20:00,1/23/2026 21:00,293.88
750,168,,4,4,3355.48,3/25/2026 15:23,3/27/2026 15:23,13421.92
751,302,,1,4,106.46,1/23/2026 2:03,1/23/2026 11:03,425.84
752,212,,3,3.01,91.75,1/9/2026 10:25,1/9/2026 10:52,276.17
753,266,,2,1,145.7,1/1/2026 11:49,1/1/2026 12:49,145.7
754,171,,4,3.19,177.71,1/8/2026 13:20,1/11/2026 13:20,566.89
755,226,,3,362.95,23.34,2/16/2026 17:08,2/16/2026 17:27,8471.25
756,16,,4,3,651.5,1/19/2026 9:34,1/21/2026 9:34,1954.5
757,232,,1,1,3047.2,3/24/2026 19:22,3/25/2026 4:22,3047.2
758,272,,4,10,52.03,1/20/2026 17:41,1/23/2026 17:41,520.3
759,54,,4,6,69.09,2/15/2026 21:47,2/19/2026 21:47,414.54
760,219,,5,6,138.69,3/9/2026 13:43,3/9/2026 18:43,832.14
761,165,,3,2,1646.21,2/13/2026 21:42,2/13/2026 22:02,3292.42
762,287,,4,4.04,73.02,12/23/2025 13:05,12/24/2025 13:05,295
763,323,,4,6,7354.99,3/5/2026 5:24,3/6/2026 5:24,44129.94
764,135,,5,2,96.09,1/27/2026 2:37,1/27/2026 7:37,192.18
765,79,,4,9,139.34,1/15/2026 14:36,1/18/2026 14:36,1254.06
766,182,,4,2,84.51,1/20/2026 18:36,1/24/2026 18:36,169.02
767,45,,1,7,23.12,1/9/2026 5:24,1/9/2026 22:24,161.84
768,258,,5,1,172.49,1/18/2026 3:47,1/18/2026 4:47,172.49
769,212,,1,4.11,125.38,3/19/2026 22:08,3/20/2026 13:08,515.31
770,63,,4,2,52.53,2/16/2026 8:18,2/18/2026 8:18,105.06
771,167,,5,1,84.36,3/14/2026 13:23,3/14/2026 15:23,84.36
772,331,,1,6,88.52,3/24/2026 18:17,3/25/2026 15:17,531.12
773,301,,1,7,403.42,1/14/2026 10:44,1/14/2026 23:44,2823.94
774,142,,5,3,213.26,1/2/2026 1:47,1/2/2026 4:47,639.78
775,239,,5,10,132.04,2/12/2026 20:48,2/12/2026 21:48,1320.4
776,234,,3,2,100,1/5/2026 20:13,1/5/2026 20:33,200
777,293,,2,3,10686.18,3/10/2026 2:47,3/11/2026 0:47,32058.54
778,20,,1,1,1144.91,2/1/2026 2:14,2/1/2026 17:14,1144.91
779,132,,5,4,756.36,1/6/2026 5:11,1/6/2026 10:11,3025.44
780,118,,5,3,111.4,3/1/2026 9:18,3/1/2026 10:18,334.2
781,251,,5,339.25,66.46,12/26/2025 7:53,12/26/2025 12:53,22546.55
782,111,,4,9,76.48,1/27/2026 12:37,1/29/2026 12:37,688.32
783,33,,1,10,109.64,2/5/2026 20:20,2/6/2026 14:20,1096.4
784,90,,1,1,178.17,2/13/2026 6:31,2/13/2026 12:31,178.17
785,196,,3,5,568.44,3/9/2026 17:11,3/9/2026 17:15,2842.2
786,61,,5,5,23.12,2/20/2026 2:02,2/20/2026 6:02,115.6
787,105,,5,6,105.64,12/20/2025 0:57,12/20/2025 3:57,633.84
788,175,,5,3.01,72.27,3/12/2026 13:08,3/12/2026 14:08,217.53
789,255,,1,5,68.54,2/23/2026 12:51,2/24/2026 10:51,342.7
790,304,,3,3.06,134.37,1/22/2026 17:05,1/22/2026 17:06,411.17
791,77,,1,7,84.1,2/24/2026 23:52,2/25/2026 6:52,588.7
792,39,,1,2,165.52,2/10/2026 20:23,2/11/2026 19:23,331.04
793,6,,4,2.31,147.23,1/5/2026 9:16,1/7/2026 9:16,340.1
794,3,,4,7,154.38,4/4/2026 19:38,4/6/2026 23:59,1080.66
795,281,,3,2.37,155.54,1/11/2026 0:38,1/11/2026 0:49,368.63
796,244,,1,10,322.9,1/13/2026 21:03,1/14/2026 4:03,3229
797,272,,4,9,152.19,2/9/2026 23:57,2/10/2026 23:57,1369.71
798,300,,3,2,192.93,12/28/2025 10:35,12/28/2025 10:59,385.86
799,323,,3,4.44,101.03,3/12/2026 17:39,3/12/2026 18:05,448.57
800,216,,3,2.5,177.71,3/17/2026 17:58,3/17/2026 18:11,444.28
801,154,,3,5,162.24,3/22/2026 5:36,3/22/2026 5:46,811.2
802,30,,4,6,68.54,3/14/2026 21:39,3/18/2026 21:39,411.24
803,205,,1,9,151.29,1/5/2026 5:38,1/5/2026 23:38,1361.61
804,142,,5,10,776.12,1/15/2026 4:50,1/15/2026 5:50,7761.2
805,270,,5,8,36.91,3/19/2026 18:43,3/19/2026 23:43,295.28
806,330,,4,9,152.37,3/13/2026 6:29,3/16/2026 6:29,1371.33
807,148,,2,5,129.57,3/5/2026 2:51,3/7/2026 0:51,647.85
808,264,,5,8,1744.36,2/24/2026 9:40,2/24/2026 12:40,13954.88
809,111,,3,1,203.69,1/14/2026 3:41,1/14/2026 4:05,203.69
810,119,,4,1.66,133.95,2/14/2026 1:41,2/18/2026 1:41,222.36
811,114,,4,2,57.37,3/1/2026 2:46,3/5/2026 2:46,114.74
812,90,,3,6,1773.51,3/11/2026 3:22,3/11/2026 3:38,10641.06
813,95,,1,9,52.43,3/21/2026 21:08,3/22/2026 16:08,471.87
814,180,,5,5,119.7,1/22/2026 17:20,1/22/2026 21:20,598.5
815,122,,1,4,28.78,3/4/2026 17:50,3/5/2026 12:50,115.12
816,330,,4,8,44.95,2/27/2026 13:49,3/3/2026 13:49,359.6
817,10,,1,5,205.35,1/1/2026 6:57,1/1/2026 16:57,1026.75
818,174,,2,3,69.12,3/24/2026 1:42,3/25/2026 8:42,207.36
819,233,,5,2.49,121.85,3/10/2026 6:55,3/10/2026 11:55,303.41
820,145,,3,1,106.51,3/16/2026 21:55,3/16/2026 22:06,106.51
821,260,,1,2,1666.67,2/6/2026 13:18,2/7/2026 9:18,3333.34
822,285,,1,2,117.9,2/8/2026 11:58,2/9/2026 3:58,235.8
823,245,,5,10,776.12,4/2/2026 10:37,4/2/2026 12:37,7761.2
824,264,,5,8,756.36,3/19/2026 17:38,3/19/2026 20:38,6050.88
825,218,,2,7,147.94,3/24/2026 1:33,3/25/2026 0:33,1035.58
826,55,,4,4,206.12,1/20/2026 8:07,1/23/2026 8:07,824.48
827,289,,1,1,57.37,2/15/2026 8:56,2/16/2026 4:56,57.37
828,7,,4,7,203.69,12/28/2025 7:57,1/1/2026 7:57,1425.83
829,30,,3,3,4054.21,2/22/2026 9:59,2/22/2026 10:16,12162.63
830,12,,5,8,132.99,3/6/2026 18:07,3/6/2026 22:07,1063.92
831,154,,3,3.6,49.71,2/4/2026 4:04,2/4/2026 4:20,178.96
832,114,,5,1,48.05,3/22/2026 3:02,3/22/2026 7:02,48.05
833,275,,4,6,195.88,1/27/2026 14:10,1/29/2026 14:10,1175.28
834,159,,3,8,156.67,2/3/2026 2:54,2/3/2026 3:14,1253.36
835,36,,4,6,26.74,3/19/2026 6:58,3/22/2026 6:58,160.44
836,152,,1,10,153.1,12/28/2025 9:33,12/29/2025 5:33,1531
837,153,,1,3,4756.86,2/15/2026 22:10,2/16/2026 17:10,14270.58
838,85,,1,3,61.69,1/17/2026 12:24,1/17/2026 20:24,185.07
839,44,,5,1,1698.5,3/7/2026 10:09,3/7/2026 11:09,1698.5
840,107,,4,2,90.07,2/18/2026 5:01,2/19/2026 5:01,180.14
841,197,,4,3,175.29,2/23/2026 9:55,2/25/2026 9:55,525.87
842,181,,4,6,153.01,1/3/2026 6:32,1/6/2026 6:32,918.06
843,41,,4,6,80.63,3/5/2026 19:59,3/6/2026 19:59,483.78
844,276,,4,3,209.73,12/22/2025 5:48,12/23/2025 5:48,629.19
845,123,,5,6,116.26,3/16/2026 23:13,3/17/2026 2:13,697.56
846,144,,4,9,98.62,12/28/2025 5:20,12/31/2025 5:20,887.58
847,303,,1,125.25,24.57,2/6/2026 0:04,2/6/2026 22:04,3077.39
848,211,,1,2.51,89.83,1/30/2026 1:19,1/30/2026 17:19,225.47
849,18,,1,87.85,2898.82,1/5/2026 8:05,1/6/2026 6:05,254661.34
850,65,,4,8,63.85,1/13/2026 9:47,1/14/2026 9:47,510.8
851,39,,3,1,157.9,1/10/2026 13:50,1/10/2026 13:59,157.9
852,272,,5,1,46.14,3/13/2026 13:10,3/13/2026 15:10,46.14
853,23,,4,205.76,99.84,2/28/2026 0:34,3/3/2026 0:34,20543.08
854,108,,1,1,89.42,1/2/2026 16:11,1/3/2026 14:11,89.42
855,279,,5,1,85.33,3/20/2026 6:35,3/20/2026 8:35,85.33
856,164,,4,1,786.55,3/19/2026 14:31,3/20/2026 14:31,786.55
857,88,,4,97.05,78.55,1/11/2026 1:29,1/15/2026 1:29,7623.28
858,279,,3,8,79.3,2/11/2026 19:48,2/11/2026 19:59,634.4
859,180,,4,388.37,66.46,1/3/2026 16:10,1/5/2026 16:10,25811.07
860,22,,5,3,26.37,1/14/2026 1:12,1/14/2026 6:12,79.11
861,199,,4,4,41.62,12/28/2025 10:06,12/31/2025 10:06,166.48
862,213,,5,2,99.05,3/4/2026 22:27,3/4/2026 23:27,198.1
863,282,,4,10,105.66,3/11/2026 12:41,3/15/2026 12:41,1056.6
864,138,,5,5,187.75,3/13/2026 10:16,3/13/2026 11:16,938.75
865,84,,1,1.06,106.64,2/14/2026 20:11,2/15/2026 10:11,113.04
866,289,,4,5,110.22,3/21/2026 14:46,3/25/2026 14:46,551.1
867,287,,4,5,322.9,3/19/2026 5:58,3/22/2026 5:58,1614.5
868,254,,1,4,162.24,1/23/2026 23:14,1/24/2026 22:14,648.96
869,115,,5,10,160.87,12/29/2025 1:52,12/29/2025 2:52,1608.7
870,179,,4,9,108.01,12/27/2025 10:30,12/30/2025 10:30,972.09
871,256,,1,147.77,137.21,3/22/2026 21:33,3/23/2026 13:33,20275.52
872,122,,4,4.49,32.18,2/3/2026 8:15,2/6/2026 8:15,144.49
873,97,,4,5,84.51,1/15/2026 3:30,1/18/2026 3:30,422.55
874,307,,1,5,42.54,3/18/2026 4:20,3/18/2026 21:20,212.7
875,19,,1,3,31.07,2/16/2026 14:53,2/17/2026 6:53,93.21
876,55,,3,4.72,470.68,1/5/2026 16:10,1/5/2026 16:16,2221.61
877,39,,4,9,124.94,3/30/2026 4:21,4/1/2026 4:21,1124.46
878,309,,3,3,142.47,1/24/2026 10:07,1/24/2026 10:12,427.41
879,186,,3,4,111.33,1/20/2026 5:59,1/20/2026 6:02,445.32
880,196,,4,1.9,35.14,3/23/2026 18:34,3/24/2026 18:34,66.77
881,37,,4,1,70.28,2/11/2026 7:09,2/14/2026 7:09,70.28
882,52,,4,6,92.85,3/30/2026 2:17,4/1/2026 2:17,557.1
883,258,,1,3.99,105.26,1/24/2026 0:35,1/24/2026 22:35,419.99
884,133,,4,5,345.29,2/3/2026 1:39,2/4/2026 1:39,1726.45
885,108,,4,4,209.73,3/20/2026 12:15,3/21/2026 12:15,838.92
886,109,,4,10,137.42,3/10/2026 10:08,3/13/2026 10:08,1374.2
887,214,,5,5,44.34,1/17/2026 7:46,1/17/2026 12:46,221.7
888,173,,3,4.8,27.72,1/23/2026 16:24,1/23/2026 16:46,133.06
889,54,,3,2.38,159.32,12/26/2025 17:21,12/26/2025 17:50,379.18
890,262,,4,1.88,34.58,2/28/2026 16:49,3/3/2026 16:49,65.01
891,25,,4,2,138.92,1/26/2026 14:41,1/27/2026 14:41,277.84
892,210,,4,10,110.22,1/22/2026 2:48,1/24/2026 2:48,1102.2
893,187,,3,2.99,105.26,12/23/2025 13:58,12/23/2025 14:12,314.73
894,174,,1,4,138.92,1/19/2026 14:22,1/19/2026 22:22,555.68
895,136,,1,2,120.85,3/2/2026 12:13,3/3/2026 6:13,241.7
896,88,,1,9,183.03,1/12/2026 10:40,1/12/2026 17:40,1647.27
897,102,,1,6,104.75,1/11/2026 10:52,1/12/2026 7:52,628.5
898,143,,5,5,75.16,1/20/2026 5:40,1/20/2026 8:40,375.8
899,199,,3,10,24.94,3/1/2026 6:04,3/1/2026 6:17,249.4
900,238,,1,8,52.43,1/25/2026 5:04,1/25/2026 12:04,419.44
901,328,,5,0.55,100.36,12/28/2025 15:17,12/28/2025 16:17,55.2
902,267,,1,1,109.24,2/22/2026 16:40,2/23/2026 9:40,109.24
903,247,,2,3.8,137.93,2/17/2026 18:02,2/18/2026 11:02,524.13
904,252,,1,6,213.74,3/14/2026 4:27,3/14/2026 17:27,1282.44
905,162,,5,175.84,22.25,2/1/2026 7:47,2/1/2026 9:47,3912.44
906,99,,1,2,103.16,12/25/2025 13:20,12/26/2025 5:20,206.32
907,240,,4,5,103.79,3/9/2026 13:46,3/12/2026 13:46,518.95
908,208,,5,9,96.82,2/22/2026 17:24,2/22/2026 18:24,871.38
909,255,,4,129.17,95.89,12/30/2025 11:45,1/2/2026 11:45,12386.11
910,1,,5,2,42.5,1/12/2026 8:23,1/12/2026 12:23,85
911,77,,1,1,146.05,12/31/2025 6:43,1/1/2026 2:43,146.05
912,100,,4,5,190.95,1/1/2026 2:37,1/4/2026 2:37,954.75
913,330,,4,62.85,5288.43,2/24/2026 5:41,2/25/2026 5:41,332377.83
914,127,,4,1,96.82,1/17/2026 8:23,1/19/2026 8:23,96.82
915,42,,5,2,153.01,4/2/2026 16:50,4/2/2026 21:50,306.02
916,73,,4,7,92.85,2/24/2026 2:14,2/28/2026 2:14,649.95
917,222,,5,1.57,35.14,2/8/2026 16:19,2/8/2026 18:19,55.17
918,216,,4,2,179.87,2/5/2026 15:04,2/6/2026 15:04,359.74
919,154,,4,7,186.14,1/15/2026 13:23,1/16/2026 13:23,1302.98
920,284,,4,5,129.94,3/26/2026 2:06,3/27/2026 2:06,649.7
921,59,,4,10,32.95,1/16/2026 1:55,1/19/2026 1:55,329.5
922,198,,1,7,188.02,3/29/2026 1:17,3/29/2026 20:17,1316.14
923,192,,4,1,38.32,2/13/2026 10:29,2/14/2026 10:29,38.32
924,175,,3,1.52,26.03,3/6/2026 13:16,3/6/2026 13:35,39.57
925,133,,1,10,121.2,3/11/2026 0:13,3/11/2026 9:13,1212
926,124,,1,7,116.27,1/25/2026 12:00,1/26/2026 11:00,813.89
927,67,,3,6,104.9,2/12/2026 7:01,2/12/2026 7:07,629.4
928,248,,1,9,188.02,1/10/2026 9:03,1/11/2026 6:03,1692.18
929,102,,5,2.25,148.41,3/4/2026 19:11,3/4/2026 21:11,333.92
930,153,,3,10,64.41,1/3/2026 1:39,1/3/2026 1:39,644.1
931,77,,3,8,81.57,1/12/2026 0:46,1/12/2026 1:13,652.56
932,219,,1,4,98.6,1/1/2026 13:21,1/1/2026 22:21,394.4
933,330,,3,406.47,2898.82,2/4/2026 10:06,2/4/2026 10:23,1178283.37
934,130,,1,3,75.87,1/25/2026 8:48,1/25/2026 15:48,227.61
935,135,,1,2,116.08,2/26/2026 13:34,2/27/2026 5:34,232.16
936,146,,3,2,128.96,1/21/2026 3:13,1/21/2026 3:39,257.92
937,122,,5,3.68,89.83,3/9/2026 15:23,3/9/2026 20:23,330.57
938,185,,4,9,104.09,1/15/2026 21:04,1/18/2026 21:04,936.81
939,13,,1,5,50.98,1/17/2026 0:28,1/17/2026 11:28,254.9
940,220,,1,397.72,81.87,2/5/2026 11:55,2/5/2026 18:55,32561.34
941,325,,4,4,84.23,1/2/2026 20:21,1/3/2026 20:21,336.92
942,212,,4,9,123.39,3/17/2026 14:23,3/21/2026 14:23,1110.51
943,279,,4,4,133.59,2/2/2026 18:07,2/5/2026 18:07,534.36
944,224,,3,4,120.56,3/26/2026 0:04,3/26/2026 0:05,482.24
945,130,,3,5,270.63,2/21/2026 1:16,2/21/2026 1:24,1353.15
946,189,,5,2,91.23,1/28/2026 19:01,1/28/2026 22:01,182.46
947,77,,3,181.75,24.57,3/14/2026 21:57,3/14/2026 22:25,4465.6
948,172,,4,1.54,84.52,1/14/2026 0:43,1/16/2026 0:43,130.16
949,157,,4,10,155.52,1/5/2026 20:53,1/7/2026 20:53,1555.2
950,11,,3,2,109.2,4/3/2026 17:22,4/3/2026 17:41,218.4
951,161,,1,220.34,31.28,1/28/2026 21:04,1/29/2026 15:04,6892.24
952,316,,1,5,76.48,1/3/2026 4:23,1/3/2026 14:23,382.4
953,285,,5,9,48.21,2/12/2026 1:09,2/12/2026 4:09,433.89
954,32,,4,7,147.79,1/14/2026 13:34,1/16/2026 13:34,1034.53
955,39,,5,5,158.98,3/26/2026 16:44,3/26/2026 19:44,794.9
956,331,,3,116.36,177.23,1/6/2026 5:01,1/6/2026 5:07,20622.48
957,176,,1,9,75.87,1/16/2026 0:03,1/16/2026 19:03,682.83
958,314,,3,3,45.37,3/22/2026 16:04,3/22/2026 16:05,136.11
959,117,,3,157.37,32.52,3/22/2026 1:04,3/22/2026 1:20,5117.67
960,152,,4,2.36,146.81,3/12/2026 13:53,3/15/2026 13:53,346.47
961,12,,1,3,175.96,1/19/2026 13:13,1/20/2026 5:13,527.88
962,270,,4,5,152.72,1/1/2026 15:39,1/3/2026 15:39,763.6
963,120,,3,1,88.9,3/23/2026 20:39,3/23/2026 21:00,88.9
964,91,,3,9,139.9,1/2/2026 23:20,1/2/2026 23:22,1259.1
965,20,,4,10,111.4,1/12/2026 23:17,1/16/2026 23:17,1114
966,216,,3,6,130.6,3/18/2026 4:02,3/18/2026 4:15,783.6
967,189,,4,10,98.9,2/7/2026 9:50,2/11/2026 9:50,989
968,101,,3,1.67,106.64,3/26/2026 7:33,3/26/2026 7:39,178.09
969,206,,4,3,43.79,12/23/2025 7:02,12/26/2025 7:02,131.37
970,229,,3,5,143.14,2/8/2026 7:27,2/8/2026 7:54,715.7
971,192,,4,3,213.26,2/15/2026 19:26,2/19/2026 19:26,639.78
972,182,,4,7,163.54,3/10/2026 13:55,3/13/2026 13:55,1144.78
973,263,,1,7,739.27,3/16/2026 0:34,3/16/2026 13:34,5174.89
974,65,,4,8,120.2,3/7/2026 19:14,3/10/2026 19:14,961.6
975,26,,4,5,35.24,1/5/2026 0:19,1/9/2026 0:19,176.2
976,285,,1,3.76,177.71,1/15/2026 1:31,1/15/2026 20:31,668.19
977,162,,4,8,98.9,12/26/2025 21:52,12/29/2025 21:52,791.2
978,290,,1,5,106.46,1/20/2026 18:28,1/21/2026 14:28,532.3
979,62,,3,5,125.56,2/3/2026 18:25,2/3/2026 18:42,627.8
980,149,,5,7,8145.31,2/21/2026 10:44,2/21/2026 13:44,57017.17
981,123,,3,10,109.64,2/13/2026 10:20,2/13/2026 10:33,1096.4
982,166,,4,1,188.88,3/7/2026 21:03,3/9/2026 21:03,188.88
983,218,,1,4.67,98.57,3/24/2026 6:57,3/25/2026 5:57,460.32
984,2,,3,3,106.46,12/22/2025 3:45,12/22/2025 3:45,319.38
985,222,,4,5,120.2,1/29/2026 16:17,2/1/2026 16:17,601
986,153,,3,10,151.29,2/26/2026 12:29,2/26/2026 12:31,1512.9
987,277,,1,5,118.85,2/17/2026 18:35,2/18/2026 1:35,594.25
988,198,,2,7,78.02,3/24/2026 6:04,3/25/2026 21:04,546.14
989,203,,5,7,193.72,3/28/2026 7:59,3/28/2026 8:59,1356.04
990,229,,1,1,186.14,2/26/2026 12:05,2/27/2026 4:05,186.14
991,214,,4,6,91.59,1/4/2026 12:30,1/8/2026 12:30,549.54
992,220,,1,5,568.44,1/16/2026 5:12,1/16/2026 21:12,2842.2
993,154,,4,4,160.71,1/28/2026 19:11,1/30/2026 19:11,642.84
994,27,,1,2.36,99.82,2/23/2026 18:12,2/24/2026 9:12,235.58
995,323,,4,5,143.87,3/24/2026 16:16,3/27/2026 16:16,719.35
996,301,,2,4,70.74,3/21/2026 17:49,3/21/2026 18:49,282.96
997,235,,4,4.57,26.03,3/24/2026 8:55,3/25/2026 8:55,118.96
998,83,,3,8,26.49,1/31/2026 13:41,1/31/2026 14:01,211.92
999,217,,1,391.38,47.21,1/5/2026 3:01,1/6/2026 2:01,18477.05
1000,224,,2,2,10686.18,3/7/2026 22:38,3/8/2026 17:38,21372.36
